https://avaz.ba/vijesti/crna-hronika/770955/nedaleko-od-kcus-a-pronadeno-tijelo-muskarca,csv/Historical-Report-NewsGradient-2022-09-02--2022-09-09.csv,63
https://sport.avaz.ba/kosarka/770948/dragic-objavio-fotografiju-i-pohvalio-se-sa-statistikom-dokovic-i-doncic-se-nasalili-u-komentarima,csv/Historical-Report-NewsGradient-2022-09-02--2022-09-09.csv,179
https://avaz.ba/globus/svijet/770945/tereza-mej-odala-pocast-kraljici-bila-nasa-konstanta-tokom-ove-velike-elizabetanske-ere,csv/Historical-Report-NewsGradient-2022-09-02--2022-09-09.csv,230
https://avaz.ba/showbiz/jet-set/770696/erdoanova-zena-sa-hidzabom-tamara-vucic-u-ferari-crvenom-izdanju,csv/Historical-Report-NewsGradient-2022-09-02--2022-09-09.csv,2376
https://sport.avaz.ba/nogomet/770679/uzivo-inter-bajern-0-1-sane-matirao-onanu-sta-se-desava-sa-liverpulom,csv/Historical-Report-NewsGradient-2022-09-02--2022-09-09.csv,2598
https://sport.avaz.ba/nogomet/770679/uzivo-inter-bajern-0-0-dzeko-predvodi-napad-nerazura,csv/Historical-Report-NewsGradient-2022-09-02--2022-09-09.csv,2714
https://sport.avaz.ba/kosarka/770590/uzivo-bih-litvanija-42-59-pocinje-drugo-poluvrijeme-sretno-zmajevi,csv/Historical-Report-NewsGradient-2022-09-02--2022-09-09.csv,3515
https://sport.avaz.ba/kosarka/770590/uzivo-bih-litvanija-42-56-poluvrijeme-u-kelnu-zmajevi-u-zaostatku,csv/Historical-Report-NewsGradient-2022-09-02--2022-09-09.csv,3556
https://sport.avaz.ba/kosarka/770590/uzivo-bih-litvanija-28-28-velika-borba-u-kelnu-nurkic-pogodio-trojku-za-izjednacenje,csv/Historical-Report-NewsGradient-2022-09-02--2022-09-09.csv,3629
https://sport.avaz.ba/kosarka/770590/uzivo-bih-litvanija-pocela-je-utakmica-sretno-zmajevi,csv/Historical-Report-NewsGradient-2022-09-02--2022-09-09.csv,3676
https://avaz.ba/showbiz/jet-set/770559/voyage-nakon-ubistva-dindica-sam-bjezao-s-porodicom-od-mafijasa,csv/Historical-Report-NewsGradient-2022-09-02--2022-09-09.csv,3899
https://avaz.ba/vijesti/bih/770486/haljevac-roditelji-prvacica-su-ponovo-izigrani,csv/Historical-Report-NewsGradient-2022-09-02--2022-09-09.csv,4120
https://avaz.ba/vijesti/bih/770522/kakva-je-bila-uloga-brdanina-u-ratu-pomagao-i-podrzavao-stravicna-mucenja,csv/Historical-Report-NewsGradient-2022-09-02--2022-09-09.csv,4208
https://avaz.ba/vijesti/crna-hronika/770479/prve-fotografije-s-mjesta-nesrece-povrijedena-zena-i-dijete-koji-su-ispali-iz-tramvaja,csv/Historical-Report-NewsGradient-2022-09-02--2022-09-09.csv,4456
https://sport.avaz.ba/kosarka/770337/uzivo-bih-francuska-63-64-zmajevi-odlicni-u-nastavku-dvije-vezane-trojke-nurkica,csv/Historical-Report-NewsGradient-2022-09-02--2022-09-09.csv,5746
https://sport.avaz.ba/kosarka/770337/uzivo-bih-francuska-50-52-zmajevi-odlicni-u-nastavku-ocekuje-nas-neizvjesna-posljednja-cetvrtina,csv/Historical-Report-NewsGradient-2022-09-02--2022-09-09.csv,5773
https://sport.avaz.ba/kosarka/770337/uzivo-bih-francuska-46-52-zmajevi-su-se-razbudili-mini-serija-naseg-tima,csv/Historical-Report-NewsGradient-2022-09-02--2022-09-09.csv,5799
https://sport.avaz.ba/kosarka/770337/uzivo-bih-francuska-34-44-kraj-prvog-poluvremena-zmajevi-na-minus-10,csv/Historical-Report-NewsGradient-2022-09-02--2022-09-09.csv,5870
https://sport.avaz.ba/kosarka/770337/uzivo-bih-francuska-31-35-odlicna-utakmica-u-kelnu-nerijeseno-nakon-prve-cetvrtine,csv/Historical-Report-NewsGradient-2022-09-02--2022-09-09.csv,5902
https://sport.avaz.ba/kosarka/770337/uzivo-bih-francuska-19-19-odlicna-utakmica-u-kelnu-nerijeseno-nakon-prve-cetvrtine,csv/Historical-Report-NewsGradient-2022-09-02--2022-09-09.csv,5935
https://sport.avaz.ba/kosarka/770337/uzivo-bih-francuska-13-9-odlicno-smo-otvorili-susret-vodimo-protiv-francuza,csv/Historical-Report-NewsGradient-2022-09-02--2022-09-09.csv,5969
https://sport.avaz.ba/kosarka/770337/uzivo-bih-francuska-pocela-je-utakmica-sretno-zmajevi,csv/Historical-Report-NewsGradient-2022-09-02--2022-09-09.csv,5990
https://avaz.ba/vijesti/bih/770318/redzep-tajip-erdoan-ispred-predsjednistva-bih-docekan-uz-najvise-drzavne-pocasti,csv/Historical-Report-NewsGradient-2022-09-02--2022-09-09.csv,6215
https://avaz.ba/vijesti/crna-hronika/770291/sokantno-adisu-ahmic-iz-zeljeznog-polja-tukli-svekar-svekrva-i-djever-a-muz-nije-mario,csv/Historical-Report-NewsGradient-2022-09-02--2022-09-09.csv,6422
https://sport.avaz.ba/nogomet/770160/odluka-je-na-njemu-miralem-pjanic-dobio-ponudu-da-li-ce-napustiti-barcelonu,csv/Historical-Report-NewsGradient-2022-09-02--2022-09-09.csv,7801
https://avaz.ba/vijesti/crna-hronika/770079/tuzilastvo-bih-hapsenja-u-prijedoru-povezana-s-ubistvom-radenka-basica,csv/Historical-Report-NewsGradient-2022-09-02--2022-09-09.csv,8466
https://avaz.ba/vijesti/bih/770049/kroz-medunarodni-aerodrom-sarajevo-prosao-milioniti-putnik,csv/Historical-Report-NewsGradient-2022-09-02--2022-09-09.csv,8719
https://sport.avaz.ba/kosarka/770025/kosarkaski-savez-bih-i-dalje-ocekujemo-uplatu-sredstava-obecanih-od-vijeca-ministaraSAOP%C4%86ENJE,csv/Historical-Report-NewsGradient-2022-09-02--2022-09-09.csv,8899
https://sport.avaz.ba/kosarka/769957/video-nasi-kosarkasi-zajedno-sa-halidom-beslicem-zapjevali-veliki-hit,csv/Historical-Report-NewsGradient-2022-09-02--2022-09-09.csv,9397
https://sport.avaz.ba/kosarka/769913/uzivo-slovenija-bih-89-93-velika-drama-u-kelnu-zmajevi-se-odlicno-bore-sa-slovencima,csv/Historical-Report-NewsGradient-2022-09-02--2022-09-09.csv,9780
https://sport.avaz.ba/kosarka/769913/uzivo-slovenija-bih-79-83-sjajno-otvaranje-posljednje-dionice-gegic-predvodi-zmajeve,csv/Historical-Report-NewsGradient-2022-09-02--2022-09-09.csv,9806
https://sport.avaz.ba/kosarka/769913/uzivo-slovenija-bih-73-72-velika-borba-u-kelnu-zmajevi-na-minus-1,csv/Historical-Report-NewsGradient-2022-09-02--2022-09-09.csv,9838
https://sport.avaz.ba/kosarka/769913/uzivo-slovenija-bih-52-49-pocinje-treca-cetvrtina-sretno-zmajevi,csv/Historical-Report-NewsGradient-2022-09-02--2022-09-09.csv,9882
https://sport.avaz.ba/kosarka/769913/uzivo-slovenija-bih-52-49-gledamo-odlicnu-utakmicu-zmajevi-se-odlicno-nose-sa-slovencima,csv/Historical-Report-NewsGradient-2022-09-02--2022-09-09.csv,9908
https://sport.avaz.ba/kosarka/769913/uzivo-slovenija-bih-40-41-sjajna-serija-zmajeva-vodimo-protiv-slovenije,csv/Historical-Report-NewsGradient-2022-09-02--2022-09-09.csv,9935
https://sport.avaz.ba/kosarka/769913/uzivo-slovenija-bih-40-32-slovenija-ponovo-ide-na-8,csv/Historical-Report-NewsGradient-2022-09-02--2022-09-09.csv,9940
https://sport.avaz.ba/kosarka/769913/uzivo-slovenija-bih-32-32-roberson-zasuo-mrezu-slovenaca-dvije-trice-na-pocetku-druge-cetvrtine,csv/Historical-Report-NewsGradient-2022-09-02--2022-09-09.csv,9954
https://sport.avaz.ba/kosarka/769913/uzivo-slovenija-bih-30-24-slovenci-se-odvojili-brzom-serijom,csv/Historical-Report-NewsGradient-2022-09-02--2022-09-09.csv,9969
https://sport.avaz.ba/kosarka/769913/uzivo-slovenija-bih-14-14-dobro-otvaranje-naseg-tima,csv/Historical-Report-NewsGradient-2022-09-02--2022-09-09.csv,9991
https://sport.avaz.ba/kosarka/769913/uzivo-slovenija-bih-0-3-trojka-atica-na-otvaranju-utakmice,csv/Historical-Report-NewsGradient-2022-09-02--2022-09-09.csv,9999
https://avaz.ba/vijesti/bih/769912/danijel-vesic-otac-bebe-povrijedene-u-bolnici-foca-za-avaz-cestitali-su-mi-na-rodenju-kcerke-ali-su-presutali-pad,csv/Historical-Report-NewsGradient-2022-09-02--2022-09-09.csv,10003
https://sport.avaz.ba/kosarka/769913/uzivo-slovenija-bih-pocinje-utakmica-sretno-zmajevi,csv/Historical-Report-NewsGradient-2022-09-02--2022-09-09.csv,10007
https://avaz.ba/vijesti/bih/771524/devic-sda-ce-imati-nulti-stepen-u-borbi-protiv-korupcije,csv/Historical-Report-NewsGradient-2022-09-09--2022-09-12.csv,808
https://avaz.ba/vijesti/crna-hronika/771454/povrijedeni-u-teskoj-zeljeznickoj-nesreci-u-hrvatskoj-bilo-je-strasno-kao-da-je-udario-tenk-u-voz,csv/Historical-Report-NewsGradient-2022-09-09--2022-09-12.csv,1883
https://avaz.ba/globus/svijet/771257/uzivo-carls-charles-iii-sluzbeno-postao-kralj-velike-britanije,csv/Historical-Report-NewsGradient-2022-09-09--2022-09-12.csv,3339
https://avaz.ba/showbiz/jet-set/771234/najveci-fotosop-blamovi-na-estradi-karleusa-krivi-police-bubamara-pegla-lice-u-aplikaciji,csv/Historical-Report-NewsGradient-2022-09-09--2022-09-12.csv,3340
https://avaz.ba/vijesti/bih/771245/crveni-kriz-federacije-bih-obiljezava-svjetski-dan-prve-pomoci-pokazna-vjezba-u-blazujuOSNOVNA,csv/Historical-Report-NewsGradient-2022-09-09--2022-09-12.csv,3459
https://avaz.ba/vijesti/crna-hronika/771197/sudar-na-magistralnom-putu-bijeljina-tuzla-golf-zavrsio-u-kanaluMJESTO,csv/Historical-Report-NewsGradient-2022-09-09--2022-09-12.csv,3850
https://sport.avaz.ba/nogomet/771180/ervin-zukanovic-za-avaz-ocekujem-da-ce-svi-reprezentativci-bojkotovati-utakmicu-u-rusijiOGOR%C4%8CEN,csv/Historical-Report-NewsGradient-2022-09-09--2022-09-12.csv,4215
https://avaz.ba/vijesti/bih/771169/karic-pozvala-ns-bih-da-odbije-utakmicu-sa-rusijom-grad-ce-prekinuti-saradnju-sa-savezom,csv/Historical-Report-NewsGradient-2022-09-09--2022-09-12.csv,4375
https://avaz.ba/vijesti/bih/771162/niksic-pozivam-reprezentativce-bih-da-se-na-odazovu-na-poziv-za-utakmicu-sa-rusijomPREDSJEDNIK,csv/Historical-Report-NewsGradient-2022-09-09--2022-09-12.csv,4442
https://avaz.ba/globus/svijet/771007/uzivo-kralj-carls-stigao-u-london-poznato-kad-ce-se-obratiti-naciji,csv/Historical-Report-NewsGradient-2022-09-09--2022-09-12.csv,4994
https://avaz.ba/globus/svijet/771007/uzivo-objavljena-prva-fotografija-kralja-carlsa-nakon-smrti-elizabete-ii,csv/Historical-Report-NewsGradient-2022-09-09--2022-09-12.csv,5223
https://avaz.ba/globus/svijet/771007/uzivo-slijedi-17-dana-zalosti-za-elizabetom-ii,csv/Historical-Report-NewsGradient-2022-09-09--2022-09-12.csv,5429
https://avaz.ba/globus/svijet/771007/uzivo-elizabeta-se-sastajala-sa-putinom-causeskuom-i-titom,csv/Historical-Report-NewsGradient-2022-09-09--2022-09-12.csv,5542
https://avaz.ba/globus/svijet/770999/britanci-tuguju-otkazane-nogometne-utakmice-utrke-konja-dodjele-nagrada-festivali,csv/Historical-Report-NewsGradient-2022-09-09--2022-09-12.csv,5560
https://avaz.ba/vijesti/crna-hronika/771731/mercedesom-udarila-pjesaka-on-na-licu-mjesta-poginuo,csv/Historical-Report-NewsGradient-2022-09-12--2022-09-13.csv,1419
https://avaz.ba/vijesti/bih/771699/vjezba-oruzanih-snaga-bih-odrzat-ce-se-sutra-nato-ocjenjuje-bataljonske-grupe,csv/Historical-Report-NewsGradient-2022-09-12--2022-09-13.csv,1601
https://avaz.ba/globus/svijet/771616/zelenski-poslao-poruku-rusiji-mislite-da-nas-plasite,csv/Historical-Report-NewsGradient-2022-09-12--2022-09-13.csv,2214
https://avaz.ba/globus/svijet/772005/ukrajinska-vojska-nanosi-velike-gubitke-rusima-tjera-ih-sa-svog-teritorija,csv/Historical-Report-NewsGradient-2022-09-13--2022-09-14.csv,1209
https://avaz.ba/showbiz/jet-set/771922/milijarder-kojem-je-rodila-blizance-je-sutnuo-nakon-ubistva-djecu-ne-vida-vilu-je-zamijenila-kolibom-i-ves-pere-u-rijeci,csv/Historical-Report-NewsGradient-2022-09-13--2022-09-14.csv,1798
https://avaz.ba/promo/771913/ambasada-sad-ce-odrzati-javnu-internet-prodaju-koristene-imovine-u-utorak-13-septembra-2022-sa-pocetkom-u-10-00,csv/Historical-Report-NewsGradient-2022-09-13--2022-09-14.csv,1879
https://avaz.ba/showbiz/jet-set/771891/srceparajuci-status-kristine-kovac-nakon-smrti-oca,csv/Historical-Report-NewsGradient-2022-09-13--2022-09-14.csv,2038
https://avaz.ba/showbiz/jet-set/771889/napisao-je-neke-od-najvecih-hitova-zdravka-colica-preminuo-kornelije-kovac,csv/Historical-Report-NewsGradient-2022-09-13--2022-09-14.csv,2097
https://sport.avaz.ba/nogomet/771884/-odusevio-navijace-sefilda-nakon-sjajnih-partija-stiglo-i-laskavo-priznanje,csv/Historical-Report-NewsGradient-2022-09-13--2022-09-14.csv,2130
https://avaz.ba/vijesti/bih/772258/propao-dodikov-pokusaj-narodna-skupstina-rs-dala-agreman-ambasadoru-njemacke,csv/Historical-Report-NewsGradient-2022-09-14--2022-09-15.csv,1071
https://avaz.ba/showbiz/jet-set/772186/aleksandra-prijovic-otkrila-tajnu-vitke-linijePOPULARNA,csv/Historical-Report-NewsGradient-2022-09-14--2022-09-15.csv,1707
https://sport.avaz.ba/nogomet/772167/ibrahimovic-otkrio-kada-ce-se-penzionisati-trenutno-ne-vidim-takvog-igraca,csv/Historical-Report-NewsGradient-2022-09-14--2022-09-15.csv,1839
https://avaz.ba/vijesti/bih/772617/spot-nesica-djecak-u-teleskopu-ugledao-srbiju-daleko-je-mlijecni-put-treci-put-treba-da-biramo,csv/Historical-Report-NewsGradient-2022-09-15--2022-09-16.csv,70
https://avaz.ba/vijesti/crna-hronika/772537/talacka-kriza-drzi-noz-pod-grlom-automehanicara-ceka-se-dolazak-policijskog-pregovaraca,csv/Historical-Report-NewsGradient-2022-09-15--2022-09-16.csv,888
https://avaz.ba/showbiz/jet-set/772516/ovako-izgleda-maya-berovic-sedam-mjeseci-poslije-porodaja,csv/Historical-Report-NewsGradient-2022-09-15--2022-09-16.csv,945
https://avaz.ba/showbiz/jet-set/772522/merilin-monro-godinama-krila-da-ima-rodenu-sestru-govorila-da-je-siroce-a-s-razlogom-je-skrivala-istinu,csv/Historical-Report-NewsGradient-2022-09-15--2022-09-16.csv,971
https://avaz.ba/vijesti/bih/772525/zijad-padalovic-iz-konjica-osuden-na-sedam-i-po-godina-zatvora,csv/Historical-Report-NewsGradient-2022-09-15--2022-09-16.csv,979
https://avaz.ba/vijesti/bih/772517/milanovic-insistirat-cemo-da-hrvatska-salje-svoje-vojnike-u-okviru-operacije-althea-u-bih,csv/Historical-Report-NewsGradient-2022-09-15--2022-09-16.csv,983
https://sport.avaz.ba/tenis/772511/penzionisao-se-rodzer-federer,csv/Historical-Report-NewsGradient-2022-09-15--2022-09-16.csv,1055
https://avaz.ba/vijesti/bih/772503/vlado-dajic-docekao-voditeljicu-jovanu-jeremic-dosla-na-pregled-glasnih-zica,csv/Historical-Report-NewsGradient-2022-09-15--2022-09-16.csv,1069
https://avaz.ba/vijesti/bih/772498/na-podrucju-zvornika-i-bratunca-sprijeceno-krijumcarenje-17-osoba-afroazijskog-porijekla,csv/Historical-Report-NewsGradient-2022-09-15--2022-09-16.csv,1127
https://avaz.ba/showbiz/jet-set/772479/silikonske-grudi-u-prvom-planu-sindi-provocira-snimkom-iz-bazena,csv/Historical-Report-NewsGradient-2022-09-15--2022-09-16.csv,1227
https://avaz.ba/showbiz/jet-set/772486/graciozni-ples-boze-vrece-na-stiklama,csv/Historical-Report-NewsGradient-2022-09-15--2022-09-16.csv,1251
https://avaz.ba/vijesti/bih/772474/pocetak-velike-pobjede-sbb-a-i-naroda-novaliceva-vlada-napravila-prvi-korak,csv/Historical-Report-NewsGradient-2022-09-15--2022-09-16.csv,1349
https://sport.avaz.ba/nogomet/772465/haland-odgovorio-kako-je-postigao-najljepsi-gol-kola-imam-veoma-duge-noge,csv/Historical-Report-NewsGradient-2022-09-15--2022-09-16.csv,1402
https://avaz.ba/showbiz/jet-set/772457/dalila-na-carev-rodendan-objavila-prvu-fotografiju-s-novim-deckom,csv/Historical-Report-NewsGradient-2022-09-15--2022-09-16.csv,1437
https://avaz.ba/showbiz/jet-set/772453/kcerka-aleksandra-ima-molbu-za-sve-evo-kada-ce-biti-sahrana-legendarnog-kornelija-kovaca,csv/Historical-Report-NewsGradient-2022-09-15--2022-09-16.csv,1488
https://avaz.ba/showbiz/jet-set/772449/majcina-nasljednica-po-tekstu-kcerke-jasmile-zbanic-radi-se-predstava,csv/Historical-Report-NewsGradient-2022-09-15--2022-09-16.csv,1515
https://avaz.ba/vijesti/bih/772452/ambasada-sad-ono-sto-kazemo-u-cetiri-oka-je-isto-sto-kazemo-i-javno-dodikova-galama-ne-moze-promijeniti-fundamentalnu-cinjenicu-da-rs-nije-drzava,csv/Historical-Report-NewsGradient-2022-09-15--2022-09-16.csv,1585
https://avaz.ba/showbiz/jet-set/772439/pogledajte-kako-je-tanja-sojic-izgledala-prije-19-godina-na-slici-je-sa-ljubavlju-svog-zivota-zanom-maroltom,csv/Historical-Report-NewsGradient-2022-09-15--2022-09-16.csv,1661
https://avaz.ba/vijesti/crna-hronika/772444/opet-zeljeznicka-nesreca-u-hrvatskoj-dvoje-male-djece-i-djevojka-poginuli-kada-je-na-njih-naletio-voz,csv/Historical-Report-NewsGradient-2022-09-15--2022-09-16.csv,1669
https://avaz.ba/vijesti/crna-hronika/772442/fotografija-nesrece-iz-sopota-ledi-krv-u-zilama-mladicu-se-bore-za-zivot,csv/Historical-Report-NewsGradient-2022-09-15--2022-09-16.csv,1695
https://avaz.ba/vijesti/bih/772437/delilovac-podno-vlasica-medvjed-napao-pastira-jozu-lovrinovica,csv/Historical-Report-NewsGradient-2022-09-15--2022-09-16.csv,1731
https://avaz.ba/vijesti/bih/772419/pomozimo-namiru-mekicu-iz-busovace-da-pobijedi-tumor,csv/Historical-Report-NewsGradient-2022-09-15--2022-09-16.csv,1798
https://avaz.ba/vijesti/bih/772418/cik-bih-poostrena-pravila-za-glasanje-slijepih-slabovidnih-i-nepismenih-osoba,csv/Historical-Report-NewsGradient-2022-09-15--2022-09-16.csv,1848
https://avaz.ba/showbiz/jet-set/772412/objavljen-jelovnik-kojim-je-sandra-afrika-istopila-suvisne-kilograme,csv/Historical-Report-NewsGradient-2022-09-15--2022-09-16.csv,1863
https://avaz.ba/showbiz/jet-set/772408/emir-hadzihafizbegovic-u-dubrovniku-s-hrvatskim-novinarima-kakvi-sjajni-ljudi-oko-mene,csv/Historical-Report-NewsGradient-2022-09-15--2022-09-16.csv,1874
https://avaz.ba/showbiz/jet-set/772406/aleksandra-prijovic-nisam-uzela-baksis-od-dokovica,csv/Historical-Report-NewsGradient-2022-09-15--2022-09-16.csv,1919
https://avaz.ba/globus/svijet/772396/u-njemackoj-uvedena-obaveza-biljezenja-radnih-sati,csv/Historical-Report-NewsGradient-2022-09-15--2022-09-16.csv,1938
https://avaz.ba/vijesti/bih/772252/ko-ce-iz-bih-na-sahranu-elizabete-ii,csv/Historical-Report-NewsGradient-2022-09-15--2022-09-16.csv,1982
https://sport.avaz.ba/nogomet/772390/modric-ispisuje-historiju-ispred-njega-je-samo-ferenc-puskas,csv/Historical-Report-NewsGradient-2022-09-15--2022-09-16.csv,2007
https://avaz.ba/globus/svijet/772395/video-kraljevski-strazar-se-srusio-kod-kovcega-kraljice-elizabete-ii,csv/Historical-Report-NewsGradient-2022-09-15--2022-09-16.csv,2041
https://avaz.ba/vijesti/crna-hronika/772297/u-sudu-bih-nastavak-sudenja-u-slucaju-dzenan-memic,csv/Historical-Report-NewsGradient-2022-09-15--2022-09-16.csv,2082
https://avaz.ba/globus/svijet/772389/twitter-bruji-o-naklonu-megan-markl-kraljicinom-kovcegu,csv/Historical-Report-NewsGradient-2022-09-15--2022-09-16.csv,2122
https://avaz.ba/globus/svijet/772384/direktor-svjetske-zdravstvene-organizacije-nazire-se-kraj-pandemiji-koronavirusa,csv/Historical-Report-NewsGradient-2022-09-15--2022-09-16.csv,2134
https://avaz.ba/vijesti/bih/772382/zovko-o-milanovicevom-boravku-hrvatska-se-ne-treba-vezati-ni-za-koju-osobu-u-bih,csv/Historical-Report-NewsGradient-2022-09-15--2022-09-16.csv,2169
https://sport.avaz.ba/auto-moto/772380/opel-ozivljava-i-ponovno-predstavlja-gse-oznaku-evo-kakav-je-model,csv/Historical-Report-NewsGradient-2022-09-15--2022-09-16.csv,2190
https://sport.avaz.ba/kosarka/772383/doncic-izdao-sam-sloveniju-odigrao-sam-katastrofalnu-partiju,csv/Historical-Report-NewsGradient-2022-09-15--2022-09-16.csv,2203
https://avaz.ba/vijesti/bih/772381/vucic-danas-u-posjeti-bih-prisustvovat-ce-otvaranju-radova-na-autoputu,csv/Historical-Report-NewsGradient-2022-09-15--2022-09-16.csv,2217
https://avaz.ba/kantoni/sarajevo/772379/vecina-sarajevskih-ulica-danas-bez-vode-zbog-radova,csv/Historical-Report-NewsGradient-2022-09-15--2022-09-16.csv,2233
https://avaz.ba/showbiz/jet-set/772376/nismo-je-vidali-ovakvu-cesto-goca-trzan-je-bomba-u-kupacem,csv/Historical-Report-NewsGradient-2022-09-15--2022-09-16.csv,2245
https://avaz.ba/vijesti/bih/772736/rusija-trazila-oslobadanje-osudenog-ratnog-zlocinca-mladica-turkovic-jesu-li-brutalno-ubijeni-u-srebrenici-imali-pravo-na-milost,csv/Historical-Report-NewsGradient-2022-09-16--2022-09-17.csv,1297
https://avaz.ba/vijesti/bih/772692/bosanci-denis-begic-i-dzenan-cisija-u-bih-je-vaznije-jesi-li-bosnjak-srbin-ili-hrvat-nego-sta-djeca-jedu,csv/Historical-Report-NewsGradient-2022-09-16--2022-09-17.csv,1320
https://avaz.ba/vijesti/crna-hronika/772655/nesreca-na-bh-cesti-jedna-osoba-povrijedena-u-slijetanju-vozila-golf-zavrsio-na-krovu,csv/Historical-Report-NewsGradient-2022-09-16--2022-09-17.csv,2002
https://avaz.ba/vijesti/crna-hronika/772645/saobracajna-nesreca-na-autoputu-a1-povrijedena-jedna-osoba-saobracaj-potpuno-obustavljen,csv/Historical-Report-NewsGradient-2022-09-16--2022-09-17.csv,2073
https://avaz.ba/globus/svijet/772626/zelenski-se-oglasio-povodom-masovne-grobnice-u-izjumu-rusija-posvuda-ostavlja-smrt-mora-odgovarati,csv/Historical-Report-NewsGradient-2022-09-16--2022-09-17.csv,2289
https://avaz.ba/vijesti/bih/773015/video-pogledajte-gromoglasni-aplauz-na-govor-radoncica-u-visokom-vratiti-narodu-pare,csv/Historical-Report-NewsGradient-2022-09-17--2022-09-18.csv,708
https://avaz.ba/vijesti/bih/772866/za-vikend-obilna-kisa-i-snijeg-u-dijelovima-zemlje-moguce-i-poplave,csv/Historical-Report-NewsGradient-2022-09-17--2022-09-18.csv,1791
https://sport.avaz.ba/kosarka/773194/uzivo-spanija-francuska-47-37-pijetlovi-zivnuli-u-posljednjim-minutama-prvog-poluvremena,csv/Historical-Report-NewsGradient-2022-09-18--2022-09-19.csv,264
https://sport.avaz.ba/kosarka/773194/uzivo-spanija-francuska-0-0-pocelo-finale-evropskog-prvenstva,csv/Historical-Report-NewsGradient-2022-09-18--2022-09-19.csv,366
https://sport.avaz.ba/nogomet/773400/selektor-petev-poslao-i-drugi-naknadni-poziv-zeljeznicar-otkrio-kome,csv/Historical-Report-NewsGradient-2022-09-19--2022-09-20.csv,931
https://avaz.ba/globus/svijet/773292/uzivo-london-se-oprostio-od-kraljice-elizabete-kovceg-na-putu-za-vindsor,csv/Historical-Report-NewsGradient-2022-09-19--2022-09-20.csv,1149
https://avaz.ba/globus/svijet/773292/uzivo-zavrsena-drzavna-sahrana-kraljice-elizabete,csv/Historical-Report-NewsGradient-2022-09-19--2022-09-20.csv,1461
https://avaz.ba/globus/svijet/773292/uzivo-pocela-drzavna-sahrana-kraljice-elizabete-liz-tras-cita-odlomak-iz-biblije,csv/Historical-Report-NewsGradient-2022-09-19--2022-09-20.csv,1609
https://avaz.ba/vijesti/bih/773299/pocela-vjezba-na-manjaci-najveca-formacija-oruzanih-snaga-u-bih-ulazi-u-nato-misiju,csv/Historical-Report-NewsGradient-2022-09-19--2022-09-20.csv,1651
https://avaz.ba/showbiz/jet-set/773289/balada-aide-begic-ovogodisnji-bosanskohercegovacki-kandidat-za-nagradu-oskar-americke-filmske-akademije,csv/Historical-Report-NewsGradient-2022-09-19--2022-09-20.csv,1820
https://avaz.ba/vijesti/bih/773286/prosli-sigurnosne-provjere-mup-ks-dobiva-novih-197-policajaca,csv/Historical-Report-NewsGradient-2022-09-19--2022-09-20.csv,1823
https://avaz.ba/vijesti/crna-hronika/773610/video-pozar-buknuo-u-kuci-u-tuzli-intervenirali-vatrogasci,csv/Historical-Report-NewsGradient-2022-09-20--2022-09-21.csv,968
https://avaz.ba/showbiz/jet-set/773528/kcerka-dragane-mirkovic-pokazala-bujni-dekolte-na-oktobarfestu,csv/Historical-Report-NewsGradient-2022-09-20--2022-09-21.csv,1657
https://avaz.ba/showbiz/jet-set/773515/jelena-karleusa-bez-sminke-i-u-donjem-vesu-pred-ocima-dva-i-po-miliona-ljudi,csv/Historical-Report-NewsGradient-2022-09-20--2022-09-21.csv,1730
https://avaz.ba/globus/svijet/773944/zelenski-u-un-u-cijeli-svijet-zeli-mir-a-vidjeli-smo-ko-jedini-zeli-rat,csv/Historical-Report-NewsGradient-2022-09-21--2022-09-22.csv,54
https://avaz.ba/vijesti/bih/773853/bakir-izetbegovic-odbio-suceljavanje-na-pressingu,csv/Historical-Report-NewsGradient-2022-09-21--2022-09-22.csv,1132
https://avaz.ba/vijesti/crna-hronika/773850/predlozen-pritvor-za-fahrudina-gacanovica-osumnjicenog-za-korupciju,csv/Historical-Report-NewsGradient-2022-09-21--2022-09-22.csv,1144
https://avaz.ba/vijesti/bih/773741/smit-kazne-za-izborne-kradljivce,csv/Historical-Report-NewsGradient-2022-09-21--2022-09-22.csv,1396
https://avaz.ba/vijesti/bih/773802/brat-rahmetli-izeta-nanica-elmedini-muftic-njegovi-sinovi-su-napustili-bih-zbog-onih-koji-kazu-mi-smo-djeca-sda,csv/Historical-Report-NewsGradient-2022-09-21--2022-09-22.csv,1645
https://avaz.ba/vijesti/bih/774119/menadzment-mo-bih-razgovarao-s-novoimenovanim-operativnim-zapovjednikom-eufor-a-u-bihJUBERT,csv/Historical-Report-NewsGradient-2022-09-22--2022-09-23.csv,904
https://avaz.ba/globus/svijet/774112/princ-hari-i-megan-markl-bez-sporazuma-kralja-carlsa-otisli-u-los-andelesPOTVDILA,csv/Historical-Report-NewsGradient-2022-09-22--2022-09-23.csv,1013
https://avaz.ba/vijesti/bih/774102/ustavni-sud-bih-stavio-van-snage-zakon-o-nepokretnoj-imovini-rs,csv/Historical-Report-NewsGradient-2022-09-22--2022-09-23.csv,1140
https://sport.avaz.ba/nogomet/774419/uzivo-bih-crna-gora-1-0-bez-sansi-u-nastavku-pjanic-se-zali-na-povredu,csv/Historical-Report-NewsGradient-2022-09-23--2022-09-24.csv,245
https://sport.avaz.ba/nogomet/774419/uzivo-bih-crna-gora-1-0-sada-nema-ofsajda-demirovic-pogada-za-vodstvo-zmajeva,csv/Historical-Report-NewsGradient-2022-09-23--2022-09-24.csv,313
https://sport.avaz.ba/nogomet/774419/uzivo-bih-crna-gora-1-0-zmajevi-vode-demirovic-strijelac,csv/Historical-Report-NewsGradient-2022-09-23--2022-09-24.csv,348
https://sport.avaz.ba/nogomet/774419/uzivo-bih-crna-gora-serija-napada-zmajeva-ceka-se-prava-prilika,csv/Historical-Report-NewsGradient-2022-09-23--2022-09-24.csv,359
https://sport.avaz.ba/nogomet/774385/fudbalska-asocijacija-engleske-podigla-optuzbu-protiv-ronalda,csv/Historical-Report-NewsGradient-2022-09-23--2022-09-24.csv,819
https://avaz.ba/showbiz/jet-set/774311/zbog-bolesti-hakala-otkazao-sve-nastupe,csv/Historical-Report-NewsGradient-2022-09-23--2022-09-24.csv,1438
https://sport.avaz.ba/kosarka/774241/lojo-i-delic-bolje-otvoren-mec-nego-jucer-ali-kina-je-bila-dominantna,csv/Historical-Report-NewsGradient-2022-09-23--2022-09-24.csv,2023
https://avaz.ba/vijesti/crna-hronika/774651/avaz-na-licu-mjesta-i-dalje-traje-uvidaj-kod-mostara-stravican-sudar-odnio-najmanje-dva-zivotaU%C5%BDASNA,csv/Historical-Report-NewsGradient-2022-09-24--2022-09-25.csv,23
https://avaz.ba/vijesti/bih/774619/provozali-smo-se-dionicom-autoceste-na-koridoru-5c-od-tarcina-do-ivana,csv/Historical-Report-NewsGradient-2022-09-24--2022-09-25.csv,459
https://sport.avaz.ba/nogomet/774614/neprepoznatljivo-izdanje-ronaldinja-pogledajte-kako-su-ga-tiktokeri-razbijesniliLEGENDARNI,csv/Historical-Report-NewsGradient-2022-09-24--2022-09-25.csv,504
https://avaz.ba/vijesti/bih/774582/sjecate-li-se-videoklipa-nova-godina-sa-gringom-evo-kako-gringo-sada-izgledaHIT,csv/Historical-Report-NewsGradient-2022-09-24--2022-09-25.csv,883
https://avaz.ba/showbiz/jet-set/774532/denis-becirovic-kandidat-ujedinjene-opozicije-za-clana-predsjednistva-bosne-i-hercegovine-prvi-put-o-privatnom-zivotu-za-azru,csv/Historical-Report-NewsGradient-2022-09-24--2022-09-25.csv,1241
https://sport.avaz.ba/kosarka/774485/bih-juzna-koreja-66-99-katastrofalan-poraz-zmajica,csv/Historical-Report-NewsGradient-2022-09-24--2022-09-25.csv,1446
https://sport.avaz.ba/kosarka/774485/uzivo-bih-juzna-koreja-37-45-pocelo-je-drugo-poluvrijeme,csv/Historical-Report-NewsGradient-2022-09-24--2022-09-25.csv,1535
https://sport.avaz.ba/kosarka/774485/uzivo-bih-juzna-koreja-25-34-treci-prekrsaj-dzons,csv/Historical-Report-NewsGradient-2022-09-24--2022-09-25.csv,1601
https://sport.avaz.ba/kosarka/774485/uzivo-bih-juzna-koreja-0-0-nova-prilika-za-prvu-pobjedu,csv/Historical-Report-NewsGradient-2022-09-24--2022-09-25.csv,1666
https://avaz.ba/vijesti/bih/774754/u-danasnjem-broju-dnevnog-avaza-citajte-vazno-je-da-glasate-jer-ako-ne-glasate-%E2%80%93-dobivate-vladu-kakvu-zasluzujete,csv/Historical-Report-NewsGradient-2022-09-25--2022-09-26.csv,1
https://avaz.ba/showbiz/jet-set/774816/u-zvezdama-granda-je-zvali-boginjom-pjesme-iznenada-je-napustila-estradu-i-udala-se-za-turcinaMIRJANA,csv/Historical-Report-NewsGradient-2022-09-25--2022-09-26.csv,156
https://sport.avaz.ba/kosarka/774810/poslije-jos-jedne-briljantne-partije-musa-slavi-trofej-superkupa-spanije-nije-moglo-bez-zastave-bih,csv/Historical-Report-NewsGradient-2022-09-25--2022-09-26.csv,311
https://avaz.ba/vijesti/crna-hronika/774793/poznat-termin-sahrane-porodice-krstic-porodice-koja-je-nastradala-u-stravicnoj-nesreci-kod-mostara,csv/Historical-Report-NewsGradient-2022-09-25--2022-09-26.csv,504
https://avaz.ba/showbiz/rijaliti/774746/maja-progovorila-o-janjusu-i-caru-ostavio-me-trudnu-nikad-mu-nisam-oprostilaJADALA,csv/Historical-Report-NewsGradient-2022-09-25--2022-09-26.csv,596
https://avaz.ba/vijesti/bih/774761/sabina-cudic-poslala-poruku-podrske-predragu-kojovicu-hrabro-srce,csv/Historical-Report-NewsGradient-2022-09-25--2022-09-26.csv,609
https://avaz.ba/vijesti/crna-hronika/774780/saobracajna-nesreca-u-trnovu-doslo-do-zastoja-u-saobracaju,csv/Historical-Report-NewsGradient-2022-09-25--2022-09-26.csv,632
https://avaz.ba/vijesti/crna-hronika/774737/detalji-pucnjave-u-kaknju-povrijedeni-imaju-od-23-do-43-godine-policija-jos-traga-za-odredenim-osobamaMUP,csv/Historical-Report-NewsGradient-2022-09-25--2022-09-26.csv,913
https://sport.avaz.ba/nogomet/775050/uzivo-rumunija-bih-4-1-drugi-gol-puskasa-nasem-timu-prijeti-tezak-poraz,csv/Historical-Report-NewsGradient-2022-09-26--2022-09-27.csv,175
https://sport.avaz.ba/nogomet/775050/uzivo-rumunija-bih-2-1-dzeko-smanjio-prednost-rumuna,csv/Historical-Report-NewsGradient-2022-09-26--2022-09-27.csv,199
https://sport.avaz.ba/nogomet/775050/uzivo-rumunija-bih-2-0-rumuni-udvostrucili-prednost,csv/Historical-Report-NewsGradient-2022-09-26--2022-09-27.csv,201
https://sport.avaz.ba/nogomet/775050/uzivo-rumunija-bih-1-0-pocelo-je-drugo-poluvrijeme,csv/Historical-Report-NewsGradient-2022-09-26--2022-09-27.csv,264
https://sport.avaz.ba/nogomet/775050/uzivo-rumunija-bih-1-0-var-priznao-gol-rumunima,csv/Historical-Report-NewsGradient-2022-09-26--2022-09-27.csv,322
https://sport.avaz.ba/nogomet/775050/uzivo-rumunija-bih-0-0-poceo-je-mec-u-bukurestu-sretno-zmajevi,csv/Historical-Report-NewsGradient-2022-09-26--2022-09-27.csv,422
https://avaz.ba/vijesti/bih/775018/evo-zasto-je-sankcionisana-diana-kajmakovic-saradivala-sa-kriminalcima,csv/Historical-Report-NewsGradient-2022-09-26--2022-09-27.csv,941
https://avaz.ba/vijesti/bih/774932/federalno-ministarstvo-energije-rudarstva-i-industrije-za-pitanja-kolektivnih-ugovora-nadlezno-je-ministarstvo-rada-i-socijalne-politike,csv/Historical-Report-NewsGradient-2022-09-26--2022-09-27.csv,1612
https://avaz.ba/globus/svijet/774860/direktor-pfizera-pozitivan-na-koronavirus,csv/Historical-Report-NewsGradient-2022-09-26--2022-09-27.csv,2171
https://avaz.ba/region/hrvatska/775312/vlasnik-farme-mora-usmrtiti-150-000-kokoski-ovo-ne-bih-crnom-davolu-pozelio-ocito-nekom-smetam,csv/Historical-Report-NewsGradient-2022-09-27--2022-09-28.csv,34
https://sport.avaz.ba/kosarka/775247/nurkic-poslao-poruku-podrske-zmajicama-cast-i-ponos-je-biti-medu-12-najboljih-selekcija-svijeta,csv/Historical-Report-NewsGradient-2022-09-27--2022-09-28.csv,754
https://avaz.ba/vijesti/bih/775223/iz-sarajevogasa-dolaze-dobre-vijesti-gasa-ima-i-bit-ce-ga-nasi-gradani-su-sigurniDOLAZE,csv/Historical-Report-NewsGradient-2022-09-27--2022-09-28.csv,998
https://avaz.ba/vijesti/bih/775179/haljevac-ogorcen-nelegalnim-led-displejem-na-vrbanji-prodali-su-zrtve-prodali-su-obraz-za-pare-a-unistili-simbol-otpora,csv/Historical-Report-NewsGradient-2022-09-27--2022-09-28.csv,1314
https://avaz.ba/vijesti/bih/775578/danas-u-dnevnom-avazu-citajte-dolar-raste-novi-udar-na-dzepove-u-bih,csv/Historical-Report-NewsGradient-2022-09-28--2022-09-29.csv,2
https://avaz.ba/vijesti/crna-hronika/775593/nesreca-na-pofalicima-automobil-smrskan-policija-na-terenu,csv/Historical-Report-NewsGradient-2022-09-28--2022-09-29.csv,32
https://avaz.ba/vijesti/bih/775483/akademik-kurtcehajic-osmanska-drzava-nas-je-prodala-cetiri-puta-zapad-nam-je-pomogao,csv/Historical-Report-NewsGradient-2022-09-28--2022-09-29.csv,39
https://avaz.ba/showbiz/jet-set/775580/aplauzi-za-hasanaginice,csv/Historical-Report-NewsGradient-2022-09-28--2022-09-29.csv,186
https://avaz.ba/vijesti/bih/775564/izetbegovic-sda-,csv/Historical-Report-NewsGradient-2022-09-28--2022-09-29.csv,407
https://avaz.ba/showbiz/jet-set/775547/slavne-dame-koje-nisu-imale-intimne-odnose-prije-prve-bracne-noci-razlozi-ce-vas-sigurno-iznenaditiSTAROMODNE,csv/Historical-Report-NewsGradient-2022-09-28--2022-09-29.csv,546
https://avaz.ba/globus/svijet/775523/dramaticno-stanje-na-floridi-zbog-uragana-ovo-je-velika-oluja-molite-se-za-ljudeSTANOVNICI,csv/Historical-Report-NewsGradient-2022-09-28--2022-09-29.csv,713
https://avaz.ba/region/srbija/775490/video-demonstrant-na-protestu-sutnuo-glavnog-urednika-informeraBEOGRAD,csv/Historical-Report-NewsGradient-2022-09-28--2022-09-29.csv,948
https://avaz.ba/vijesti/crna-hronika/775496/prijedlog-za-odredivanje-pritvora-za-osumnjicenog-inspektora-adisa-prasovica-bit-ce-upucen-prema-sudu-bih,csv/Historical-Report-NewsGradient-2022-09-28--2022-09-29.csv,984
https://avaz.ba/globus/svijet/775476/meloni-porucila-ukrajina-moze-racunati-na-italija,csv/Historical-Report-NewsGradient-2022-09-28--2022-09-29.csv,1126
https://avaz.ba/vijesti/bih/775375/plenkovic-veceras-stize-u-livno-prisustvovat-ce-predizbornom-skupu-hdz-a,csv/Historical-Report-NewsGradient-2022-09-28--2022-09-29.csv,1782
https://avaz.ba/vijesti/bih/775356/uopce-ih-ne-uvozimo-iz-ove-drzave-u-bih-nema-zarazenih-jaja-iz-hrvatske,csv/Historical-Report-NewsGradient-2022-09-28--2022-09-29.csv,1816
https://sport.avaz.ba/auto-moto/775369/bmw-predstavio-xm-najveca-kombinovana-snaga-iznosi-vise-od-650-ks,csv/Historical-Report-NewsGradient-2022-09-28--2022-09-29.csv,1839
https://sport.avaz.ba/nogomet/775313/poznati-jakosni-sesiri-zmajevi-u-kvalifikacijama-za-euro-ne-mogu-igrati-sa-engleskom-francuskom-i-srbijom,csv/Historical-Report-NewsGradient-2022-09-28--2022-09-29.csv,2160
https://avaz.ba/vijesti/bih/775318/bihamk-bez-duzih-zadrzavanja-na-granicnim-prijelazima,csv/Historical-Report-NewsGradient-2022-09-28--2022-09-29.csv,2165
https://avaz.ba/vijesti/bih/775317/fhmz-u-jutarnjim-satima-kisa-poslijepodne-razvedravanje,csv/Historical-Report-NewsGradient-2022-09-28--2022-09-29.csv,2169
https://avaz.ba/showbiz/jet-set/775751/sarajevski-dvojac-koji-je-odusevio-regiju-u-sou-x-factor-danas-izgleda-ovako,csv/Historical-Report-NewsGradient-2022-09-29--2022-09-30.csv,788
https://avaz.ba/vijesti/bih/775694/psiholog-utvrdio-tuzilac-bozo-mihajlovic-sposoban-za-sudenje,csv/Historical-Report-NewsGradient-2022-09-29--2022-09-30.csv,1480
https://avaz.ba/vijesti/bih/775597/bihamk-radovi-sirom-bih-ovim-dionicama-se-saobraca-sporije,csv/Historical-Report-NewsGradient-2022-09-29--2022-09-30.csv,2283
https://avaz.ba/globus/svijet/776017/ukrajina-podnijela-zahtjev-za-clanstvo-u-nato,csv/Historical-Report-NewsGradient-2022-09-30--2022-10-01.csv,894
https://avaz.ba/vijesti/bih/775942/koalicija-pod-lupom-zabiljezene-1-202-izborne-nepravilnosti-polovinu-su-napravili-snsd-i-sda,csv/Historical-Report-NewsGradient-2022-09-30--2022-10-01.csv,1426
https://avaz.ba/showbiz/jet-set/775788/godisnjica-smrti-,csv/Historical-Report-NewsGradient-2022-09-30--2022-10-01.csv,2207
https://avaz.ba/showbiz/jet-set/776181/dzesika-simpson-otkrila-kako-je-izgubila-cak-45-kilograma,csv/Historical-Report-NewsGradient-2022-10-01--2022-10-02.csv,1137
https://avaz.ba/showbiz/jet-set/776153/sting-stigao-u-sarajevo,csv/Historical-Report-NewsGradient-2022-10-01--2022-10-02.csv,1492
https://sport.avaz.ba/nogomet/776620/real-madrid-kiksao-na-,csv/Historical-Report-NewsGradient-2022-10-02--2022-10-03.csv,317
https://avaz.ba/vijesti/bih/776621/pratite-uzivo-pobjednicko-obracanje-denisa-becirovica,csv/Historical-Report-NewsGradient-2022-10-02--2022-10-03.csv,393
https://avaz.ba/vijesti/bih/776525/uzivo-utrka-za-predsjednistvo-bih-becirovic-vodi-protiv-izetbegovica-sa-59-hiljada-razlike-komsic-ubjedljivo-vodi-protiv-kristo,csv/Historical-Report-NewsGradient-2022-10-02--2022-10-03.csv,780
https://avaz.ba/vijesti/bih/776525/uzivo-izborni-dan-u-bih-becirovic-ima-44-hiljade-glasova-vise-od-izetbegovica,csv/Historical-Report-NewsGradient-2022-10-02--2022-10-03.csv,844
https://avaz.ba/vijesti/bih/776525/uzivo-izborni-dan-u-bih-becirovic-ima-44-hiljade-glasova-vise-od-izetbegovica,csv/Historical-Report-NewsGradient-2022-10-02--2022-10-03.csv,864
https://avaz.ba/vijesti/bih/776571/ambasador-rajli-podrzavamo-smitovu-odluku-funkcionalne-vlasti-su-kljucne-za-osiguranje-napretka,csv/Historical-Report-NewsGradient-2022-10-02--2022-10-03.csv,1001
https://avaz.ba/vijesti/bih/776525/uzivo-izborni-dan-u-bih-becirovic-povecao-prednost-ima-6-hiljada-vise-glasova-od-izetbegovica,csv/Historical-Report-NewsGradient-2022-10-02--2022-10-03.csv,1021
https://avaz.ba/vijesti/bih/776525/uzivo-izborni-dan-u-bih-becirovic-vodi-protiv-izetbegovica,csv/Historical-Report-NewsGradient-2022-10-02--2022-10-03.csv,1059
https://avaz.ba/vijesti/bih/776525/uzivo-izborni-dan-u-bih-do-15-sati-u-bih-glasao-1-164-261-birac-zabiljezeno-nekoliko-incidenata,csv/Historical-Report-NewsGradient-2022-10-02--2022-10-03.csv,1644
https://avaz.ba/vijesti/bih/776505/nermin-niksic-glasao-veoma-je-vazno-da-izborni-proces-tece-bez-problema-i-da-ne-bude-zloupotreba-i-manipulacija,csv/Historical-Report-NewsGradient-2022-10-02--2022-10-03.csv,1811
https://avaz.ba/vijesti/bih/776424/halid-beslic-odlucujete-o-svojoj-sudbini,csv/Historical-Report-NewsGradient-2022-10-02--2022-10-03.csv,1860
https://avaz.ba/vijesti/bih/776403/miralem-pjanic-domovina-te-zove,csv/Historical-Report-NewsGradient-2022-10-02--2022-10-03.csv,1911
https://avaz.ba/showbiz/jet-set/776479/video-uhapsen-kristijan-golubovic-i-emil-kamenov,csv/Historical-Report-NewsGradient-2022-10-02--2022-10-03.csv,1952
https://avaz.ba/vijesti/bih/776473/poznato-u-kojim-opcinama-je-bila-najveca-i-najmanja-izlaznost-do-11-sati,csv/Historical-Report-NewsGradient-2022-10-02--2022-10-03.csv,1958
https://avaz.ba/vijesti/bih/776421/kasumovic-obavio-gradansku-duznost-glasajte-nemojte-kukati-poslije-3-oktobra,csv/Historical-Report-NewsGradient-2022-10-02--2022-10-03.csv,2300
https://avaz.ba/vijesti/bih/776370/sebija-i-bakir-izetbegovic-glasali-on-porucio-ja-cu-ako-bog-da-da-pobijedim,csv/Historical-Report-NewsGradient-2022-10-02--2022-10-03.csv,2749
https://avaz.ba/vijesti/bih/776350/denis-becirovic-glasao-u-tuzli-na-biracko-mjesto-stigao-sa-suprugom-mirelom,csv/Historical-Report-NewsGradient-2022-10-02--2022-10-03.csv,2917
https://avaz.ba/vijesti/bih/776331/otvorena-biracka-mjesta-gradani-danas-biraju-novu-vlast,csv/Historical-Report-NewsGradient-2022-10-02--2022-10-03.csv,3136
