https://www.biscani.net/bilo-je-maglovito-ali-na-008-sekundi-su-bili-svjedoci-dogadjaja-kojeg-nikada-nece-zaboraviti13/,csv/Historical-Report-NewsGradient-2022-09-02--2022-09-09.csv,9
https://www.biscani.net/16-ocajnih-vjencanica-koje-ce-vam-biti-sve-ruznije-sto-ih-duze-budete-gledali13/,csv/Historical-Report-NewsGradient-2022-09-02--2022-09-09.csv,11
https://www.biscani.net/lopov-na-biciklu-je-htio-ukrasti-mobitel-od-ove-djevojke-ali-nije-imao-pojma-da-ona-ima-crni-pojas13/,csv/Historical-Report-NewsGradient-2022-09-02--2022-09-09.csv,14
https://www.biscani.net/video-tigrica-je-rodila-bezivotno-mlado-radnici-su-ostali-zapanjeni-njenom-reakcijom13/,csv/Historical-Report-NewsGradient-2022-09-02--2022-09-09.csv,16
https://www.biscani.net/vozac-kamiona-je-vidio-uzasnu-nesrecu-i-istrcao-je-kako-bi-spasio-ljude-a-potom-je-vidio-snimak-na-kameri13/,csv/Historical-Report-NewsGradient-2022-09-02--2022-09-09.csv,18
https://www.biscani.net/19-zanimljivih-cinjenica-koje-bi-vam-mogle-promijeniti-perspektivu-o-nekim-stvarima14/,csv/Historical-Report-NewsGradient-2022-09-02--2022-09-09.csv,20
https://www.biscani.net/majka-je-mislila-da-je-rodila-obicnu-djevojcicu-no-kada-je-otvorila-usta-ostala-je-u-cudu-video14/,csv/Historical-Report-NewsGradient-2022-09-02--2022-09-09.csv,23
https://www.biscani.net/covjek-je-putovao-2500-km-kako-bi-iznenadio-svoju-djevojku-u-kostimu-medvjeda-a-ugledao-ju-je-u-rukama-drugog-covjeka14/,csv/Historical-Report-NewsGradient-2022-09-02--2022-09-09.csv,29
https://www.biscani.net/policajac-je-zaustavio-covjeka-jer-nije-imao-sjedalicu-za-bebu-a-kada-se-okrenuo-prema-svojoj-zeni-ostao-je-bez-teksta14/,csv/Historical-Report-NewsGradient-2022-09-02--2022-09-09.csv,36
https://www.biscani.net/izgledalo-je-kao-obican-dan-na-plazi-a-onda-je-priroda-priredila-spektakl-kakav-se-rijetko-vidja-video13/,csv/Historical-Report-NewsGradient-2022-09-02--2022-09-09.csv,62
https://www.biscani.net/zena-je-izasla-na-plesni-podij-kako-bi-sklonila-curicu-ali-je-ona-ukrala-show-kada-je-pocela-plesati14/,csv/Historical-Report-NewsGradient-2022-09-02--2022-09-09.csv,2366
https://www.biscani.net/12-clana-porodica-je-izasla-na-binu-a-ono-sto-je-uslijedilo-se-ne-vidja-svakog-dana-video14/,csv/Historical-Report-NewsGradient-2022-09-02--2022-09-09.csv,2370
https://www.biscani.net/slucajno-je-otkrio-veliku-rupu-ispred-svoje-kuce-a-onda-ostao-u-cudu-kad-je-vidio-gdje-vodi-14/,csv/Historical-Report-NewsGradient-2022-09-02--2022-09-09.csv,2372
https://www.biscani.net/maturantica-odjenula-divnu-haljinu-ali-ako-pogledate-malo-bolje-vidjet-cete-ovo14/,csv/Historical-Report-NewsGradient-2022-09-02--2022-09-09.csv,2379
https://www.biscani.net/izmislili-su-novu-igru-i-postali-hit-na-internetu-milioni-ljudi-gledaju-ovaj-video14/,csv/Historical-Report-NewsGradient-2022-09-02--2022-09-09.csv,2384
https://www.biscani.net/oboje-su-tvrdili-na-sudu-da-je-pas-njihov-sudija-je-rijesila-da-pusti-psa-sa-povoca-da-odluci13/,csv/Historical-Report-NewsGradient-2022-09-02--2022-09-09.csv,2391
https://www.biscani.net/majku-je-probudilo-neobicno-rezanje-pit-bulla-brzo-je-otisla-u-sinovu-sobu-i-vidjela-nesto-neocekivano14/,csv/Historical-Report-NewsGradient-2022-09-02--2022-09-09.csv,2403
https://www.biscani.net/19-parova-koji-su-na-kreativan-nacin-najavili-da-ocekuju-prinovu13/,csv/Historical-Report-NewsGradient-2022-09-02--2022-09-09.csv,2427
https://www.biscani.net/2-djecaka-su-skakala-u-velikoj-bari-a-onda-se-iznenada-pojavio-policajac-i-uradio-ovo14/,csv/Historical-Report-NewsGradient-2022-09-02--2022-09-09.csv,2463
https://www.biscani.net/mama-nije-znala-zbog-cega-je-grobno-mjesto-njenog-sina-uvijek-zeleno-rasplakala-se-kad-je-saznala-istinu12/,csv/Historical-Report-NewsGradient-2022-09-02--2022-09-09.csv,2528
https://www.biscani.net/da-ti-srce-pukne-majka-ostavila-bebu-sa-manom-u-kutiji-za-cipele-17-godina-poslije-on-je-odusevio-svijet-a-evo-kako13/,csv/Historical-Report-NewsGradient-2022-09-02--2022-09-09.csv,2575
https://www.biscani.net/djecak-je-pjevao-pjesmu-michael-jacksona-whos-loving-you-a-publika-nije-mogla-da-vjeruje-sta-cuje-video13/,csv/Historical-Report-NewsGradient-2022-09-02--2022-09-09.csv,2660
https://www.biscani.net/ona-se-bori-sa-rakom-i-ima-samo-2-sansu-da-prezivi-ali-je-priredila-nastup-koji-je-sve-ostavio-u-nevjerici-video13/,csv/Historical-Report-NewsGradient-2022-09-02--2022-09-09.csv,2720
https://www.biscani.net/ziri-je-ocekivao-sasvim-normalan-nastup-ali-cim-su-pocele-pjevati-shvatili-su-da-stvari-nisu-kakve-se-cine-video12-12/,csv/Historical-Report-NewsGradient-2022-09-02--2022-09-09.csv,2792
https://www.biscani.net/kamerman-je-snimao-gorilu-kako-izlazi-na-put-i-zaustavlja-saobracaj-a-potom-je-vidio-da-se-nesto-pomjera-u-zbunju-video13/,csv/Historical-Report-NewsGradient-2022-09-02--2022-09-09.csv,2955
https://www.biscani.net/djevojcica-je-nasmijala-publiku-jer-je-odbila-da-prati-grupnu-koreografiju-i-odlucila-je-da-smisli-svoju-video14/,csv/Historical-Report-NewsGradient-2022-09-02--2022-09-09.csv,3015
https://www.biscani.net/ziri-mu-je-rekao-da-ne-zna-pjevati-a-nakon-3-godine-se-vratio-i-impresionirao-sve-video14/,csv/Historical-Report-NewsGradient-2022-09-02--2022-09-09.csv,3091
https://www.biscani.net/zena-je-umorna-od-skrivanja-svoje-sijede-kose-odlucila-se-na-makeover-nakon-kojeg-je-necete-moci-prepoznati14/,csv/Historical-Report-NewsGradient-2022-09-02--2022-09-09.csv,3164
https://www.biscani.net/gimnasticarka-u-zlatnom-je-izasla-na-parter-publika-je-odmah-shvatila-da-ovo-nece-biti-sasvim-obicna-rutina-video14/,csv/Historical-Report-NewsGradient-2022-09-02--2022-09-09.csv,3247
https://www.biscani.net/porodicno-fotografisanje-je-prekinuto-kada-roditelji-ne-prepoznaju-djevojku-koja-je-uletila-u-kadar-pogledajte-sta-se-desi-kada-se-ona-okrene13/,csv/Historical-Report-NewsGradient-2022-09-02--2022-09-09.csv,4738
https://www.biscani.net/viralna-fotka-izbezumila-ekipu-na-internetu-vidite-li-vi-gdje-su-djevojkama-noge12/,csv/Historical-Report-NewsGradient-2022-09-02--2022-09-09.csv,4739
https://www.biscani.net/video-trenutak-mamine-nepaznje-bio-je-dovoljan-da-njen-sin-napravi-stetu-u-vrijednosti-od-100-00012/,csv/Historical-Report-NewsGradient-2022-09-02--2022-09-09.csv,4744
https://www.biscani.net/14-godisnjakinja-je-otpjevala-pjesmu-billie-jean-na-svoj-nacin-i-ocarala-sudije-koji-su-skocili-na-noge13/,csv/Historical-Report-NewsGradient-2022-09-02--2022-09-09.csv,4747
https://www.biscani.net/stariji-par-se-pojavio-na-takmicenju-mladih-u-plesu-i-ukrali-su-svu-paznju-svojom-plesnom-tackom13/,csv/Historical-Report-NewsGradient-2022-09-02--2022-09-09.csv,4757
https://www.biscani.net/otac-je-pjevao-svom-sinu-koji-ne-cuje-a-onda-se-rasplakao-zbog-njegove-reakcije12/,csv/Historical-Report-NewsGradient-2022-09-02--2022-09-09.csv,4780
https://www.biscani.net/video-djecak-je-otvorio-kovertu-kako-bi-vidio-sta-je-njegov-zadnji-zadatak-ali-kada-je-vidio-sta-je-u-koverti-poceo-je-skakati-od-srece13/,csv/Historical-Report-NewsGradient-2022-09-02--2022-09-09.csv,4933
https://www.biscani.net/video-sedam-godina-se-krila-ispod-tone-sminke-a-onda-je-odala-veliku-tajnu-i-to-javno-na-tv-u13/,csv/Historical-Report-NewsGradient-2022-09-02--2022-09-09.csv,5005
https://www.biscani.net/mali-djecak-je-hodao-kroz-radnju-a-potom-je-imao-i-svoj-prvi-poljubac-tata-je-sve-snimio13/,csv/Historical-Report-NewsGradient-2022-09-02--2022-09-09.csv,5065
https://www.biscani.net/kajakas-je-snimao-prekrasnog-beluga-kita-a-onda-se-dogodilo-nesto-iznenadjujuce-video13/,csv/Historical-Report-NewsGradient-2022-09-02--2022-09-09.csv,5155
https://www.biscani.net/otac-je-pred-smrt-imao-samo-jednu-zelju-puknut-ce-vam-srce-kad-vidite-sto-su-mu-kceri-napravile-video13/,csv/Historical-Report-NewsGradient-2022-09-02--2022-09-09.csv,5229
https://www.biscani.net/drzite-mobitel-ispod-jastoka-evo-zasto-necete-vise-nikad-to-uraditi-foto13/,csv/Historical-Report-NewsGradient-2022-09-02--2022-09-09.csv,5286
https://www.biscani.net/nakon-10-godina-braka-ostala-je-trudna-pogledajte-kakvo-je-iznenadjenje-priredila-muzu-13/,csv/Historical-Report-NewsGradient-2022-09-02--2022-09-09.csv,5346
https://www.biscani.net/nakon-10-godina-braka-ostala-je-trudna-pogledajte-kakvo-je-iznenadjenje-priredila-muzu-13/,csv/Historical-Report-NewsGradient-2022-09-02--2022-09-09.csv,5405
https://www.biscani.net/decko-ju-je-vrijedjao-zbog-akni-a-onda-ga-je-ostavila-i-promijenila-se13/,csv/Historical-Report-NewsGradient-2022-09-02--2022-09-09.csv,5467
https://www.biscani.net/tata-i-kcerka-su-izasli-na-binu-i-odusevili-su-sve-prisutne-svojom-glamuroznom-izvedbom13/,csv/Historical-Report-NewsGradient-2022-09-02--2022-09-09.csv,5534
https://www.biscani.net/ocuh-ju-je-godinama-zlostavljao-a-onda-su-mu-bajkeri-ucinili-jedinu-ispravnu-stvar13/,csv/Historical-Report-NewsGradient-2022-09-02--2022-09-09.csv,5628
https://www.biscani.net/15-genijalaca-koji-su-realizirali-svoje-sulude-zamisli-i-nasmijali-nas-do-suza-svojim-rjesenjima12/,csv/Historical-Report-NewsGradient-2022-09-02--2022-09-09.csv,7017
https://www.biscani.net/ceh-je-dosao-u-dalmaciju-morate-vidjeti-cim-je-zastitio-gume-na-svom-luksuznom-bmw-u13/,csv/Historical-Report-NewsGradient-2022-09-02--2022-09-09.csv,7018
https://www.biscani.net/video-sjetite-se-ovog-covjeka-kada-se-budete-zalili-da-je-vas-posao-stresan-pa-dusa-mi-je-napustila-tijelo-dok-sam-ovo-gledao13/,csv/Historical-Report-NewsGradient-2022-09-02--2022-09-09.csv,7024
https://www.biscani.net/neki-je-smatraju-najljepsom-zenom-na-svijetu-a-udana-je-za-sportistu-za-kojeg-tesko-iko-da-je-cuo13/,csv/Historical-Report-NewsGradient-2022-09-02--2022-09-09.csv,7038
https://www.biscani.net/svi-pricaju-o-ovoj-nogometasici-splita-zovu-me-kim-kardashian-u-mojoj-drzavi12/,csv/Historical-Report-NewsGradient-2022-09-02--2022-09-09.csv,7099
https://www.biscani.net/par-je-stao-na-plesni-podij-kada-je-muzika-pocela-priredili-su-trenutak-za-pamcenje13/,csv/Historical-Report-NewsGradient-2022-09-02--2022-09-09.csv,7207
https://www.biscani.net/hrvat-je-na-straznji-prozor-auta-zalijepio-nesvakidasnju-naljepnicu-fotka-je-odmah-postala-hit13/,csv/Historical-Report-NewsGradient-2022-09-02--2022-09-09.csv,7330
https://www.biscani.net/legendarni-failarmy-ima-novu-urnebesnu-kompilaciju-nasmijte-se-uz-najbolje-padove-tjedna-video13/,csv/Historical-Report-NewsGradient-2022-09-02--2022-09-09.csv,7469
https://www.biscani.net/ovaj-ulicni-umjetnik-zaradjuje-hiljade-dolara-dnevno-nakon-nekoliko-sekundi-cete-shvatiti-i-zasto13/,csv/Historical-Report-NewsGradient-2022-09-02--2022-09-09.csv,7529
https://www.biscani.net/sef-zatekao-djelatnicu-kako-luduje-umjesto-da-cisti-njegova-reakcija-ucinila-ga-je-totalnom-legendom-od-covjeka-video13/,csv/Historical-Report-NewsGradient-2022-09-02--2022-09-09.csv,7593
https://www.biscani.net/19-apsurdnih-fotki-koje-ce-vam-biti-sve-smjesnije-sto-ih-duze-budete-gledali14/,csv/Historical-Report-NewsGradient-2022-09-02--2022-09-09.csv,7661
https://www.biscani.net/ova-slika-pojavila-se-na-internetu-je-li-ovako-nesto-uopce-moguce13/,csv/Historical-Report-NewsGradient-2022-09-02--2022-09-09.csv,7723
https://www.biscani.net/video-sebicni-otac-ostavio-je-usvojenu-kcerku-pored-puta-a-potom-ju-je-gledao-u-retrovizoru-kako-se-mijenja13/,csv/Historical-Report-NewsGradient-2022-09-02--2022-09-09.csv,7788
https://www.biscani.net/video-djevojka-14-je-svojom-izvedbom-elvisovog-klasika-na-ulici-navela-mnoge-ljude-da-se-zaustave-i-poslusaju-je13/,csv/Historical-Report-NewsGradient-2022-09-02--2022-09-09.csv,7854
https://www.biscani.net/video-zena-tvrdi-da-je-druge-mame-posramljuju-jer-u-djecjem-parku-izgleda-predobro13/,csv/Historical-Report-NewsGradient-2022-09-02--2022-09-09.csv,7947
https://www.biscani.net/izasao-je-u-dvoriste-da-nahrani-ovih-7-gladnih-pasa-no-gledajte-sta-se-dogodilo-u-nastavku-video13/,csv/Historical-Report-NewsGradient-2022-09-02--2022-09-09.csv,9255
https://www.biscani.net/ispred-dvorista-napala-ga-je-grupa-muskaraca-od-kojih-je-dobio-dobre-batine-a-zatim-je-iz-kuce-izasla-njegova-zena13/,csv/Historical-Report-NewsGradient-2022-09-02--2022-09-09.csv,9257
https://www.biscani.net/vic-cigo-i-zeljezo12/,csv/Historical-Report-NewsGradient-2022-09-02--2022-09-09.csv,9258
https://www.biscani.net/dvije-djevojke-u-bikinijima-veslale-su-na-surferskim-daskama-cekajte-da-vidite-sta-ih-je-to-vrebalo-iz-morskih-dubina-video14/,csv/Historical-Report-NewsGradient-2022-09-02--2022-09-09.csv,9261
https://www.biscani.net/vic-nisan12/,csv/Historical-Report-NewsGradient-2022-09-02--2022-09-09.csv,9262
https://www.biscani.net/naisao-je-na-zmiju-otrovnicu-koja-je-skupljena-umirala-na-zemlji-ono-sto-je-zatim-uradio-gledacete-u-jednom-dahu-video15/,csv/Historical-Report-NewsGradient-2022-09-02--2022-09-09.csv,9263
https://www.biscani.net/vic-helikopter12/,csv/Historical-Report-NewsGradient-2022-09-02--2022-09-09.csv,9264
https://www.biscani.net/vozio-se-na-biciklu-pustom-stazom-a-onda-dozivio-najsokantniji-dan-u-svom-zivotu-kada-vidite-sta-se-dogodilo-ovom-covjeku-dobro-cete-se-iznenaditi13/,csv/Historical-Report-NewsGradient-2022-09-02--2022-09-09.csv,9267
https://www.biscani.net/vic-mujo-i-macka12/,csv/Historical-Report-NewsGradient-2022-09-02--2022-09-09.csv,9270
https://www.biscani.net/video-pruzio-ruku-orangutanu-pa-nastradao-njegovi-krikovi-su-sablasni13/,csv/Historical-Report-NewsGradient-2022-09-02--2022-09-09.csv,9273
https://www.biscani.net/vic-mujo-i-fata-na-parkiralistu12/,csv/Historical-Report-NewsGradient-2022-09-02--2022-09-09.csv,9279
https://www.biscani.net/12-fotki-koje-dokazuju-da-zivot-s-djecom-nikad-nije-dosadan14/,csv/Historical-Report-NewsGradient-2022-09-02--2022-09-09.csv,9298
https://www.biscani.net/vic-sulju-ujela-zmija12/,csv/Historical-Report-NewsGradient-2022-09-02--2022-09-09.csv,9327
https://www.biscani.net/19-odraslih-ljudi-koji-izgledaju-puno-mladje-nego-sto-jesu13/,csv/Historical-Report-NewsGradient-2022-09-02--2022-09-09.csv,9383
https://www.biscani.net/vic-cigo-i-pilici12/,csv/Historical-Report-NewsGradient-2022-09-02--2022-09-09.csv,9428
https://www.biscani.net/20-fotki-od-kojih-ce-vam-tlak-otici-u-nebesa14/,csv/Historical-Report-NewsGradient-2022-09-02--2022-09-09.csv,9491
https://www.biscani.net/ove-fotke-ne-bi-bile-toliko-zanimljive-da-se-u-pozadini-ne-dogadja-nesto-neocekivano13/,csv/Historical-Report-NewsGradient-2022-09-02--2022-09-09.csv,9550
https://www.biscani.net/vic-ovce-i-policajci12/,csv/Historical-Report-NewsGradient-2022-09-02--2022-09-09.csv,9595
https://www.biscani.net/video-sjedio-je-na-trotoaru-i-surfao-na-mobitelu-par-sekundi-kasnije-iza-njegovih-ledja-mu-se-prisunjava-pas-lutalica-i-radi-ovo13/,csv/Historical-Report-NewsGradient-2022-09-02--2022-09-09.csv,11203
https://www.biscani.net/gurnuo-je-obje-ruke-u-ovu-malu-rupu-u-zemlji-kada-vidite-sta-je-izvukao-necete-vjerovati-video13/,csv/Historical-Report-NewsGradient-2022-09-02--2022-09-09.csv,11205
https://www.biscani.net/snimak-koji-je-zaprepastio-svijet-covjek-je-izvadio-strijelu-iz-krokodilovog-oka-a-onda-cudo13/,csv/Historical-Report-NewsGradient-2022-09-02--2022-09-09.csv,11207
https://www.biscani.net/sjedio-je-i-pecao-na-jezeru-a-onda-je-krenuo-da-zapali-cigaretu-nije-mogao-ni-sanjati-da-ce-mu-se-bas-ovo-desiti-video13/,csv/Historical-Report-NewsGradient-2022-09-02--2022-09-09.csv,11208
https://www.biscani.net/parkirao-ispred-kontejnera-okitili-mu-auto-smecem-idiot-i-klosar13/,csv/Historical-Report-NewsGradient-2022-09-02--2022-09-09.csv,11211
https://www.biscani.net/video-mladic-ozenio-britanku-82-kazu-da-sam-varalica-ali-sretan-sam-volim-cesljati-njene-sijede13/,csv/Historical-Report-NewsGradient-2022-09-02--2022-09-09.csv,11214
https://www.biscani.net/video-krenula-je-da-napuni-djecji-bazen-i-cula-jeziv-vrisak-njena-beba-dobila-je-strasne-opekotine-od-necega-sto-svi-imamo-u-dvoristu12/,csv/Historical-Report-NewsGradient-2022-09-02--2022-09-09.csv,11226
https://www.biscani.net/5-ogodisnja-djevojcica-ceka-u-sudnici-na-usvajanje-kada-je-vidjela-ko-je-usao-na-vrata-zanijemila-je13/,csv/Historical-Report-NewsGradient-2022-09-02--2022-09-09.csv,11252
https://www.biscani.net/vlasnik-se-pitao-zasto-njegov-konj-ne-jede-nista-onda-je-tajno-snimio-nevjerovatnu-stvar13/,csv/Historical-Report-NewsGradient-2022-09-02--2022-09-09.csv,11299
https://www.biscani.net/na-prvi-pogled-izgleda-kao-obicno-truhlo-stablo-ali-kad-pogledate-izbliza-ostat-cete-bez-teksta13/,csv/Historical-Report-NewsGradient-2022-09-02--2022-09-09.csv,11347
https://www.biscani.net/zena-je-na-skijanju-izgubila-burmu-nasli-su-je-poslije-27-godina-4-000-kilometara-dalje-evo-kod-koga-je-bila13/,csv/Historical-Report-NewsGradient-2022-09-02--2022-09-09.csv,11461
https://www.biscani.net/rus-nije-vjerovao-svojim-ocima-kad-je-vidio-sto-su-stavili-na-cestu-morao-se-jos-jednom-vratiti-i-snimiti-sve12/,csv/Historical-Report-NewsGradient-2022-09-02--2022-09-09.csv,11518
https://www.biscani.net/ovo-nije-ocekivao-prisao-je-lavu-i-otvorio-mu-vrata-video12/,csv/Historical-Report-NewsGradient-2022-09-02--2022-09-09.csv,11577
https://www.biscani.net/neogradjeni-dio-ceste-je-li-moguce-polukruzno-okrenuti-kamion-u-ovoj-situaciji12/,csv/Historical-Report-NewsGradient-2022-09-02--2022-09-09.csv,11639
https://www.biscani.net/video-ova-zena-je-usvojila-djevojcicu-kojoj-su-zivotinje-pojele-nos-a-pogledajte-kako-danas-izgleda12/,csv/Historical-Report-NewsGradient-2022-09-02--2022-09-09.csv,11705
https://www.biscani.net/ovo-je-nesto-najljepse-sto-cete-vidjeti-danas-pogledajte-kako-pas-spasava-curicu-od-valova12/,csv/Historical-Report-NewsGradient-2022-09-02--2022-09-09.csv,11768
https://www.biscani.net/video-policajac-je-uhvatio-majku-u-kradji-ono-sto-je-ucinio-nikada-nece-zaboraviti12/,csv/Historical-Report-NewsGradient-2022-09-02--2022-09-09.csv,11834
https://www.biscani.net/video-mladi-otac-je-preminuo-u-snu-a-onda-je-njegova-djevojka-snimila-ovu-poruku-za-njihovog-sina12/,csv/Historical-Report-NewsGradient-2022-09-02--2022-09-09.csv,11897
https://www.biscani.net/mislili-su-da-ce-biti-obican-dan-na-plazi-a-onda-je-njegov-pas-primjetio-nesto-neobicno-video12/,csv/Historical-Report-NewsGradient-2022-09-02--2022-09-09.csv,11954
https://www.biscani.net/grupa-zatvorenika-je-stala-u-red-ono-sto-su-uradili-u-nastavku-je-nevjerovatno13/,csv/Historical-Report-NewsGradient-2022-09-02--2022-09-09.csv,12032
https://www.biscani.net/testirao-je-iskrenost-beskucnika-pretvarajuci-se-da-su-izgubili-novac-ovakve-reakcije-nije-ocekivao13/,csv/Historical-Report-NewsGradient-2022-09-02--2022-09-09.csv,12103
https://www.biscani.net/video-postar-je-opazio-uznemirenog-2-godisnjeg-djecaka-na-ulici-a-onda-otkrio-zastrasujuci-prizor-u-kuci13/,csv/Historical-Report-NewsGradient-2022-09-02--2022-09-09.csv,12164
https://www.biscani.net/top-10-najstrasnije-voznje-na-svijetu13/,csv/Historical-Report-NewsGradient-2022-09-02--2022-09-09.csv,12226
https://www.biscani.net/uzeo-je-gumicu-i-zavezao-je-dvije-sibice-ono-sto-je-uslijedilo-na-046-ce-vas-ostaviti-bez-teksta13/,csv/Historical-Report-NewsGradient-2022-09-02--2022-09-09.csv,12287
https://www.biscani.net/video-ljubavnica-upala-na-vjencanje-pa-urlala-na-mladozenju13/,csv/Historical-Report-NewsGradient-2022-09-02--2022-09-09.csv,12353
https://www.biscani.net/ova-ljubav-je-posebna-ugledao-brata-pa-reakcijom-raznjezio-ljude13/,csv/Historical-Report-NewsGradient-2022-09-02--2022-09-09.csv,12407
https://www.biscani.net/odsjekao-prst-usnu-nos-zeli-da-se-pretvori-u-vanzemaljca-foto13/,csv/Historical-Report-NewsGradient-2022-09-02--2022-09-09.csv,12465
https://www.biscani.net/video-koji-morate-pogledati-studenti-napravili-bugatti-automobil-od-gline13/,csv/Historical-Report-NewsGradient-2022-09-02--2022-09-09.csv,12569
https://www.biscani.net/od-sopstvenog-otrova-ne-mozes-se-sakriti-ovo-je-zivotna-ispovijest-ricarda-gira-koja-je-zapalila-internet-12/,csv/Historical-Report-NewsGradient-2022-09-02--2022-09-09.csv,13574
https://www.biscani.net/11-ljudi-koji-su-ulozili-apsolutni-minimum-truda-na-svom-poslu12/,csv/Historical-Report-NewsGradient-2022-09-02--2022-09-09.csv,13637
https://www.biscani.net/putovanje-kroz-bizarnu-povijest-medicinske-opreme-i-uredjaja-donosimo-15-jezivih-fotki12/,csv/Historical-Report-NewsGradient-2022-09-02--2022-09-09.csv,13821
https://www.biscani.net/najveci-fotosop-trol-se-vratio-donosimo-15-urnebesnih-fotki12/,csv/Historical-Report-NewsGradient-2022-09-02--2022-09-09.csv,13923
https://www.biscani.net/vic-dana-psihijatrija12/,csv/Historical-Report-NewsGradient-2022-09-02--2022-09-09.csv,14014
https://www.biscani.net/djevojcica-je-pitala-svoje-susjede-da-joj-budu-djed-i-baka-a-godinama-kasnije-je-otkrila-njihovu-tajnu12/,csv/Historical-Report-NewsGradient-2022-09-02--2022-09-09.csv,14159
https://www.biscani.net/ove-fotke-definitivno-cete-morati-pogledati-vise-puta-da-shvatite-u-cemu-je-fora12/,csv/Historical-Report-NewsGradient-2022-09-02--2022-09-09.csv,14251
https://www.biscani.net/15-pikantnih-fotki-s-vjencanja-zbog-kojih-bi-vam-se-mogli-stvoriti-upitnici-iznad-glave12/,csv/Historical-Report-NewsGradient-2022-09-02--2022-09-09.csv,14351
https://www.biscani.net/natpis-s-jedne-crnogorske-plaze-hit-je-na-drustvenim-mrezama-morate-vidjeti-ovaj-poslovni-pothvat12/,csv/Historical-Report-NewsGradient-2022-09-02--2022-09-09.csv,14456
https://www.biscani.net/prometni-znak-snimljen-negdje-u-dalmaciji-apsolutni-je-hit-na-fejsu-odmah-cete-vidjeti-zasto13/,csv/Historical-Report-NewsGradient-2022-09-02--2022-09-09.csv,14517
https://www.biscani.net/neko-je-na-cesti-kod-biokova-snimio-zabrinjavajuc-prizor-necete-vjerovati-sto-radi-ovaj-vozac12/,csv/Historical-Report-NewsGradient-2022-09-02--2022-09-09.csv,14580
https://www.biscani.net/18-dizajnera-koji-bi-trebali-razmisliti-o-promjeni-karijere-nakon-ovih-epskih-katastrofa12/,csv/Historical-Report-NewsGradient-2022-09-02--2022-09-09.csv,14644
https://www.biscani.net/16-ljudi-podijelilo-je-uzasne-situacije-koje-su-dozivjeli-tijekom-boravka-u-hotelima13/,csv/Historical-Report-NewsGradient-2022-09-09--2022-09-12.csv,18
https://www.biscani.net/14-suludih-prizora-koji-dokazuju-da-zivimo-u-neobicnom-svijetu13/,csv/Historical-Report-NewsGradient-2022-09-09--2022-09-12.csv,19
https://www.biscani.net/tip-na-redditu-je-postavio-slike-novog-groznog-modnog-trenda-kod-mladih-slazete-li-se13/,csv/Historical-Report-NewsGradient-2022-09-09--2022-09-12.csv,23
https://www.biscani.net/9-stvari-koje-zene-u-skandinaviji-rade-drukcije-od-ostatka-svijeta-i-zbog-toga-su-sretnije-13/,csv/Historical-Report-NewsGradient-2022-09-09--2022-09-12.csv,25
https://www.biscani.net/19-cudnih-i-impresivnih-prizora-koje-je-diljem-svijeta-snimio-googleov-street-view13/,csv/Historical-Report-NewsGradient-2022-09-09--2022-09-12.csv,32
https://www.biscani.net/kupac-je-uocio-urnebesnu-pogresku-i-morao-svima-pokazati-racun-koji-mu-je-izdala-trgovina14/,csv/Historical-Report-NewsGradient-2022-09-09--2022-09-12.csv,41
https://www.biscani.net/19-obicnih-ljudi-iz-naseg-susjedstva-koji-su-kopija-poznatih-osoba-iz-svijeta-glume-i-pjevanja14/,csv/Historical-Report-NewsGradient-2022-09-09--2022-09-12.csv,58
https://www.biscani.net/zustri-razgovor-ove-1-godisnje-djevojcice-sa-svojim-tatom-je-najsladja-stvar-koju-cete-pogledati-danas14/,csv/Historical-Report-NewsGradient-2022-09-09--2022-09-12.csv,91
https://www.biscani.net/ovo-morate-vidjeti-gluhi-mladozenja-je-ostao-u-suzama-nakon-sto-je-mlada-otpjevala-pjesmu-znakovnim-jezikom14/,csv/Historical-Report-NewsGradient-2022-09-09--2022-09-12.csv,139
https://www.biscani.net/zena-se-okliznula-na-ledu-ali-ljudi-ne-prestaju-pricati-o-heroju-koji-je-istrcao-iz-auta-da-je-spasi-video14/,csv/Historical-Report-NewsGradient-2022-09-09--2022-09-12.csv,191
https://www.biscani.net/25-puta-kada-dizajnere-nije-bilo-ni-najmanje-briga-za-svoj-posao14/,csv/Historical-Report-NewsGradient-2022-09-09--2022-09-12.csv,250
https://www.biscani.net/cilj-joj-je-105-kristina-24-udala-se-za-milijardera-i-ima-22-djece-ne-mislimo-jos-stati-foto14/,csv/Historical-Report-NewsGradient-2022-09-09--2022-09-12.csv,326
https://www.biscani.net/odbila-ga-jer-je-siromasan-ali-10-godina-poslije-je-gorko-pozalila14/,csv/Historical-Report-NewsGradient-2022-09-09--2022-09-12.csv,467
https://www.biscani.net/uzela-stvari-u-svoje-ruke-majka-cetvero-djece-sama-je-izgradila-kucu-video14/,csv/Historical-Report-NewsGradient-2022-09-09--2022-09-12.csv,586
https://www.biscani.net/orangutan-je-primijetio-malu-pticu-u-nevoljiali-ono-sto-je-uslijedilo-je-najbolja-stvar-ikad-video14/,csv/Historical-Report-NewsGradient-2022-09-09--2022-09-12.csv,650
https://www.biscani.net/pas-u-sredini-je-iznenada-oslijepio-ono-sto-njegovi-drugari-svaki-dan-cine-za-njega-ne-moze-se-platiti-video14/,csv/Historical-Report-NewsGradient-2022-09-09--2022-09-12.csv,710
https://www.biscani.net/napali-su-covjeka-koji-se-cijeli-zivot-brinuo-o-slonu-njegova-reakcija-ostavlja-bez-rijeci14/,csv/Historical-Report-NewsGradient-2022-09-09--2022-09-12.csv,746
https://www.biscani.net/ziri-je-ocekivao-sasvim-normalan-nastup-ali-cim-su-pocele-pjevati-shvatili-su-da-stvari-nisu-kakve-se-cine-video14/,csv/Historical-Report-NewsGradient-2022-09-09--2022-09-12.csv,799
https://www.biscani.net/sve-snimio-zaradio-je-svoj-prvi-novac-igrajuci-video-igrice-i-odlucio-ga-pokloniti-majci-obecao-sam-ti14/,csv/Historical-Report-NewsGradient-2022-09-09--2022-09-12.csv,840
https://www.biscani.net/netko-je-pokazao-svoj-trik-za-ustedu-goriva-i-odusevio-ekipu-na-fejsu-morate-vidjeti13/,csv/Historical-Report-NewsGradient-2022-09-09--2022-09-12.csv,1913
https://www.biscani.net/20-gluposti-koje-smo-povjerovali-zbog-hollywooda13/,csv/Historical-Report-NewsGradient-2022-09-09--2022-09-12.csv,1919
https://www.biscani.net/15-ljudi-koji-su-dozivjeli-zanimljive-slucajnosti-i-morali-ih-svima-pokazati13/,csv/Historical-Report-NewsGradient-2022-09-09--2022-09-12.csv,1921
https://www.biscani.net/19-urnebesnih-scena-koje-su-ljudi-dozivjeli-u-teretani-i-morali-ih-svima-pokazati13/,csv/Historical-Report-NewsGradient-2022-09-09--2022-09-12.csv,1927
https://www.biscani.net/svaka-mama-s-balkana-ponasa-se-tocno-ovako-kada-dolaze-gosti-u-posjet-snimka-je-hit13/,csv/Historical-Report-NewsGradient-2022-09-09--2022-09-12.csv,1931
https://www.biscani.net/neko-je-fotkao-nesvakidasnju-poruku-za-kupce-ovo-ce-vam-ostaviti-upitnike-nad-glavom13/,csv/Historical-Report-NewsGradient-2022-09-09--2022-09-12.csv,1950
https://www.biscani.net/neko-je-pokazao-sta-drzi-u-kutiji-za-prvu-pomoc-i-nasmijao-sviju-na-drustvenim-mrezama13/,csv/Historical-Report-NewsGradient-2022-09-09--2022-09-12.csv,1985
https://www.biscani.net/ovaj-3-godisnjak-je-dobio-priliku-da-svira-bubnjeve-s-orkestrom-ono-sto-se-zatim-desilo-je-neopisivo14/,csv/Historical-Report-NewsGradient-2022-09-09--2022-09-12.csv,2031
https://www.biscani.net/ona-ima-tek-dvije-godine-i-pjeva-kao-adele-ovaj-video-ce-vam-rastopiti-srce14/,csv/Historical-Report-NewsGradient-2022-09-09--2022-09-12.csv,2079
https://www.biscani.net/covjek-s-najludjim-smijehom-na-svijetu-video14/,csv/Historical-Report-NewsGradient-2022-09-09--2022-09-12.csv,2137
https://www.biscani.net/bik-koji-je-nekada-koristen-za-borbe-u-areni-je-trcao-prema-njemu-a-ono-sto-se-dogodilo-ce-vas-ostaviti-bez-rijeci14/,csv/Historical-Report-NewsGradient-2022-09-09--2022-09-12.csv,2198
https://www.biscani.net/da-li-su-vas-oci-prevarile-mozete-li-prebrojati-sve-sibice-na-stolu14/,csv/Historical-Report-NewsGradient-2022-09-09--2022-09-12.csv,2261
https://www.biscani.net/video-mlada-je-odlucila-da-ima-20-djeverusa-jer-nije-mogla-odluciti-koje-prijateljice-da-odabere-za-to14/,csv/Historical-Report-NewsGradient-2022-09-09--2022-09-12.csv,2323
https://www.biscani.net/izgleda-kao-sasvim-obicna-kuca-ali-unutrasnjost-ce-vas-totalno-iznenaditi15/,csv/Historical-Report-NewsGradient-2022-09-09--2022-09-12.csv,2388
https://www.biscani.net/izgleda-kao-obicna-drvena-kuca-u-sibiru-ali-ono-sto-se-krije-ispod-je-nevjerovatno13/,csv/Historical-Report-NewsGradient-2022-09-09--2022-09-12.csv,2441
https://www.biscani.net/transportni-kontejneri-od-2000-dolara-pretvoreni-u-fenomenalne-domove13/,csv/Historical-Report-NewsGradient-2022-09-09--2022-09-12.csv,2506
https://www.biscani.net/video-na-prvi-pogled-izgleda-kao-hrpa-drva-u-sumi-ali-pogledajte-sta-je-zapravo13/,csv/Historical-Report-NewsGradient-2022-09-09--2022-09-12.csv,2542
https://www.biscani.net/mustafa-ruznic-cujem-gradonacelnika-fazlica-koji-kaze-kako-prije-4-godine-video,csv/Historical-Report-NewsGradient-2022-09-09--2022-09-12.csv,2592
https://www.biscani.net/prolaznici-su-ignorirali-ovu-plasticnu-bocu-ona-ju-je-pokupila-a-onda-je-nastalo-ludilo14/,csv/Historical-Report-NewsGradient-2022-09-09--2022-09-12.csv,3830
https://www.biscani.net/kad-je-poceo-kopati-po-dvoristu-nije-imao-pojma-da-ce-pronaci-svog-najboljeg-prijatelja-u-vreci-za-smece-foto14/,csv/Historical-Report-NewsGradient-2022-09-09--2022-09-12.csv,3832
https://www.biscani.net/udala-se-za-bogatasa-da-bi-ga-iskoristila-priredio-joj-sok-zivota-kad-je-umro-video-14/,csv/Historical-Report-NewsGradient-2022-09-09--2022-09-12.csv,3833
https://www.biscani.net/video-kupio-polovan-automobil-no-cekajte-da-vidite-sta-je-pronasao-sakriveno-u-vratima14/,csv/Historical-Report-NewsGradient-2022-09-09--2022-09-12.csv,3834
https://www.biscani.net/video-njegova-supruga-je-izasla-iz-kuce-a-ono-sto-se-dogodilo-nekoliko-trenutaka-kasnije-cete-posmatrati-u-nevjerici14/,csv/Historical-Report-NewsGradient-2022-09-09--2022-09-12.csv,3840
https://www.biscani.net/svekrve-iz-pakla-cure-prepricavaju-najgora-iskustva-sa-svekrvama14/,csv/Historical-Report-NewsGradient-2022-09-09--2022-09-12.csv,3851
https://www.biscani.net/video-djecak-beskucnik-je-spavao-na-ulici-a-zatim-se-pojavio-pas-koji-mu-promjenio-zivot14/,csv/Historical-Report-NewsGradient-2022-09-09--2022-09-12.csv,3893
https://www.biscani.net/video-niko-nije-ocekivao-da-ce-se-desiti-ovo-kada-su-ove-zene-izisle-na-binu14/,csv/Historical-Report-NewsGradient-2022-09-09--2022-09-12.csv,3994
https://www.biscani.net/svojim-nastupom-iznenadila-je-ziri-i-publiku-jedan-od-najboljih-nastupa-koju-cete-vidjeti14/,csv/Historical-Report-NewsGradient-2022-09-09--2022-09-12.csv,4110
https://www.biscani.net/spavala-je-sa-zmijom-a-onda-je-od-veterinara-saznala-nesto-sokantno14/,csv/Historical-Report-NewsGradient-2022-09-09--2022-09-12.csv,4249
https://www.biscani.net/osobolje-zooloskog-vrta-je-bilo-zabrinuto-da-ce-panda-odbiti-bebu-sve-dok-kamere-nisu-snimile-trenutak-kada-se-instinkti-aktiviraju13/,csv/Historical-Report-NewsGradient-2022-09-12--2022-09-13.csv,17
https://www.biscani.net/majka-nije-znala-da-njen-sin-stoji-iza-nje-dok-su-pravili-porodicnu-fotografiju-pogledajte-njenu-reakciju-kad-se-okrenula-video14/,csv/Historical-Report-NewsGradient-2022-09-12--2022-09-13.csv,19
https://www.biscani.net/netko-je-u-dalmaciji-ostavio-jako-zanimljive-upute-za-koristenje-hladnjaka-mnogi-su-zbunjeni14/,csv/Historical-Report-NewsGradient-2022-09-12--2022-09-13.csv,23
https://www.biscani.net/morate-vidjeti-roditelji-dijele-fotki-najgorih-situacija-u-koje-su-ih-uvalila-djeca-urnebesne-su15/,csv/Historical-Report-NewsGradient-2022-09-12--2022-09-13.csv,25
https://www.biscani.net/18-neobicnih-prizora-za-koje-ne-postoji-logicno-objasnjenje-a-sve-su-smjesniji-sto-ih-duze-gledate15/,csv/Historical-Report-NewsGradient-2022-09-12--2022-09-13.csv,35
https://www.biscani.net/17-zena-pozalilo-se-na-cudne-i-iritantne-postupke-svojih-partnera-fotke-su-urnebesne15/,csv/Historical-Report-NewsGradient-2022-09-12--2022-09-13.csv,47
https://www.biscani.net/13-dokaza-da-los-dizajn-nekada-moze-iznervirati-i-najstalozenije15/,csv/Historical-Report-NewsGradient-2022-09-12--2022-09-13.csv,102
https://www.biscani.net/17-ljudi-podijelilo-je-kratke-price-o-frustracijama-kada-se-ne-poklope-ocekivanja-i-realnost-hit-su15/,csv/Historical-Report-NewsGradient-2022-09-12--2022-09-13.csv,144
https://www.biscani.net/12-talentiranih-glumaca-koji-su-upropastili-karijere-jer-uvijek-igraju-istu-ulogu14/,csv/Historical-Report-NewsGradient-2022-09-12--2022-09-13.csv,195
https://www.biscani.net/14-puta-kada-su-ljudi-imali-jedan-plan-a-priroda-je-za-njih-pripremila-nesto-potpuno-drugacije15/,csv/Historical-Report-NewsGradient-2022-09-12--2022-09-13.csv,248
https://www.biscani.net/zagrepcanin-je-ostavio-poruku-liku-koji-je-ostetio-tudje-aute-otkrio-mu-je-sto-je-primijetio14/,csv/Historical-Report-NewsGradient-2022-09-12--2022-09-13.csv,317
https://www.biscani.net/ove-cure-imaju-najgori-dan-u-zivotu-a-vi-cete-imati-najbolju-zabavu-kad-ovo-vidite14/,csv/Historical-Report-NewsGradient-2022-09-12--2022-09-13.csv,386
https://www.biscani.net/vic-tata-i-matematika15/,csv/Historical-Report-NewsGradient-2022-09-12--2022-09-13.csv,441
https://www.biscani.net/ovih-14-fotki-u-rjecniku-se-nalaze-tik-do-definicije-rijeci-neuspjeh15/,csv/Historical-Report-NewsGradient-2022-09-12--2022-09-13.csv,503
https://www.biscani.net/ovi-ljudi-su-mislili-da-su-bili-kul-kao-tinejdzeri-sad-su-podijelili-svoje-fotke-iz-proslosti15/,csv/Historical-Report-NewsGradient-2022-09-12--2022-09-13.csv,707
https://www.biscani.net/bizaran-prizor-iz-rumunjske-googleova-kamera-uhvatila-je-tipa-u-akciji-i-sada-je-hit-na-fejsu15/,csv/Historical-Report-NewsGradient-2022-09-12--2022-09-13.csv,845
https://www.biscani.net/14-fotki-cistog-savrsenstva-pravi-su-melem-za-oci-ova-galerija-ce-vas-ocarati15/,csv/Historical-Report-NewsGradient-2022-09-12--2022-09-13.csv,902
https://www.biscani.net/ovo-su-fotke-snimljene-u-ruskim-podzemnim-zeljeznicama-odabrali-smo-25-najludjih15/,csv/Historical-Report-NewsGradient-2022-09-13--2022-09-14.csv,28
https://www.biscani.net/mjestani-jednog-sela-napisali-su-urnebesnu-zajednicku-poruku-i-nasmijali-tisuce-morate-vidjeti14/,csv/Historical-Report-NewsGradient-2022-09-13--2022-09-14.csv,32
https://www.biscani.net/20-gafova-na-instagram-objavama-koji-su-toliko-smijesni-da-ce-vam-biti-zao-ljudi-s-fotki15/,csv/Historical-Report-NewsGradient-2022-09-13--2022-09-14.csv,39
https://www.biscani.net/15-fotki-zbog-kojih-cete-morati-protrljati-oci-i-pazljivo-pogledati-ponovo15/,csv/Historical-Report-NewsGradient-2022-09-13--2022-09-14.csv,65
https://www.biscani.net/9-urnebesnih-dokaza-da-ce-djeca-izbrisati-dosadu-iz-vaseg-zivota14/,csv/Historical-Report-NewsGradient-2022-09-13--2022-09-14.csv,108
https://www.biscani.net/sokirani-balkanac-pokazao-je-sto-u-kanadi-smatraju-cevapima-ovo-je-neoprostivo15/,csv/Historical-Report-NewsGradient-2022-09-13--2022-09-14.csv,152
https://www.biscani.net/ljudi-dijele-najludje-stvari-koje-su-zatekli-na-poslu-odabrali-smo-15-suludih-scena15/,csv/Historical-Report-NewsGradient-2022-09-13--2022-09-14.csv,207
https://www.biscani.net/sokirat-cete-se-kad-vidite-kako-su-ovi-pametnjakovici-osigurali-teret-u-voznji15/,csv/Historical-Report-NewsGradient-2022-09-13--2022-09-14.csv,275
https://www.biscani.net/15-ekstremno-lijenih-ljudi-za-koje-je-i-disanje-ogroman-napor15/,csv/Historical-Report-NewsGradient-2022-09-13--2022-09-14.csv,336
https://www.biscani.net/vlade-usk-ucestvovala-sa-300-000km-za-nova-vozila-za-potrebe-doma-zdravlja-cazin,csv/Historical-Report-NewsGradient-2022-09-13--2022-09-14.csv,355
https://www.biscani.net/neko-je-u-centru-zagreba-primijetio-nesto-suludo-na-jednom-parkiranom-autu-morate-vidjeti15/,csv/Historical-Report-NewsGradient-2022-09-13--2022-09-14.csv,398
https://www.biscani.net/17-genijalaca-za-koje-ne-postoji-problem-koji-nema-rjesenje-a-njihova-su-jos-i-urnebesna15/,csv/Historical-Report-NewsGradient-2022-09-13--2022-09-14.csv,473
https://www.biscani.net/11-stvari-koje-se-dogode-kad-djecu-ostavite-same-na-sekundu15/,csv/Historical-Report-NewsGradient-2022-09-13--2022-09-14.csv,536
https://www.biscani.net/dijete-u-sastavu-na-temu-majka-otkrilo-malo-previse-plakat-cete-od-smijeha-na-ovaj-domaci-uradak15/,csv/Historical-Report-NewsGradient-2022-09-13--2022-09-14.csv,600
https://www.biscani.net/18-fotki-nakon-kojih-cete-promisliti-da-su-barem-platili-arhitekta15/,csv/Historical-Report-NewsGradient-2022-09-13--2022-09-14.csv,674
https://www.biscani.net/15-carobnih-prizora-koji-pokazuju-kako-izgleda-prava-hladnoca-smrznut-cete-se-od-samog-gledanja15/,csv/Historical-Report-NewsGradient-2022-09-13--2022-09-14.csv,735
https://www.biscani.net/ove-zene-su-toliko-promijenile-svoje-navike-i-izgled-da-necete-vjerovati-kako-su-to-iste-osobe15/,csv/Historical-Report-NewsGradient-2022-09-13--2022-09-14.csv,798
https://www.biscani.net/7-godisnjakov-plan-udvaranja-simpatiji-osvojio-je-internet-ovo-bi-i-stariji-decki-morali-procitati15/,csv/Historical-Report-NewsGradient-2022-09-13--2022-09-14.csv,859
https://www.biscani.net/19-urnebesnih-fotki-na-kojima-ljudi-nisu-mogli-sakriti-svoju-ljubomoru15/,csv/Historical-Report-NewsGradient-2022-09-13--2022-09-14.csv,927
https://www.biscani.net/top-10-strasnih-prizora-koje-necete-tako-lako-izbaciti-iz-glave-ako-uopce-uspijete-pogledati-do-kraja15/,csv/Historical-Report-NewsGradient-2022-09-14--2022-09-15.csv,17
https://www.biscani.net/zeni-je-netko-ukrao-bundeve-pa-je-u-hodniku-zgrade-ostavila-urnebesno-upozorenje-i-nasmijala-tisuce14/,csv/Historical-Report-NewsGradient-2022-09-14--2022-09-15.csv,22
https://www.biscani.net/19-fotki-u-kojima-ce-se-svi-prepoznati13/,csv/Historical-Report-NewsGradient-2022-09-14--2022-09-15.csv,32
https://www.biscani.net/17-starih-fotki-koje-ce-vam-pokazati-da-ne-trebate-instagram-filtere-samo-dobar-stav14/,csv/Historical-Report-NewsGradient-2022-09-14--2022-09-15.csv,61
https://www.biscani.net/internet-se-smije-instagramusi-pokusala-je-izgledati-seksi-pa-se-osramotila14/,csv/Historical-Report-NewsGradient-2022-09-14--2022-09-15.csv,166
https://www.biscani.net/izabrali-smo-15-fantasticnih-transformacija-tip-objavljuje-fotke-prije-i-poslije-preuredjenja14/,csv/Historical-Report-NewsGradient-2022-09-14--2022-09-15.csv,278
https://www.biscani.net/video-ono-sto-ovi-biseri-izvode-na-radnom-mjestu-morate-vidjeti-da-biste-povjerovali14/,csv/Historical-Report-NewsGradient-2022-09-14--2022-09-15.csv,434
https://www.biscani.net/neko-je-u-dalmaciji-iskoristio-danasnju-buru-za-nesto-komicno-i-nasmijao-sve-na-drustvenim-mrezama12/,csv/Historical-Report-NewsGradient-2022-09-14--2022-09-15.csv,518
https://www.biscani.net/trazio-je-savjet-na-fejsu-u-vezi-rada-preko-student-servisa-i-nasmijao-sviju-pogledajte-zasto14/,csv/Historical-Report-NewsGradient-2022-09-14--2022-09-15.csv,596
https://www.biscani.net/ovi-ljudi-imaju-najgore-sefove-na-svijetu-slika-broj-4-je-brutalna15/,csv/Historical-Report-NewsGradient-2022-09-14--2022-09-15.csv,655
https://www.biscani.net/15-fotki-koje-dokazuju-da-vrijeme-donosi-promjene-epskih-razmjera15/,csv/Historical-Report-NewsGradient-2022-09-14--2022-09-15.csv,724
https://www.biscani.net/14-ljudi-koje-definitivno-necete-moci-ne-uociti-u-gomili15/,csv/Historical-Report-NewsGradient-2022-09-14--2022-09-15.csv,788
https://www.biscani.net/zbog-iskrenog-odgovora-ovog-ucenika-na-pitanje-u-domacem-radu-krenut-ce-vam-suze-na-oci-od-smijeha15/,csv/Historical-Report-NewsGradient-2022-09-14--2022-09-15.csv,854
https://www.biscani.net/17-ljudi-koji-bi-dali-sve-da-mogu-izbrisati-ove-stranice-svojih-zivota14/,csv/Historical-Report-NewsGradient-2022-09-14--2022-09-15.csv,922
https://www.biscani.net/autisticni-djecak-je-otpjevao-pjesmu-u-supermarketu-ljudi-su-ostali-u-soku-kada-su-culi-njegov-glas15/,csv/Historical-Report-NewsGradient-2022-09-14--2022-09-15.csv,963
https://www.biscani.net/17-prizora-koji-dokazuju-da-je-kanada-cudna-zemlja15/,csv/Historical-Report-NewsGradient-2022-09-14--2022-09-15.csv,1030
https://www.biscani.net/20-uzasnih-primjera-koji-pokazuju-sto-se-dogodi-kad-pretjerate-s-filterima-i-fotosopom15/,csv/Historical-Report-NewsGradient-2022-09-15--2022-09-16.csv,21
https://www.biscani.net/tip-je-s-ponosom-pokazao-svoju-nesvakidasnju-tetovazu-na-podlaktici-i-postao-viralni-hit15/,csv/Historical-Report-NewsGradient-2022-09-15--2022-09-16.csv,26
https://www.biscani.net/12-super-zanimljivih-fotki-koje-pokazuju-skrivenu-stranu-obicnih-stvari15/,csv/Historical-Report-NewsGradient-2022-09-15--2022-09-16.csv,31
https://www.biscani.net/top-17-ljudi-koji-su-napravili-nesto-sto-nitko-nije-occekivao15/,csv/Historical-Report-NewsGradient-2022-09-15--2022-09-16.csv,41
https://www.biscani.net/20-nevjerojatno-kul-i-prakticnih-proizvoda-koje-cete-odmah-pozeljeti-kupiti15/,csv/Historical-Report-NewsGradient-2022-09-15--2022-09-16.csv,90
https://www.biscani.net/top-16-ljudi-nije-cekalo-cudo-da-im-se-zivot-promijeni-zasukali-su-rukave-i-krenuli15/,csv/Historical-Report-NewsGradient-2022-09-15--2022-09-16.csv,202
https://www.biscani.net/je-li-ovo-najlepsa-ljubavna-prica-odusevice-vas-kako-je-ova-djevojka-svom-decku-cestitala-rodjendan15/,csv/Historical-Report-NewsGradient-2022-09-15--2022-09-16.csv,265
https://www.biscani.net/19-preludih-stvari-koje-mozete-kupiti-preko-interneta-necete-vjerovati-da-ovo-stvarno-postoji15/,csv/Historical-Report-NewsGradient-2022-09-15--2022-09-16.csv,322
https://www.biscani.net/top-18-ljudi-koji-su-posao-vjerojatno-dobili-preko-veze-s-obzirom-na-to-kako-ga-lose-obavljaju15/,csv/Historical-Report-NewsGradient-2022-09-15--2022-09-16.csv,395
https://www.biscani.net/17-prije-i-poslije-fotki-koje-ce-vas-oduseviti15/,csv/Historical-Report-NewsGradient-2022-09-15--2022-09-16.csv,455
https://www.biscani.net/skocio-s-litice-kako-bi-pomogao-prijatelju-u-nevolji-ovaj-plemeniti-potez-ekspresno-postao-viralni-hit14/,csv/Historical-Report-NewsGradient-2022-09-15--2022-09-16.csv,522
https://www.biscani.net/video-neobicna-prica-iza-jednog-od-prvih-viralnih-videa-u-povijesti14/,csv/Historical-Report-NewsGradient-2022-09-15--2022-09-16.csv,576
https://www.biscani.net/ako-vas-ove-fotografije-ne-raznjeze-srce-vam-je-tvrdje-od-kamena14/,csv/Historical-Report-NewsGradient-2022-09-15--2022-09-16.csv,634
https://www.biscani.net/video-novinar-pitao-curu-zasto-je-promukla-svijet-mu-se-srusio-kad-je-cuo-njen-odgovor14/,csv/Historical-Report-NewsGradient-2022-09-15--2022-09-16.csv,702
https://www.biscani.net/prestrasio-ga-ferrari-video-nastao-u-zadru-postao-svjetski-viralni-hit14/,csv/Historical-Report-NewsGradient-2022-09-15--2022-09-16.csv,771
https://www.biscani.net/video-djecak-u-bolnici-na-sav-glas-pjevao-omiljenu-pjesmu-video-topi-srca14/,csv/Historical-Report-NewsGradient-2022-09-15--2022-09-16.csv,849
https://www.biscani.net/15-ljudi-fotkali-su-trenutke-koji-ce-u-vama-probuditi-perfekcionista14/,csv/Historical-Report-NewsGradient-2022-09-15--2022-09-16.csv,898
https://www.biscani.net/top-15-fotografija-talijanski-umjetnik-koristi-svoje-tijelo-umjesto-platna-za-prerealisticne-opticke-iluzije15/,csv/Historical-Report-NewsGradient-2022-09-17--2022-09-18.csv,10
https://www.biscani.net/15-smijesnih-slika-stvari-koje-su-genijalci-popravili-bez-ikakvih-troskova15/,csv/Historical-Report-NewsGradient-2022-09-17--2022-09-18.csv,20
https://www.biscani.net/prije-sest-godina-radnicima-digao-platu-a-sebi-smanjio-ovako-danas-posluje13/,csv/Historical-Report-NewsGradient-2022-09-17--2022-09-18.csv,41
https://www.biscani.net/20-fotki-ovisnika-prije-i-nakon-odvikavanja-necete-vjerovati-da-se-radi-o-istim-ljudima15/,csv/Historical-Report-NewsGradient-2022-09-17--2022-09-18.csv,72
https://www.biscani.net/17-ljudi-koji-su-samo-htjeli-normalno-pice-a-dobili-iznenadjenja-koja-nikad-nece-zaboraviti15/,csv/Historical-Report-NewsGradient-2022-09-17--2022-09-18.csv,121
https://www.biscani.net/20-ljudi-podijelili-su-komicne-situacije-koje-su-dozivjeli-s-clanovima-obitelji-i-sve-nas-nasmijali15/,csv/Historical-Report-NewsGradient-2022-09-17--2022-09-18.csv,179
https://www.biscani.net/10-ljudi-za-koje-bi-bilo-pametnije-da-nikad-nisu-upalili-photoshop15/,csv/Historical-Report-NewsGradient-2022-09-17--2022-09-18.csv,242
https://www.biscani.net/25-ljudi-koji-su-zapeli-sa-zaljubljenim-nama-je-neugodno-bilo-gledati-a-kako-je-tek-njima15/,csv/Historical-Report-NewsGradient-2022-09-17--2022-09-18.csv,297
https://www.biscani.net/potajno-je-snimala-zenu-ispred-sebe-u-autobusu-prizor-ju-je-ostavio-u-nevjerici15/,csv/Historical-Report-NewsGradient-2022-09-17--2022-09-18.csv,359
https://www.biscani.net/top-15-fotografija-talijanski-umjetnik-koristi-svoje-tijelo-umjesto-platna-za-prerealisticne-opticke-iluzije15/,csv/Historical-Report-NewsGradient-2022-09-17--2022-09-18.csv,437
https://www.biscani.net/top-19-strasnih-prizora-koje-ne-mozete-pogledati-bez-da-osjetite-nelagodu15/,csv/Historical-Report-NewsGradient-2022-09-17--2022-09-18.csv,509
https://www.biscani.net/20-ljudi-cija-masta-je-toliko-urnebesna-da-zasluzuje-da-je-citav-svijet-vidi15/,csv/Historical-Report-NewsGradient-2022-09-17--2022-09-18.csv,572
https://www.biscani.net/video-mladi-par-je-primijetio-nesto-neobicno-na-zaledjenom-jezeru-a-onda-je-uslijedila-prava-drama14/,csv/Historical-Report-NewsGradient-2022-09-17--2022-09-18.csv,635
https://www.biscani.net/18-fotki-iz-kojih-je-vidljivo-koliko-bi-svijet-bio-bolje-mjesto-kada-bismo-mu-posvetili-malo-paznje15/,csv/Historical-Report-NewsGradient-2022-09-17--2022-09-18.csv,698
https://www.biscani.net/10-puta-kad-su-ljudi-napravili-stvari-koje-su-se-pokvarile-na-spektakularan-i-strasan-nacin15/,csv/Historical-Report-NewsGradient-2022-09-17--2022-09-18.csv,767
https://www.biscani.net/18-situacija-u-kojima-su-ljudi-stvarno-imali-srece15/,csv/Historical-Report-NewsGradient-2022-09-17--2022-09-18.csv,821
https://www.biscani.net/video-mladic-je-stao-kraj-ogromnog-vuka-i-snimio-nesto-sto-su-mnogi-smatrali-nemogucim15/,csv/Historical-Report-NewsGradient-2022-09-18--2022-09-19.csv,11
https://www.biscani.net/video-da-ne-postoje-snimke-sigurnosnih-kamera-vjerojatno-ne-bi-ste-ni-povjerovali-da-su-se-ove-stvari-dogodile15/,csv/Historical-Report-NewsGradient-2022-09-18--2022-09-19.csv,12
https://www.biscani.net/majka-je-ostavila-bebu-u-napustenoj-kuci-10-godina-kasnije-je-saznala-nevjerovatnu-istinu-video15/,csv/Historical-Report-NewsGradient-2022-09-18--2022-09-19.csv,18
https://www.biscani.net/video-blagajnica-je-zgrabila-bebu-iz-majcinih-ruku-a-ono-sto-je-uslijedilo-ce-vas-zapanjiti14/,csv/Historical-Report-NewsGradient-2022-09-18--2022-09-19.csv,24
https://www.biscani.net/video-vozac-autobusa-izignorirao-je-zabranu-most-se-poceo-savijati-a-netko-je-snimio-strasan-prizor16/,csv/Historical-Report-NewsGradient-2022-09-18--2022-09-19.csv,46
https://www.biscani.net/neko-se-poveselio-jer-je-pronasao-novcanicu-morate-vidjeti-sto-je-ugledao-kad-ju-je-rasklopio14/,csv/Historical-Report-NewsGradient-2022-09-18--2022-09-19.csv,78
https://www.biscani.net/renovirali-su-plafon-svoje-kuce-a-onda-pronasli-skrivenu-torbu-sa-dugo-cuvanom-tajnom16/,csv/Historical-Report-NewsGradient-2022-09-18--2022-09-19.csv,133
https://www.biscani.net/17-sumnjivo-namjestenih-reklama-koje-izgledaju-kao-da-nisu-bile-slucajnost14/,csv/Historical-Report-NewsGradient-2022-09-18--2022-09-19.csv,183
https://www.biscani.net/izvana-izgleda-kao-veliki-kamion-ali-kad-pritisnete-dugme-sve-se-mijenja14/,csv/Historical-Report-NewsGradient-2022-09-18--2022-09-19.csv,238
https://www.biscani.net/ovog-ima-samo-u-sloveniji-pogledajte-tko-se-nonsalantno-prosetao-preko-kruznog-toka14/,csv/Historical-Report-NewsGradient-2022-09-18--2022-09-19.csv,239
https://www.biscani.net/njegov-vlasnik-se-konacno-vratio-kuci-reakcija-psa-je-cak-i-njega-iznenadila14/,csv/Historical-Report-NewsGradient-2022-09-18--2022-09-19.csv,372
https://www.biscani.net/ova-kuca-izgleda-previse-mala-ali-cekajte-da-vidite-kakva-je-unutra-foto15/,csv/Historical-Report-NewsGradient-2022-09-18--2022-09-19.csv,497
https://www.biscani.net/25-fotki-nakon-kojih-cete-se-zapitati-sta-sam-ovo-pogledao15/,csv/Historical-Report-NewsGradient-2022-09-18--2022-09-19.csv,618
https://www.biscani.net/porodica-se-na-plazi-skroz-udomacila-i-nasmijala-drustvene-mreze-pogledajte-cime-su-se-bavili12/,csv/Historical-Report-NewsGradient-2022-09-18--2022-09-19.csv,735
https://www.biscani.net/usvojili-su-psa-a-da-ga-nisu-ni-vidjeli-kad-su-otvorili-vrata-kamiona-desilo-se-nesto-nevjerovatno-14-2/,csv/Historical-Report-NewsGradient-2022-09-18--2022-09-19.csv,842
https://www.biscani.net/12-fotografija-koje-morate-pogledati-2-puta-da-ih-skuzite16/,csv/Historical-Report-NewsGradient-2022-09-18--2022-09-19.csv,950
https://www.biscani.net/15-ljudi-dijeli-jednostavne-savjete-koji-su-im-promijenili-nacin-razmisljanja-a-time-i-zivot14/,csv/Historical-Report-NewsGradient-2022-09-18--2022-09-19.csv,1066
https://www.biscani.net/vic-muskarci12/,csv/Historical-Report-NewsGradient-2022-09-19--2022-09-20.csv,17
https://www.biscani.net/top-18-u-ovoj-grupi-prikupljaju-najgore-primjere-odjece-koju-su-ljudi-stvarno-nosili-evo-najgorih15/,csv/Historical-Report-NewsGradient-2022-09-19--2022-09-20.csv,19
https://www.biscani.net/vic-mujo-ceka-autobus12/,csv/Historical-Report-NewsGradient-2022-09-19--2022-09-20.csv,24
https://www.biscani.net/tip-je-podijelio-12-genijalnih-savjeta-za-koje-bi-volio-da-mu-ih-je-netko-otkrio-ranije15/,csv/Historical-Report-NewsGradient-2022-09-19--2022-09-20.csv,29
https://www.biscani.net/video-ovaj-zaposlenik-svakodnevno-prepada-sefa-na-poslu-kaze-da-ce-nastaviti-dok-ne-dobije-otkaz15/,csv/Historical-Report-NewsGradient-2022-09-19--2022-09-20.csv,34
https://www.biscani.net/video-da-postoji-natjecanje-za-najgori-dan-na-poslu-ikad-ovi-tipovi-bi-definitivno-bili-pobjednici16/,csv/Historical-Report-NewsGradient-2022-09-19--2022-09-20.csv,42
https://www.biscani.net/12-ljudi-koji-su-kupili-kucu-i-u-njoj-pronasli-zanimljivo-iznenadjenje16/,csv/Historical-Report-NewsGradient-2022-09-19--2022-09-20.csv,65
https://www.biscani.net/video-poceli-da-redaju-drva-u-dvoristu-jednostavnom-idejom-odusevili-cijeli-svijet13/,csv/Historical-Report-NewsGradient-2022-09-19--2022-09-20.csv,101
https://www.biscani.net/6-cinjenica-o-zivotu-njemackog-naroda-koje-ce-vas-natjerati-da-kazete-i-nama-to-treba15/,csv/Historical-Report-NewsGradient-2022-09-19--2022-09-20.csv,158
https://www.biscani.net/je-li-ovo-najgori-vozac-ikad-morate-vidjeti-ovu-borbu-s-rampom13/,csv/Historical-Report-NewsGradient-2022-09-19--2022-09-20.csv,197
https://www.biscani.net/ova-grupa-posvecena-je-zanimljivim-stvarima-evo-16-najboljih-objava13/,csv/Historical-Report-NewsGradient-2022-09-19--2022-09-20.csv,264
https://www.biscani.net/vic-svadja-muje-i-fate12/,csv/Historical-Report-NewsGradient-2022-09-19--2022-09-20.csv,321
https://www.biscani.net/15-ljudi-koji-su-imali-srece-i-pronasli-nesto-zaista-posebno14/,csv/Historical-Report-NewsGradient-2022-09-19--2022-09-20.csv,400
https://www.biscani.net/vic-olimpijada12/,csv/Historical-Report-NewsGradient-2022-09-19--2022-09-20.csv,464
https://www.biscani.net/vic-rus-amerikanac-i-bosanac-o-vrijednostima-drzava12/,csv/Historical-Report-NewsGradient-2022-09-19--2022-09-20.csv,545
https://www.biscani.net/video-prisao-je-beskucniku-i-dao-mu-patike-no-ono-sto-je-uradio-na-242-ostavilo-nas-je-bez-teksta15/,csv/Historical-Report-NewsGradient-2022-09-19--2022-09-20.csv,606
https://www.biscani.net/vic-gluha-fata12/,csv/Historical-Report-NewsGradient-2022-09-19--2022-09-20.csv,682
https://www.biscani.net/17-cinjenica-o-juznoj-koreji-koje-ce-vas-fascinirati-ovo-je-neki-potpuno-drugi-svijet15/,csv/Historical-Report-NewsGradient-2022-09-19--2022-09-20.csv,749
https://www.biscani.net/15-fotografija-koje-dokazuju-da-se-juzna-koreja-razlikuje-od-bilo-koje-druge-zemlje15/,csv/Historical-Report-NewsGradient-2022-09-19--2022-09-20.csv,910
https://www.biscani.net/video-15-najcudnijih-prizora-koje-cete-danas-vidjeti15/,csv/Historical-Report-NewsGradient-2022-09-19--2022-09-20.csv,1056
https://www.biscani.net/video-izgleda-nemoguce-ali-ovo-je-prva-osoba-koja-je-letjela-avionom-kroz-cak-dva-tunela15/,csv/Historical-Report-NewsGradient-2022-09-19--2022-09-20.csv,1220
https://www.biscani.net/isprve-djeluje-kao-prosjecan-tip-ali-zbog-svoje-cudne-obuce-nigdje-ne-moze-proci-neprimjecen15/,csv/Historical-Report-NewsGradient-2022-09-19--2022-09-20.csv,1369
https://www.biscani.net/tip-snimljen-u-dalmaciji-postao-je-hit-na-drustvenim-mrezama-zbog-urnebesnog-modnog-detalja12/,csv/Historical-Report-NewsGradient-2022-09-20--2022-09-21.csv,18
https://www.biscani.net/15-ljudi-koji-su-dozivjeli-prizore-koje-jos-dugo-dugo-nece-moci-izbaciti-iz-glave16/,csv/Historical-Report-NewsGradient-2022-09-20--2022-09-21.csv,24
https://www.biscani.net/video-mladic-komentarisao-izgled-svoje-djevojke-ni-ne-sluteci-da-stoji-iza-njega-njena-reakcija-bila-brza16/,csv/Historical-Report-NewsGradient-2022-09-20--2022-09-21.csv,26
https://www.biscani.net/21-osoba-koja-bi-pobijedila-da-postoji-natjecanje-u-najgorem-danu-ikad16/,csv/Historical-Report-NewsGradient-2022-09-20--2022-09-21.csv,29
https://www.biscani.net/htjeli-su-ustedjeti-na-prostoru-u-maloj-kupaonici-a-sada-se-cijeli-internet-smije-njihovom-rjesenju16/,csv/Historical-Report-NewsGradient-2022-09-20--2022-09-21.csv,40
https://www.biscani.net/svi-dijele-ovaj-video-medvjedi-otvorili-vrata-automobila-i-ukrali-sredstva-za-ciscenje16/,csv/Historical-Report-NewsGradient-2022-09-20--2022-09-21.csv,64
https://www.biscani.net/vic-bakica-kod-doktora14/,csv/Historical-Report-NewsGradient-2022-09-20--2022-09-21.csv,332
https://www.biscani.net/video-osam-mjeseci-se-dopisivao-s-djevojkom-koju-nije-vidio-pa-otkrio-da-je-to-njegova-cimerka15/,csv/Historical-Report-NewsGradient-2022-09-20--2022-09-21.csv,460
https://www.biscani.net/video-jedna-od-najjacih-zena-na-svijetu-svojom-snagom-postidi-svakog-muskarca16/,csv/Historical-Report-NewsGradient-2022-09-20--2022-09-21.csv,528
https://www.biscani.net/prodala-svoju-ljubav-i-zaradila-250-000-dolara12/,csv/Historical-Report-NewsGradient-2022-09-20--2022-09-21.csv,596
https://www.biscani.net/suprug-je-napustio-zenu-nakon-sto-je-dobila-opekline-na-40-lica-i-tijela-ali-nije-ocekivao-njen-povratak16/,csv/Historical-Report-NewsGradient-2022-09-20--2022-09-21.csv,661
https://www.biscani.net/svadba-u-bugarskoj-ovakvo-musko-kolo-jos-niste-vidjeli-video15/,csv/Historical-Report-NewsGradient-2022-09-20--2022-09-21.csv,733
https://www.biscani.net/otpratila-je-slijepu-djevojku-na-binu-a-kada-je-pocela-pjevati-ostavila-je-ziri-bez-teksta-video16/,csv/Historical-Report-NewsGradient-2022-09-20--2022-09-21.csv,804
https://www.biscani.net/13-razloga-zbog-kojih-je-svedska-svijet-za-sebe-kao-da-nisu-s-ovog-planeta15/,csv/Historical-Report-NewsGradient-2022-09-20--2022-09-21.csv,889
https://www.biscani.net/video-isjekla-rolnu-wc-papira-a-zatim-ju-je-dobro-namocila-kada-su-njeni-ukucani-vidjeli-rezultat-bili-su-joj-do-neba-zahvalni-evo-i-zasto14/,csv/Historical-Report-NewsGradient-2022-09-21--2022-09-22.csv,72
https://www.biscani.net/zbogom-visecem-stomaku-mozete-ga-ukloniti-s-ovim-snaznim-prirodnim-lijekom-za-samo-10-dana12/,csv/Historical-Report-NewsGradient-2022-09-21--2022-09-22.csv,111
https://www.biscani.net/10-ljudi-koji-su-donijeli-pogresne-odluke-i-odmah-pozalili15/,csv/Historical-Report-NewsGradient-2022-09-21--2022-09-22.csv,174
https://www.biscani.net/fotograf-pretvara-europske-znamenitosti-u-zabavne-kreacije-koristeci-samo-papirnate-izrezotine-a-tek-kad-vidite-8-fotku16/,csv/Historical-Report-NewsGradient-2022-09-21--2022-09-22.csv,224
https://www.biscani.net/pjesacima-u-njemackoj-nikad-nije-dosadno-dok-cekaju-zeleno-svjetlo-ovo-rjesenje-je-genijalno16/,csv/Historical-Report-NewsGradient-2022-09-21--2022-09-22.csv,283
https://www.biscani.net/15-ljudi-koji-su-izasli-vani-i-tamo-zatekli-svoje-dvojnike16/,csv/Historical-Report-NewsGradient-2022-09-21--2022-09-22.csv,344
https://www.biscani.net/zacudjeni-kupci-nisu-mogli-nista-drugo-nego-se-nasmijati-ludom-natpisu-na-ovoj-trgovini16/,csv/Historical-Report-NewsGradient-2022-09-21--2022-09-22.csv,404
https://www.biscani.net/ako-ustajete-u-6-7-ili-8-evo-kada-morate-na-spavanje-da-biste-se-probudili-odmorni15/,csv/Historical-Report-NewsGradient-2022-09-21--2022-09-22.csv,479
https://www.biscani.net/16-cura-koje-ce-zapamtiti-svoj-najljepsi-dan-u-zivotu-po-prelosim-make-up-ovima16/,csv/Historical-Report-NewsGradient-2022-09-21--2022-09-22.csv,558
https://www.biscani.net/19-predmeta-koji-su-nakon-temeljitog-ciscenja-ponovno-zasjali16/,csv/Historical-Report-NewsGradient-2022-09-21--2022-09-22.csv,624
https://www.biscani.net/prije-cete-vidjeti-jednoroga-nego-ovih-16-nevjerojatnih-cuda-prirode15/,csv/Historical-Report-NewsGradient-2022-09-21--2022-09-22.csv,699
https://www.biscani.net/mozete-li-skuziti-sto-se-dogadja-na-ovoj-fotki-ekipu-rodjenu-90-ih-odmah-ce-uhvatiti-nostalgija16/,csv/Historical-Report-NewsGradient-2022-09-21--2022-09-22.csv,763
https://www.biscani.net/mapa-otkriva-najcesca-pitanja-upisana-u-google-i-svi-se-smiju-turskoj-pogledajte-sto-guglaju-hrvati13/,csv/Historical-Report-NewsGradient-2022-09-21--2022-09-22.csv,836
https://www.biscani.net/mapa-otkriva-najcesca-pitanja-upisana-u-google-i-svi-se-smiju-turskoj-pogledajte-sto-guglaju-hrvati13/,csv/Historical-Report-NewsGradient-2022-09-21--2022-09-22.csv,901
https://www.biscani.net/20-fotki-ljudi-koji-su-ocito-rodjeni-pod-sretnom-zvijezdom-fotke-su-genijalne16/,csv/Historical-Report-NewsGradient-2022-09-21--2022-09-22.csv,980
https://www.biscani.net/snimka-iz-sad-a-kamera-zabiljezila-neobjasnjivu-siluetu-kako-seta-ispred-kuce14/,csv/Historical-Report-NewsGradient-2022-09-21--2022-09-22.csv,1065
https://www.biscani.net/video-izgleda-kao-obican-avion-ali-ostat-cete-bez-rijeci-kada-pogledate-unutrasnjost16/,csv/Historical-Report-NewsGradient-2022-09-21--2022-09-22.csv,1133
https://www.biscani.net/ljudi-dijele-fotke-najludjih-stvari-koje-su-vidjeli-na-cestama-evo-12-primjera15/,csv/Historical-Report-NewsGradient-2022-09-21--2022-09-22.csv,1204
https://www.biscani.net/video-covjek-se-snimio-kako-stoji-na-rubu-opasne-stijene-i-sokirao-internet15/,csv/Historical-Report-NewsGradient-2022-09-21--2022-09-22.csv,1509
https://www.biscani.net/rakun-se-raspametio-kada-mu-je-atraktivna-cura-prisla-u-zooloskom-vrtu-ovo-je-presmijesno13/,csv/Historical-Report-NewsGradient-2022-09-22--2022-09-23.csv,8
https://www.biscani.net/poceli-su-kopati-oko-moai-statua-ono-sto-su-otkrili-je-najvece-otrkice-danasnjice16/,csv/Historical-Report-NewsGradient-2022-09-22--2022-09-23.csv,9
https://www.biscani.net/cijeli-internet-smije-se-hit-prizoru-s-gradilista-morate-vidjeti-kako-je-baustelac-osigurao-kolegu16/,csv/Historical-Report-NewsGradient-2022-09-22--2022-09-23.csv,13
https://www.biscani.net/lik-je-sjeo-u-kafic-uhvatiti-sunca-i-malo-se-previse-raskomotio-morate-vidjeti-ovaj-hit15/,csv/Historical-Report-NewsGradient-2022-09-22--2022-09-23.csv,14
https://www.biscani.net/on-je-dobacivao-i-vrijedjao-djevojku-na-ulici-njena-0sveta-je-odusevila-cijeli-svijet15/,csv/Historical-Report-NewsGradient-2022-09-22--2022-09-23.csv,18
https://www.biscani.net/pas-nije-htio-napustiti-vlasnicu-trcao-je-za-vozilom-hitne-pomoci-sve-do-bolnice15/,csv/Historical-Report-NewsGradient-2022-09-22--2022-09-23.csv,21
https://www.biscani.net/video-london-ima-nebeski-bazen-koji-na-visini-od-35-metara-povezuje-dvije-zgrade-biste-li-se-usudili16/,csv/Historical-Report-NewsGradient-2022-09-22--2022-09-23.csv,26
https://www.biscani.net/cijeli-internet-smije-se-ovim-genijalcima-zbog-onoga-sto-su-posto-poto-pokusali-ugurati-u-prljaznik15/,csv/Historical-Report-NewsGradient-2022-09-22--2022-09-23.csv,35
https://www.biscani.net/primjetila-je-ovu-napustenu-supu-odlucila-je-da-udje-unutra-i-ugledala-je-ovo16/,csv/Historical-Report-NewsGradient-2022-09-22--2022-09-23.csv,74
https://www.biscani.net/video-15-najcudnijih-otkrica-koja-su-ljudi-pronasli-u-oceanima15/,csv/Historical-Report-NewsGradient-2022-09-22--2022-09-23.csv,177
https://www.biscani.net/nikada-necete-poverovati-kako-su-izgledale-ove-poznate-licnosti-dok-su-bile-u-srednjoj-skoli-broj-19-uopste-ne-lici-na-sebe16/,csv/Historical-Report-NewsGradient-2022-09-22--2022-09-23.csv,405
https://www.biscani.net/video-pas-se-u-ocaju-cuvao-za-ivicu-bunara-u-koji-je-upao-a-onda-se-pojavila-grupa-heroja16/,csv/Historical-Report-NewsGradient-2022-09-22--2022-09-23.csv,469
https://www.biscani.net/ljudska-barbika-djevojku-zbog-njene-ljepote-roditelji-nigdje-ne-pustaju-samu16/,csv/Historical-Report-NewsGradient-2022-09-22--2022-09-23.csv,530
https://www.biscani.net/da-ne-povjerujes-ostacete-bez-teksta-kada-vidite-za-sta-rusi-koriste-ove-ogromne-pse16/,csv/Historical-Report-NewsGradient-2022-09-22--2022-09-23.csv,592
https://www.biscani.net/video-stranac-je-cekao-da-djecak-zaspi-u-vozu-a-onda-je-mami-dao-papiric-sa-porukom15/,csv/Historical-Report-NewsGradient-2022-09-22--2022-09-23.csv,661
https://www.biscani.net/video-24-godisnja-djevojka-je-imala-300-kg-godinu-dana-kasnije-ona-je-neprepoznatljiva14/,csv/Historical-Report-NewsGradient-2022-09-22--2022-09-23.csv,743
https://www.biscani.net/ovo-su-najcudnija-mjesta-i-poze-u-kojima-spavaju-macke-broj-6-ce-vas-nasmijati-do-suza14/,csv/Historical-Report-NewsGradient-2022-09-22--2022-09-23.csv,810
https://www.biscani.net/rekao-je-majci-da-dodje-na-njegovo-diplomiranje-a-kada-je-dosla-ostala-je-bez-teksta-ovo-ni-u-snu-nije-ocekivala-od-svog-sina14/,csv/Historical-Report-NewsGradient-2022-09-22--2022-09-23.csv,889
https://www.biscani.net/ako-ikada-vidite-ovo-stvorenje-na-plazi-pocnite-trcati14/,csv/Historical-Report-NewsGradient-2022-09-22--2022-09-23.csv,950
https://www.biscani.net/video-elektricar-je-ugledao-zvecarku-kad-je-pogledao-bolje-shvatio-je-da-nesto-nije-u-redu16/,csv/Historical-Report-NewsGradient-2022-09-22--2022-09-23.csv,1031
https://www.biscani.net/genijalno-nakon-sto-ovo-pogledate-tusiranje-bez-ovih-stvarcica-ce-vam-biti-nezamislivo16/,csv/Historical-Report-NewsGradient-2022-09-22--2022-09-23.csv,1113
https://www.biscani.net/video-zaposlila-ga-da-joj-cuva-kucne-ljubimce-a-onda-ga-je-na-kameri-snimila-kako-radi-ovo16/,csv/Historical-Report-NewsGradient-2022-09-22--2022-09-23.csv,1185
https://www.biscani.net/izgubio-je-zenu-koju-je-volio-vise-od-zivota-2-godine-kasnije-stiglo-mu-je-pismo-u-kom-je-pisalo-nesto-nezamislivo16/,csv/Historical-Report-NewsGradient-2022-09-22--2022-09-23.csv,1260
https://www.biscani.net/video-godinu-dana-nakon-sinove-smrti-zena-je-dosla-sa-bebom-niko-nije-mogao-ni-slutiti-ko-je-otac16/,csv/Historical-Report-NewsGradient-2022-09-22--2022-09-23.csv,1338
https://www.biscani.net/nakon-8-godina-veze-mladic-je-konacno-zaprosio-a-onda-je-ugledala-svoju-fotografiju-sa-vjeridbe-i-nije-mogla-vjerovati-kada-je-dosao-dan-vencanja-niko-od-rodbine-nije-mogao-da-prepozna-mladu-nevje16/,csv/Historical-Report-NewsGradient-2022-09-22--2022-09-23.csv,1411
https://www.biscani.net/umrijet-cete-od-smijeha-kad-vidite-sto-je-tip-iz-sibenika-zalijepio-na-svojeg-ficu16/,csv/Historical-Report-NewsGradient-2022-09-22--2022-09-23.csv,1485
https://www.biscani.net/papagaj-je-cekao-vlasnika-da-se-vrati-kuci-ne-smijete-propustiti-njegovu-reakciju-kad-ga-je-konacno-ugledao15/,csv/Historical-Report-NewsGradient-2022-09-22--2022-09-23.csv,1559
https://www.biscani.net/video-doktori-10-godina-nisu-mogli-dijagnosticirati-zeninu-misterioznu-a-zatim-su-ova-dva-heroja-otkrila-nesto-nevjerovatno15/,csv/Historical-Report-NewsGradient-2022-09-23--2022-09-24.csv,13
https://www.biscani.net/usvojili-su-psa-a-da-ga-nisu-ni-vidjeli-kad-su-otvorili-vrata-kamiona-desilo-se-nesto-nevjerovatno-15/,csv/Historical-Report-NewsGradient-2022-09-23--2022-09-24.csv,19
https://www.biscani.net/15-nevjerovatnih-ljudi-koji-lice-na-predmete-broj-9-ce-vas-jako-nasmijati14/,csv/Historical-Report-NewsGradient-2022-09-23--2022-09-24.csv,27
https://www.biscani.net/ova-mala-kuca-od-25-kvadrata-je-definicija-savremenog-kompaktnog-zivota-unutrasnjost-je-savrsenstvo15/,csv/Historical-Report-NewsGradient-2022-09-23--2022-09-24.csv,34
https://www.biscani.net/plakat-cete-od-smijeha-kad-vidite-kako-je-lik-komentirao-izgled-svojeg-nekadasnjeg-idola14/,csv/Historical-Report-NewsGradient-2022-09-23--2022-09-24.csv,42
https://www.biscani.net/salma-hayek-dobila-je-2-milijuna-lajkova-ali-ovaj-tip-u-komentaru-zasluzio-je-barem-duplo-toliko13/,csv/Historical-Report-NewsGradient-2022-09-23--2022-09-24.csv,70
https://www.biscani.net/dobro-dosli-u-rusiju-20-precudnih-prizora-uhvacenih-u-najvecoj-drzavi-na-svijetu16/,csv/Historical-Report-NewsGradient-2022-09-23--2022-09-24.csv,133
https://www.biscani.net/covjek-je-htio-napisati-da-prodaje-kucu-no-onda-je-napravio-urnebesnu-pogresku15/,csv/Historical-Report-NewsGradient-2022-09-23--2022-09-24.csv,209
https://www.biscani.net/oglas-ovog-beogradjanina-zovu-najboljim-u-povijesti-interneta-pogledajte-kakve-tenisice-kupuje15/,csv/Historical-Report-NewsGradient-2022-09-23--2022-09-24.csv,257
https://www.biscani.net/30-ljudi-uhvacenih-u-krajnje-neugodnim-situacijama16/,csv/Historical-Report-NewsGradient-2022-09-23--2022-09-24.csv,317
https://www.biscani.net/video-na-cesti-vidio-crnu-masu-onda-je-shvatio-zasto-su-svi-ostali-automobili-stali16/,csv/Historical-Report-NewsGradient-2022-09-23--2022-09-24.csv,386
https://www.biscani.net/stavio-je-malo-uglja-u-karton-za-jaja-kada-ga-je-zatvorio-i-vezao-gumicom-otkrio-im-je-trik-zbog-kojeg-ce-mu-biti-zahvalni-dok-su-zivi-evo-o-cemu-se-radi15/,csv/Historical-Report-NewsGradient-2022-09-23--2022-09-24.csv,461
https://www.biscani.net/25-najgorih-kopija-poznatih-brandova-ovo-je-strasno15/,csv/Historical-Report-NewsGradient-2022-09-23--2022-09-24.csv,541
https://www.biscani.net/netko-je-slikao-radnika-fast-food-kioska-i-otkrio-odvratnu-stranu-pripreme-ulicne-hrane15/,csv/Historical-Report-NewsGradient-2022-09-23--2022-09-24.csv,606
https://www.biscani.net/foto-16-ljudi-je-uradilo-nemoguce-broj-6-nije-sa-ove-planete15/,csv/Historical-Report-NewsGradient-2022-09-23--2022-09-24.csv,674
https://www.biscani.net/top-20-nevjerovatne-foto-iluzije-poslije-kojih-vam-nece-biti-dobro-broj-15-je-impresivno-odradjena15/,csv/Historical-Report-NewsGradient-2022-09-23--2022-09-24.csv,761
https://www.biscani.net/par-je-stao-na-plesni-podij-kada-je-muzika-pocela-priredili-su-trenutak-za-pamcenje16/,csv/Historical-Report-NewsGradient-2022-09-23--2022-09-24.csv,814
https://www.biscani.net/grom-udario-u-hrast-a-ono-sto-je-ovaj-domacin-pronasao-u-njemu-promijenit-ce-mu-zivot16/,csv/Historical-Report-NewsGradient-2022-09-23--2022-09-24.csv,863
https://www.biscani.net/pronasao-je-usamljenog-vuka-u-sumi-pogledao-mu-je-sapu-a-zatim-je-napravio-odluku-koja-mu-je-spasila-zivot15/,csv/Historical-Report-NewsGradient-2022-09-24--2022-09-25.csv,4
https://www.biscani.net/necete-vjerovati-sto-prevozi-ovaj-kombi-ekipa-na-fejsu-umire-od-smijeha14/,csv/Historical-Report-NewsGradient-2022-09-24--2022-09-25.csv,6
https://www.biscani.net/vlasnik-stana-se-protivio-obnovi-fasade-zgrade-ostali-su-mu-se-genijalno-osvetili14/,csv/Historical-Report-NewsGradient-2022-09-24--2022-09-25.csv,9
https://www.biscani.net/najgore-obrve-svijeta-33-zene-koje-su-totalno-upropastile-obrve-foto15/,csv/Historical-Report-NewsGradient-2022-09-24--2022-09-25.csv,13
https://www.biscani.net/sva-cuda-dubaija-fotografije-koje-pokazuju-koliko-je-lud-zivot-u-dubaijupogledajte14/,csv/Historical-Report-NewsGradient-2022-09-24--2022-09-25.csv,18
https://www.biscani.net/svaki-dan-je-slusala-glasne-zvukove-iz-garaze-kada-je-otkrila-suprugovu-tajnu-pocela-je-plakati16/,csv/Historical-Report-NewsGradient-2022-09-24--2022-09-25.csv,27
https://www.biscani.net/je-li-ovo-najgora-kradljivica-na-svijetu-morate-vidjeti-ovaj-fail14/,csv/Historical-Report-NewsGradient-2022-09-24--2022-09-25.csv,45
https://www.biscani.net/gladna-kreativnost-izlili-su-hrpu-betona-u-staru-drvenu-paletu-ono-sto-su-napravili-je-pravo-remek-djelo16/,csv/Historical-Report-NewsGradient-2022-09-24--2022-09-25.csv,75
https://www.biscani.net/djecak-je-udario-rukom-po-vodi-a-onda-je-uslijedio-nevjerovatan-prizor16/,csv/Historical-Report-NewsGradient-2022-09-24--2022-09-25.csv,126
https://www.biscani.net/hranili-su-devu-kroz-prozor-auta-ali-kada-je-glavom-usla-u-auto-nastao-je-show-snimka-je-urnebesna13/,csv/Historical-Report-NewsGradient-2022-09-24--2022-09-25.csv,177
https://www.biscani.net/neko-je-svojim-nesvakidasnjim-oglasom-za-prodaju-resoa-nasmijao-ekipu-na-drustvenim-mrezama14/,csv/Historical-Report-NewsGradient-2022-09-24--2022-09-25.csv,228
https://www.biscani.net/ova-fotka-ce-otopiti-i-najhladnija-srca-kada-vidite-sto-ovaj-covjek-cini-svakodnevno-vise-puta15/,csv/Historical-Report-NewsGradient-2022-09-24--2022-09-25.csv,293
https://www.biscani.net/trazio-ju-je-fotku-ali-ono-sto-je-dobio-definitivno-nije-ocekivao13/,csv/Historical-Report-NewsGradient-2022-09-24--2022-09-25.csv,353
https://www.biscani.net/28-fotografija-od-kojih-srce-prestaje-kucati-i-dalje-se-oporavljamo-od-fotografije-16/,csv/Historical-Report-NewsGradient-2022-09-24--2022-09-25.csv,411
https://www.biscani.net/najveci-psi-na-svijetu-kada-ih-vidite-necete-vjerovati-svojim-ocima-foto15/,csv/Historical-Report-NewsGradient-2022-09-24--2022-09-25.csv,471
https://www.biscani.net/djecak-je-primjetio-cudnu-rupu-u-jezeru-kada-je-pogledao-unutra-otkrio-je-dugo-cuvanu-tajnu15/,csv/Historical-Report-NewsGradient-2022-09-24--2022-09-25.csv,524
https://www.biscani.net/prica-doktorice-iz-porodilista-znate-doktorice-moj-muz-radi-ne-pije-svaki-dan-imamo-hljeba-i-ponesto-skuhamo-lijepo-zivim-ne-zalim-se15/,csv/Historical-Report-NewsGradient-2022-09-24--2022-09-25.csv,614
https://www.biscani.net/klinac-je-potpuno-iskreno-opisao-svog-tatu-i-nasmijao-sviju-na-drustvenim-mrezama15/,csv/Historical-Report-NewsGradient-2022-09-25--2022-09-26.csv,12
https://www.biscani.net/svi-su-bili-zbunjeni-kada-su-vidjeli-da-je-probusio-rupe-u-zemlji-nekoliko-dana-poslije-ostali-su-bez-rijeci16/,csv/Historical-Report-NewsGradient-2022-09-25--2022-09-26.csv,27
https://www.biscani.net/15-fotografija-koje-pokazuju-kako-izgleda-pravo-razocarenje-i-ocaj-broj-5-je-za-plakanje16/,csv/Historical-Report-NewsGradient-2022-09-25--2022-09-26.csv,33
https://www.biscani.net/bio-je-obican-dan-na-autoputu-ali-ono-sto-je-nadzorna-kamera-snimila16/,csv/Historical-Report-NewsGradient-2022-09-25--2022-09-26.csv,61
https://www.biscani.net/video-ono-sto-su-ova-dva-momka-uradila-beskucniku-je-iznenadilo-sve-pricekajte-dok-ne-vidite-njegovu-reakciju16/,csv/Historical-Report-NewsGradient-2022-09-25--2022-09-26.csv,87
https://www.biscani.net/drustvenim-mrezama-siri-se-urnebesan-recept-za-pripremu-hobotnice-na-bosanski-nacin-morate-vidjeti16/,csv/Historical-Report-NewsGradient-2022-09-25--2022-09-26.csv,143
https://www.biscani.net/18-ljudi-koji-su-uspjeli-prevariti-pratitelje-na-drustvenim-mrezama-svojim-trikovima16/,csv/Historical-Report-NewsGradient-2022-09-25--2022-09-26.csv,255
https://www.biscani.net/prolaznici-su-danima-slusali-jecaje-iz-betona-a-onda-su-odlucili-nesto-poduzeti16/,csv/Historical-Report-NewsGradient-2022-09-25--2022-09-26.csv,309
https://www.biscani.net/snimali-su-rodu-kako-hoda-u-dubokoj-travi-nisu-ni-sanjali-da-ce-snimiti-scenu-koju-ce-pamtiti-cijeli-zivot16/,csv/Historical-Report-NewsGradient-2022-09-25--2022-09-26.csv,376
https://www.biscani.net/video-nevjerojatna-odanost-njemacki-ovcar-svojom-reakcijom-rasplakao-2-milijuna-ljudi16/,csv/Historical-Report-NewsGradient-2022-09-25--2022-09-26.csv,491
https://www.biscani.net/naucnici-su-pronasli-0v0-sakriveno-na-dnu-mora-a-kada-su-najzad-shvatili-sta-je-to-ostali-su-u-potpunom-s0ku16/,csv/Historical-Report-NewsGradient-2022-09-25--2022-09-26.csv,556
https://www.biscani.net/zivjela-je-sa-amisima-i-nikada-nije-bila-kod-frizera-otisla-je-i-poslije-toga-niko-vise-nije-prepoznao14/,csv/Historical-Report-NewsGradient-2022-09-25--2022-09-26.csv,619
https://www.biscani.net/14-fotki-neobicnih-gradjevina-na-koje-cete-se-zapitati-kako-ljudi-zive-u-njima16/,csv/Historical-Report-NewsGradient-2022-09-25--2022-09-26.csv,739
https://www.biscani.net/mladenka-je-cekala-na-sudbonosno-da-a-onda-je-mladozenja-pozvao-jos-nekoga-na-oltar16/,csv/Historical-Report-NewsGradient-2022-09-25--2022-09-26.csv,788
https://www.biscani.net/kupila-je-ovu-kucu-1979-godine-ono-sto-je-do-2016-godine-skrivala-u-njoj-je-nevjerovatno16/,csv/Historical-Report-NewsGradient-2022-09-25--2022-09-26.csv,853
https://www.biscani.net/urnebesne-vintage-fotke-s-vjencanja-koje-pokazuju-koliko-se-moda-drasticno-promijenila15/,csv/Historical-Report-NewsGradient-2022-09-25--2022-09-26.csv,919
https://www.biscani.net/zena-je-objavila-popis-svojih-dnevnih-obaveza-i-izazvala-salve-smijeha-na-drustvenim-mrezama15/,csv/Historical-Report-NewsGradient-2022-09-25--2022-09-26.csv,1032
https://www.biscani.net/muskarci-budite-na-oprezu-zene-imaju-supermoc-za-koju-mozda-niste-ni-znali15/,csv/Historical-Report-NewsGradient-2022-09-25--2022-09-26.csv,1091
https://www.biscani.net/dopisivao-se-s-curom-koja-mu-je-postavila-skakljivo-pitanje-krivo-ga-je-protumacio-i-sve-nasmijao15/,csv/Historical-Report-NewsGradient-2022-09-25--2022-09-26.csv,1212
https://www.biscani.net/dok-je-mama-spremala-stvari-kamera-je-snimila-scenu-u-djecjoj-sobi16/,csv/Historical-Report-NewsGradient-2022-09-25--2022-09-26.csv,1323
https://www.biscani.net/djecaku-je-bilo-dosta-maminih-trikova-pa-je-ostavio-poruku-zubic-vili-u-kojoj-je-sve-objasnio15/,csv/Historical-Report-NewsGradient-2022-09-26--2022-09-27.csv,15
https://www.biscani.net/hit-fotka-iz-dalmacije-odusevit-cete-se-kad-vidite-sto-je-baka-maznula-iz-trgovine15/,csv/Historical-Report-NewsGradient-2022-09-26--2022-09-27.csv,21
https://www.biscani.net/pokusao-je-uzicati-nesto-love-od-mame-glupim-izgovorom-totalno-ga-je-ponizila-odgovorom15/,csv/Historical-Report-NewsGradient-2022-09-26--2022-09-27.csv,38
https://www.biscani.net/15-ljudi-koji-su-namjeravali-snimiti-obicnu-fotku-ali-su-dobili-remek-djelo15/,csv/Historical-Report-NewsGradient-2022-09-26--2022-09-27.csv,107
https://www.biscani.net/plivali-su-u-svom-bazenu-a-onda-je-uslijedilo-nesto-nevjerovatno-pogledajte-sta-je-sigurnosna-kamera-snimila16/,csv/Historical-Report-NewsGradient-2022-09-26--2022-09-27.csv,242
https://www.biscani.net/pogledajte-kako-se-u-dalmaciji-cuva-parkirno-mjesto-parking-barijere-su-out13/,csv/Historical-Report-NewsGradient-2022-09-26--2022-09-27.csv,386
https://www.biscani.net/odlucila-mu-je-iskazati-ljubav-ukrasima-po-autu-a-tip-je-vjerojatno-dozivio-zivcani-slom15/,csv/Historical-Report-NewsGradient-2022-09-26--2022-09-27.csv,465
https://www.biscani.net/ako-znate-poveznicu-imedju-ove-dvije-stvari-cestitamo-stari-ste-ovo-ce-vas-lansirati-u-90_15/,csv/Historical-Report-NewsGradient-2022-09-26--2022-09-27.csv,547
https://www.biscani.net/18-nesvakidasnjih-komsija-susjeda-uz-koje-zivot-nikada-nije-dosadan15/,csv/Historical-Report-NewsGradient-2022-09-26--2022-09-27.csv,607
https://www.biscani.net/video-urnebesne-nezgode-koje-su-ljudi-dozivjeli-tijekom-vjezbanja15/,csv/Historical-Report-NewsGradient-2022-09-26--2022-09-27.csv,679
https://www.biscani.net/top-10-najvece-ljudske-gluposti-nastale-usljed-niza-plasticnih-operacija-pogledajte-kako-su-se-upropastili15/,csv/Historical-Report-NewsGradient-2022-09-26--2022-09-27.csv,758
https://www.biscani.net/dijete-napisalo-pjesmicu-o-tati-u-kojoj-je-previse-otkrilo-o-njemu-mami-i-njihovom-braku15/,csv/Historical-Report-NewsGradient-2022-09-26--2022-09-27.csv,816
https://www.biscani.net/zavrtio-je-casu-vode-a-zatim-ju-podigao-ovo-je-totalno-ludo-video14/,csv/Historical-Report-NewsGradient-2022-09-27--2022-09-28.csv,13
https://www.biscani.net/video-dnapravfio-je-fnajvecu-sibicu-na-svijetu-a-onda-je-zapalio-ovo-je-nesto-najbolje-sto-cete-vidjeti-danas16/,csv/Historical-Report-NewsGradient-2022-09-27--2022-09-28.csv,14
https://www.biscani.net/video-rasporili-zmiju-uvjereni-da-im-je-pojela-tele-pa-ostali-u-cudu16/,csv/Historical-Report-NewsGradient-2022-09-27--2022-09-28.csv,18
https://www.biscani.net/ovaj-covjek-je-primjeto-nesto-zaglavljeno-u-svojoj-odvodnoj-cijevi-kada-je-skinuo-i-bolje-pogledao15/,csv/Historical-Report-NewsGradient-2022-09-27--2022-09-28.csv,21
https://www.biscani.net/rekli-su-da-ova-djevojka-s-daunovim-sindromom-nikada-nece-moci-pjevati-njezin-odgovor-je-zadivljujuci-video16/,csv/Historical-Report-NewsGradient-2022-09-27--2022-09-28.csv,23
https://www.biscani.net/video-poslagao-je-1000-sibica-zapalio-ih-i-provjerio-hoce-li-popucati-kokice-koje-je-stavio-u-tavu16/,csv/Historical-Report-NewsGradient-2022-09-27--2022-09-28.csv,29
https://www.biscani.net/video-uzeo-je-veliki-saraf-i-poceo-ga-sjeci-kada-vidite-kraj-uhvaticete-se-za-glavu13/,csv/Historical-Report-NewsGradient-2022-09-27--2022-09-28.csv,36
https://www.biscani.net/covjek-se-javio-na-oglas-za-quad-poceo-se-smijati-kad-je-vidio-zadnju-poruku-prodavaca16/,csv/Historical-Report-NewsGradient-2022-09-27--2022-09-28.csv,86
https://www.biscani.net/video-siri-se-snimka-saobracajke-nikome-nije-jasno-kako-je-ovo-uspio16/,csv/Historical-Report-NewsGradient-2022-09-27--2022-09-28.csv,188
https://www.biscani.net/vic-dana-kamen12/,csv/Historical-Report-NewsGradient-2022-09-27--2022-09-28.csv,247
https://www.biscani.net/u-mjesec-dana-vjencao-se-cetiri-puta-za-istu-zenu-kako-bi-dobio-slobodne-dane14/,csv/Historical-Report-NewsGradient-2022-09-27--2022-09-28.csv,310
https://www.biscani.net/vic-dana-kod-brijaca12/,csv/Historical-Report-NewsGradient-2022-09-27--2022-09-28.csv,363
https://www.biscani.net/video-heroj-iz-indije-spasio-dijete-od-nadolazeceg-vlaka-pogledajte-snimku16/,csv/Historical-Report-NewsGradient-2022-09-27--2022-09-28.csv,415
https://www.biscani.net/vic-hercegovac12/,csv/Historical-Report-NewsGradient-2022-09-27--2022-09-28.csv,478
https://www.biscani.net/ako-ste-ikad-radili-barem-5-od-ovih-15-stvari-cestitamo-i-sluzbeno-ste-ostarili16/,csv/Historical-Report-NewsGradient-2022-09-27--2022-09-28.csv,537
https://www.biscani.net/vic-dana-papir12/,csv/Historical-Report-NewsGradient-2022-09-27--2022-09-28.csv,584
https://www.biscani.net/poucna-prica-o-4-svijece-odvojite-par-minuta-i-procitajte-nece-vam-biti-zao15/,csv/Historical-Report-NewsGradient-2022-09-27--2022-09-28.csv,646
https://www.biscani.net/njihovo-precudno-flertanje-preko-fejsa-ostavit-ce-vam-upitnike-nad-glavom16/,csv/Historical-Report-NewsGradient-2022-09-27--2022-09-28.csv,690
https://www.biscani.net/video-leopard-protiv-majmuna-ovakvu-brzinu-jos-niste-vidjeli14/,csv/Historical-Report-NewsGradient-2022-09-27--2022-09-28.csv,731
https://www.biscani.net/video-godinu-dana-nakon-sinove-smrti-zena-je-dosla-sa-bebom-a-niko-nije-mogao-ni-slutiti-ko-je-otac14/,csv/Historical-Report-NewsGradient-2022-09-28--2022-09-29.csv,12
https://www.biscani.net/video-njena-kcerka-se-zabavljala-sa-deckom-4-godine-kad-je-pogledala-ovu-staru-sliku-mfajkaf-je-zvnijemilasf14/,csv/Historical-Report-NewsGradient-2022-09-28--2022-09-29.csv,13
https://www.biscani.net/ovaj-tip-ima-genijalnu-ideju-kako-izbjeci-kaznu-pogledajte-sto-je-zalijepio-na-volan14/,csv/Historical-Report-NewsGradient-2022-09-28--2022-09-29.csv,15
https://www.biscani.net/kratko-i-jasno-ovaj-vozac-nije-normalan14/,csv/Historical-Report-NewsGradient-2022-09-28--2022-09-29.csv,26
https://www.biscani.net/mastovite-bizarne-i-glupe-stvari-koje-su-ljudi-objavili-na-internetu14/,csv/Historical-Report-NewsGradient-2022-09-28--2022-09-29.csv,31
https://www.biscani.net/pronasla-je-kartonsku-kutiju-vani-kada-je-pogledala-unutra-ostala-je-bez-rijeci-video15/,csv/Historical-Report-NewsGradient-2022-09-28--2022-09-29.csv,40
https://www.biscani.net/video-svekar-opalio-snahi-samar-nasred-svadsbe-svsatovi-osdtali-zateceni14/,csv/Historical-Report-NewsGradient-2022-09-28--2022-09-29.csv,62
https://www.biscani.net/vic-mujo-i-macka12/,csv/Historical-Report-NewsGradient-2022-09-28--2022-09-29.csv,92
https://www.biscani.net/video-evo-kako-izgleda-grad-koji-je-25-godina-bio-pod-vodom13/,csv/Historical-Report-NewsGradient-2022-09-28--2022-09-29.csv,147
https://www.biscani.net/vic-helikopter12/,csv/Historical-Report-NewsGradient-2022-09-28--2022-09-29.csv,191
https://www.biscani.net/svi-djele-ovaj-video-sipala-je-ovo-ulje-na-krpelja-a-on-je-poceo-da-bjezi-glavom-bez-obzira13/,csv/Historical-Report-NewsGradient-2022-09-28--2022-09-29.csv,252
https://www.biscani.net/vic-nisan12/,csv/Historical-Report-NewsGradient-2022-09-28--2022-09-29.csv,313
https://www.biscani.net/video-najludja-utrka-ikada-turcin-na-motoru-protiv-auta-formule-1-i-dva-aviona14/,csv/Historical-Report-NewsGradient-2022-09-28--2022-09-29.csv,386
https://www.biscani.net/vic-cigo-i-zeljezo12/,csv/Historical-Report-NewsGradient-2022-09-28--2022-09-29.csv,453
https://www.biscani.net/video-mama-ostavila-sina-samog-45-sekundi-pronasla-ga-uplakanog-na-traci-za-trcanje14/,csv/Historical-Report-NewsGradient-2022-09-28--2022-09-29.csv,520
https://www.biscani.net/vic-mujo-u-japanu/,csv/Historical-Report-NewsGradient-2022-09-28--2022-09-29.csv,583
https://www.biscani.net/video-uvijek-ste-se-pitali-a-niste-imali-pojma-evo-sta-se-dogadja-sa-tablete-nakon-sto-je-progutate12/,csv/Historical-Report-NewsGradient-2022-09-28--2022-09-29.csv,709
https://www.biscani.net/video-testirali-su-najnoviju-korvetu-na-dinamometru-a-onda-je-jedan-od-automehanicara-uradio-najgluplju-stvar16/,csv/Historical-Report-NewsGradient-2022-09-28--2022-09-29.csv,787
https://www.biscani.net/vic-sa-dvojicom-trojicom/,csv/Historical-Report-NewsGradient-2022-09-28--2022-09-29.csv,923
https://www.biscani.net/najsretniji-dan-krenuo-naopako-mladenci-su-se-hranili-tortom-mladozenja-izgubio-zivce-pa-video15/,csv/Historical-Report-NewsGradient-2022-09-28--2022-09-29.csv,990
https://www.biscani.net/vic-fata-galami-na-muju/,csv/Historical-Report-NewsGradient-2022-09-28--2022-09-29.csv,1058
https://www.biscani.net/video-kada-vidite-sta-su-uradili-sa-ovim-starim-ficom-zeljeti-cete-ga-vise-nego-novog-mercedesa14/,csv/Historical-Report-NewsGradient-2022-09-28--2022-09-29.csv,1129
https://www.biscani.net/ono-sto-je-skriveno-duboko-u-okeanima-je-tajanstveno-i-nevjerovatno-foto15/,csv/Historical-Report-NewsGradient-2022-09-28--2022-09-29.csv,1204
https://www.biscani.net/video-djecak-ostavio-internet-u-cudu-genijalnim-nacinom-na-koji-mijenja-vrecu-za-smece14/,csv/Historical-Report-NewsGradient-2022-09-28--2022-09-29.csv,1276
https://www.biscani.net/adnan-lipovaca-sbih-svako-dijete-ce-u-unsko-sanskom-kantonu-imati-pravo-na-besplatan-vrtic,csv/Historical-Report-NewsGradient-2022-09-29--2022-09-30.csv,2080
https://www.biscani.net/video-beba-se-trudi-ostati-budna-a-sndimkda-je-faznjefzila-milione-ljudi15/,csv/Historical-Report-NewsGradient-2022-09-30--2022-10-01.csv,18
https://www.biscani.net/viddedo-tidnejdzer-je-poceo-pjevati-a-ziri-mu-je-porucio-da-podsledsd-sjediste-psdored-majke15/,csv/Historical-Report-NewsGradient-2022-09-30--2022-10-01.csv,28
https://www.biscani.net/video-ovako-preopteretiti-kamion-nikad-nije-dobra-ideja15/,csv/Historical-Report-NewsGradient-2022-09-30--2022-10-01.csv,50
https://www.biscani.net/vic-prvi-put14/,csv/Historical-Report-NewsGradient-2022-09-30--2022-10-01.csv,110
https://www.biscani.net/video-ove-papige-najbolja-su-budddilica-kdvoju-mozete-imati14/,csv/Historical-Report-NewsGradient-2022-09-30--2022-10-01.csv,158
https://www.biscani.net/video-djecakov-tata-je-izgubio-zivot-na-duznosti-a-njegov-jedini-zahtjev-je-slomio-srce-mnogima14/,csv/Historical-Report-NewsGradient-2022-09-30--2022-10-01.csv,209
https://www.biscani.net/video-stranac-je-cekao-da-djecak-zaspe-u-vlaku-a-onda-majci-ostavio-porukfu-kfoju-ndikada-nece-zaboraviti14/,csv/Historical-Report-NewsGradient-2022-09-30--2022-10-01.csv,271
https://www.biscani.net/video-zena-je-svirala-violinu-na-brodici-a-privukla-je-nevjerojatnu-publiku14/,csv/Historical-Report-NewsGradient-2022-09-30--2022-10-01.csv,329
https://www.biscani.net/nevjerovatan-video-porodica-je-spasila-vjevericu-a-ona-im-i-nakon-8-godina-uzvraca-za-to14/,csv/Historical-Report-NewsGradient-2022-09-30--2022-10-01.csv,384
https://www.biscani.net/vic-obecanje14/,csv/Historical-Report-NewsGradient-2022-09-30--2022-10-01.csv,448
https://www.biscani.net/video-nekoliko-minuta-prije-vjencanja-mladozenja-je-primio-mladenku-za-ruku-i-otkrio-joj-istinu-o-sebi13/,csv/Historical-Report-NewsGradient-2022-09-30--2022-10-01.csv,506
https://www.biscani.net/vic-dana-efikasna-policija14/,csv/Historical-Report-NewsGradient-2022-10-02--2022-10-03.csv,30
https://www.biscani.net/10-ljudi-koji-su-morali-nauciti-nesto-na-vlastitim-pogreskama-15/,csv/Historical-Report-NewsGradient-2022-10-02--2022-10-03.csv,46
https://www.biscani.net/13-fotki-ljudi-koji-su-pronasli-nacin-za-ekstremne-hladnoce-i-vrucine13/,csv/Historical-Report-NewsGradient-2022-10-02--2022-10-03.csv,67
https://www.biscani.net/video-kobila-je-cesto-nestajala-vlasnik-se-iznenadio-kada-je-postavio-kameru15/,csv/Historical-Report-NewsGradient-2022-10-02--2022-10-03.csv,119
https://www.biscani.net/pogledajte-kakve-fotke-salje-svojoj-zeni-kad-ga-pita-kako-im-je-kcer15/,csv/Historical-Report-NewsGradient-2022-10-02--2022-10-03.csv,284
https://www.biscani.net/12-ljudi-koji-su-postali-popularani-zahvaljujuci-genetskim-mutacijama15/,csv/Historical-Report-NewsGradient-2022-10-02--2022-10-03.csv,386
https://www.biscani.net/video-prijatelji-iz-razreda-su-joj-za-valentinovo-slomili-srce-a-onda-ih-je-stfariji-ucdenikg-naucfio-lekciju13/,csv/Historical-Report-NewsGradient-2022-10-02--2022-10-03.csv,1188
https://www.biscani.net/tesko-da-cete-izdrzati-bez-da-se-nasmijete-na-videoc-nacecihc-zimskcih-fejlova13/,csv/Historical-Report-NewsGradient-2022-10-02--2022-10-03.csv,1276
https://www.biscani.net/15-situacija-u-kojima-ce-se-prepoznadsfti-svi-onisdf-koji-nose-naocale15/,csv/Historical-Report-NewsGradient-2022-10-02--2022-10-03.csv,1395
https://www.biscani.net/video-pripremala-je-zabavu-a-skoro-je-odletjela-s-balonima15/,csv/Historical-Report-NewsGradient-2022-10-02--2022-10-03.csv,1473
https://www.biscani.net/9-stvari-koje-zene-u-skandinaviji-rade-drukcije-od-ostatka-svisdfjeta-i-zbdsfog-togasdf-su-sretnije15/,csv/Historical-Report-NewsGradient-2022-10-02--2022-10-03.csv,1557
https://www.biscani.net/video-zastrasujuca-bica-iz-oceanskih-dubina-koja-izgledaju-kao-da-su-s-drugog-planeta15/,csv/Historical-Report-NewsGradient-2022-10-02--2022-10-03.csv,1635
https://www.biscani.net/13-zajednickih-fotki-glumaca-i-kaskadera-koji-cesfghto-ostanfghu-nepfghrimijeceni15/,csv/Historical-Report-NewsGradient-2022-10-02--2022-10-03.csv,1711
https://www.biscani.net/genijalni-umjetnik-popravlja-obicna-mjesta-u-gradu-nadadjmo-sed-da-gad-nece-uhdvatiti15/,csv/Historical-Report-NewsGradient-2022-10-02--2022-10-03.csv,1805
https://www.biscani.net/16-urnebesnih-stvari-koje-ce-razumjeti-fghahmo-rortyditelji-muskgfhe-djece15/,csv/Historical-Report-NewsGradient-2022-10-02--2022-10-03.csv,1870
https://www.biscani.net/video-otkrili-su-bazene-usred-pustinje-u-egiptu-ovo-nije-lako-gledati-bez-ljubomore12/,csv/Historical-Report-NewsGradient-2022-10-02--2022-10-03.csv,1944
https://www.biscani.net/fotoiluzije-koje-cete-morati-pogledati-i-vise-od-dva-puta-da-bi-shvatili-fbsto-se-na-ndfjima-dogadfdja14/,csv/Historical-Report-NewsGradient-2022-10-02--2022-10-03.csv,2006
https://www.biscani.net/vic-dana-punica-u-gepeku15/,csv/Historical-Report-NewsGradient-2022-10-02--2022-10-03.csv,2074
https://www.biscani.net/video-15-rijetkih-i-unikatnih-zivotinja-kakve-jos-vjerojatno-niste-vidjeli14/,csv/Historical-Report-NewsGradient-2022-10-02--2022-10-03.csv,2138
https://www.biscani.net/vic-njemacka-i-pare13/,csv/Historical-Report-NewsGradient-2022-10-02--2022-10-03.csv,2207
https://www.biscani.net/153-fotki-gkoje-ce-vecina-ljudi-na-prvi-goglfdd-potdudno-krdivo-shvatiti15/,csv/Historical-Report-NewsGradient-2022-10-02--2022-10-03.csv,2280
https://www.biscani.net/vic-mujo-i-gatara12/,csv/Historical-Report-NewsGradient-2022-10-02--2022-10-03.csv,2361
https://www.biscani.net/15-urnebesnih-fotki-ljudi-koji-sec-zdaju-zseczactsi-na-cvlastiti-racun15/,csv/Historical-Report-NewsGradient-2022-10-02--2022-10-03.csv,2447
https://www.biscani.net/video-prije-vjencanja-je-saznala-tajnu-koju-je-mladozenja-od-nje-skrivao-godinama14/,csv/Historical-Report-NewsGradient-2022-10-02--2022-10-03.csv,2600
https://www.biscani.net/vic-gluha-fata12/,csv/Historical-Report-NewsGradient-2022-10-02--2022-10-03.csv,2601
https://www.biscani.net/cuo-je-neobicne-zvukove-iz-odvodne-cijevi-ono-fstdo-se-zatim-secsdilocosgftavljadcbez-rijecci-video15/,csv/Historical-Report-NewsGradient-2022-10-02--2022-10-03.csv,2647
https://www.biscani.net/vic-kalcij14/,csv/Historical-Report-NewsGradient-2022-10-02--2022-10-03.csv,2712
