https://bljesak.info/kultura/umjetnost/mostar-izlozeni-zaboravljeni-mir-i-istina/393201,csv/Historical-Report-NewsGradient-2022-09-02--2022-09-09.csv,288
https://bljesak.info/gospodarstvo/novac/korpa-poskupjela-za-23231-km/393137,csv/Historical-Report-NewsGradient-2022-09-02--2022-09-09.csv,1171
https://bljesak.info/lifestyle/zabava/video-kako-je-zvucao-zivot-osamdesetih/393054,csv/Historical-Report-NewsGradient-2022-09-02--2022-09-09.csv,3659
https://bljesak.info/vijesti/svijet/posebno-o-bih-more-potpisa-turske-i-srbije/393067,csv/Historical-Report-NewsGradient-2022-09-02--2022-09-09.csv,3764
https://bljesak.info/vijesti/politika/mostar-7-stranka-se-pohvalila-parkom-svi-presucuju-cijim-novcem/393038,csv/Historical-Report-NewsGradient-2022-09-02--2022-09-09.csv,4372
https://bljesak.info/sport/nogomet/Hrvatska-izgubila-od-domacina-italije/393002,csv/Historical-Report-NewsGradient-2022-09-02--2022-09-09.csv,4810
https://bljesak.info/vijesti/politika/erdogan-protiv-nametanja-s-turskom-potpisan-vojni-sporazum-o-tajnama-i-novi-nacin-putovanja/392987,csv/Historical-Report-NewsGradient-2022-09-02--2022-09-09.csv,5833
https://bljesak.info/vijesti/politika/turkovic-i-trojka-docekali-erdogana/392970,csv/Historical-Report-NewsGradient-2022-09-02--2022-09-09.csv,6203
https://bljesak.info/lifestyle/zabava/antonija-cerkez-odgovorila-kriticarima-ista-ona-koja-je-pjevala-moja-hercegovina/392941,csv/Historical-Report-NewsGradient-2022-09-02--2022-09-09.csv,6501
https://bljesak.info/vijesti/politika/nismo-ni-blizu-kandidatskog-statusa-eu/392929,csv/Historical-Report-NewsGradient-2022-09-02--2022-09-09.csv,6839
https://bljesak.info/vijesti/flash/mup-hnz-o-napadu-huligana-u-opinama-maskirane-osobe-pobjegle-u-bmw-u-zlatne-boje-plavom-cliu-i-crvenom-golfu-ii/392849,csv/Historical-Report-NewsGradient-2022-09-02--2022-09-09.csv,8767
https://bljesak.info/gospodarstvo/novac/za-jedne-duznicko-ropstvo-za-druge-nije-bih-biljezi-rast-stambenih-kredita/392818,csv/Historical-Report-NewsGradient-2022-09-02--2022-09-09.csv,9217
https://bljesak.info/lifestyle/zabava/jos-jedna-tezga-dodik-pjevao-na-godisnjici-mature/392788,csv/Historical-Report-NewsGradient-2022-09-02--2022-09-09.csv,10360
https://bljesak.info/gospodarstvo/ulaganja/kabiri-preuzima-i-mostarski-aerodrom/392764,csv/Historical-Report-NewsGradient-2022-09-02--2022-09-09.csv,11064
https://bljesak.info/lifestyle/seksualnost/super-hrana-za-super-seks/392736,csv/Historical-Report-NewsGradient-2022-09-02--2022-09-09.csv,11365
https://bljesak.info/lifestyle/zivotinje/sedamnaest-godina-trosi-penziju-na-dva-medvjeda/392742,csv/Historical-Report-NewsGradient-2022-09-02--2022-09-09.csv,11854
https://bljesak.info/lifestyle/zabava/sejla-ramovic-za-nezaboravnu-noc-izabrala-mostar/392723,csv/Historical-Report-NewsGradient-2022-09-02--2022-09-09.csv,12403
https://bljesak.info/lifestyle/zivotinje/obiljezen-medunarodni-dan-lesinara/392724,csv/Historical-Report-NewsGradient-2022-09-02--2022-09-09.csv,12432
https://bljesak.info/sport/ostali-sportovi/strasan-boksac-koji-je-na-kraju-bio-samo-ubojica/392706,csv/Historical-Report-NewsGradient-2022-09-02--2022-09-09.csv,12722
https://bljesak.info/vijesti/flash/slucaj-dzenan-memic-suspendirana-sutkinja-suda-bih-dalida-burzic/392691,csv/Historical-Report-NewsGradient-2022-09-02--2022-09-09.csv,13711
https://bljesak.info/lifestyle/hrana/Vi%C5%A1e-od-40-vrsta-piva-na-Beer-festu-Ljubuski/390654,csv/Historical-Report-NewsGradient-2022-09-02--2022-09-09.csv,14332
https://bljesak.info/lifestyle/zivotinje/otrov-iz-bih-za-50-tisuca-eura/393433,csv/Historical-Report-NewsGradient-2022-09-09--2022-09-12.csv,644
https://bljesak.info/sport/ostali-sportovi/sport-centar-podcast-tomislav-brkic-cetvrtfinale-roland-garrosa-je-nesto-posebno/393422,csv/Historical-Report-NewsGradient-2022-09-09--2022-09-12.csv,854
https://bljesak.info/vijesti/politika/nakon-dusenja-u-bazenu-kandidat-ima-rjesenje-za-korupciju/393417,csv/Historical-Report-NewsGradient-2022-09-09--2022-09-12.csv,1039
https://bljesak.info/lifestyle/zabava/etiopija-usla-u-novu-2015-godinu/393412,csv/Historical-Report-NewsGradient-2022-09-09--2022-09-12.csv,1123
https://bljesak.info/gospodarstvo/ekologija/i-kordic-pod-vodom-90-ronioca-iz-20-gradova-na-mostarskom-jezeru/393347,csv/Historical-Report-NewsGradient-2022-09-09--2022-09-12.csv,3097
https://bljesak.info/kultura/umjetnost/mostarske-ulice-dobile-nove-boje/393323,csv/Historical-Report-NewsGradient-2022-09-09--2022-09-12.csv,3419
https://bljesak.info/vijesti/crna-kronika/navigacija-autobus-s-nogometasicama-iz-hrvatske-zaglavio-kod-konjica/393319,csv/Historical-Report-NewsGradient-2022-09-09--2022-09-12.csv,3600
https://bljesak.info/vijesti/flash/u-cast-dolaska-bakira-izetbegovica-u-dvoristu-dzamije-okrece-se-bik/393241,csv/Historical-Report-NewsGradient-2022-09-09--2022-09-12.csv,5466
https://bljesak.info/gospodarstvo/tvrtke/tvrtka-iz-livna-podize-ljestvicu-uvodi-cetverodnevno-radno-vrijeme-i-podize-place/393530,csv/Historical-Report-NewsGradient-2022-09-12--2022-09-13.csv,782
https://bljesak.info/gospodarstvo/posao/federalna-inspekcija-nezakonitosti-i-prevelike-marze-za-ogrjev-i-pelet/393497,csv/Historical-Report-NewsGradient-2022-09-12--2022-09-13.csv,1323
https://bljesak.info/lifestyle/poznati-i-slavni/dusko-kulis-mostar%20/393458,csv/Historical-Report-NewsGradient-2022-09-12--2022-09-13.csv,1724
https://bljesak.info/gospodarstvo/poljoprivreda/stocari-na-meti-prevaranata-i-bez-stoke-i-bez-novca/393563,csv/Historical-Report-NewsGradient-2022-09-13--2022-09-14.csv,2028
https://www.bljesak.info/vijesti/crna-kronika/zelensky-ozlijeden-u-prometnoj-nesreci/393792,csv/Historical-Report-NewsGradient-2022-09-14--2022-09-15.csv,14
https://bljesak.info/vijesti/flash/sebija-zbog-klevete-mora-platiti-10-500-km/393761,csv/Historical-Report-NewsGradient-2022-09-14--2022-09-15.csv,288
https://bljesak.info/vijesti/flash/tko-od-nasih-ide-na-sahranu-kraljice-elizabete-ii/393817,csv/Historical-Report-NewsGradient-2022-09-15--2022-09-16.csv,1721
https://bljesak.info/gospodarstvo/ulaganja/mostar-stablo-platilo-godisnju-parkig-kartu/393818,csv/Historical-Report-NewsGradient-2022-09-15--2022-09-16.csv,1819
https://bljesak.info/lifestyle/zabava/u-capljini-23-godinu-zaredom-pjevaju-pjesme-kako-bi-slavili-boga/393814,csv/Historical-Report-NewsGradient-2022-09-15--2022-09-16.csv,1888
https://bljesak.info/gospodarstvo/novac/inflacija-od-gradana-bih-pravi-madionicare/393800,csv/Historical-Report-NewsGradient-2022-09-15--2022-09-16.csv,1992
https://bljesak.info/kolumna/kolumne/ima-li-nam-zivota-ako-nasi-ne-pobijede/393626,csv/Historical-Report-NewsGradient-2022-09-15--2022-09-16.csv,2097
https://bljesak.info/gospodarstvo/ekologija/video-uklonjeno-stablo-u-radicevoj/393798,csv/Historical-Report-NewsGradient-2022-09-15--2022-09-16.csv,2193
https://bljesak.info/gospodarstvo/flash/70-godisnjica-duhanskog-instituta-mostar-domace-tvornice-jednostavno-nisu-uspjele-prezivjeti/393943,csv/Historical-Report-NewsGradient-2022-09-16--2022-09-17.csv,701
https://bljesak.info/lifestyle/zivotinje/novi-pomor-ribe-u-radobolji/393962,csv/Historical-Report-NewsGradient-2022-09-16--2022-09-17.csv,872
https://bljesak.info/lifestyle/zabava/graso-o-ocinstvu-nisam-imao-priliku-iskazati-se/394084,csv/Historical-Report-NewsGradient-2022-09-18--2022-09-19.csv,1067
https://bljesak.info/vijesti/flash/u-federaciji-izvrseno-110-samoubojstava-za-osam-mjeseci/394079,csv/Historical-Report-NewsGradient-2022-09-18--2022-09-19.csv,1184
https://bljesak.info/vijesti/flash/video-kad-te-komsic-iznenadi-na-vjencanju/394078,csv/Historical-Report-NewsGradient-2022-09-18--2022-09-19.csv,1285
https://bljesak.info/gospodarstvo/poljoprivreda/sto-ce-biti-s-cijenom-mlijeka/394059,csv/Historical-Report-NewsGradient-2022-09-18--2022-09-19.csv,1787
https://bljesak.info/sci-tech/internet/zemlja-smo-bez-zakona-o-cyber-nasilju/394117,csv/Historical-Report-NewsGradient-2022-09-19--2022-09-20.csv,2294
https://bljesak.info/vijesti/svijet/vucic-bojim-se-da-za-mjesec-dva-ulazimo-u-veliki-svjetski-sukob/394305,csv/Historical-Report-NewsGradient-2022-09-20--2022-09-21.csv,253
https://bljesak.info/lifestyle/flash/patonne-napravio-hit-za-raju/394373,csv/Historical-Report-NewsGradient-2022-09-21--2022-09-22.csv,569
https://bljesak.info/vijesti/flash/bez-domacina-na-raspravi-o-prostornom-planu-grada-mostara/394349,csv/Historical-Report-NewsGradient-2022-09-21--2022-09-22.csv,1788
https://bljesak.info/gospodarstvo/posao/fali-radnika-u-konjic-dosli-gradevinarci-iz-nepala/394482,csv/Historical-Report-NewsGradient-2022-09-22--2022-09-23.csv,1444
https://bljesak.info/gospodarstvo/tvrtke/ako-su-vam-suvlasnici-michael-jordan-i-mark-cuban-jasno-je-kakav-je-to-biznis/394424,csv/Historical-Report-NewsGradient-2022-09-22--2022-09-23.csv,2020
https://bljesak.info/vijesti/flash/tri-prijave-za-komesara-policije-u-hnz-slijedi-intervju/394601,csv/Historical-Report-NewsGradient-2022-09-23--2022-09-24.csv,1586
https://bljesak.info/gospodarstvo/ekologija/mostarsko-jezero-12-dana-propusta-sa-smecem/394574,csv/Historical-Report-NewsGradient-2022-09-23--2022-09-24.csv,1958
https://bljesak.info/vijesti/flash/video-becirovic-odbio-bakir-govorio-na-engleskom-u-tv-debati/394553,csv/Historical-Report-NewsGradient-2022-09-23--2022-09-24.csv,2313
https://bljesak.info/vijesti/crna-kronika/od-pocetka-rujna-u-hnz-u-ceste-odnijele-sedam-zivota/394767,csv/Historical-Report-NewsGradient-2022-09-25--2022-09-26.csv,472
https://bljesak.info/vijesti/crna-kronika/alkohol-i-utrka-automobila-razlog-teske-nesrece-kod-mostara/394761,csv/Historical-Report-NewsGradient-2022-09-25--2022-09-26.csv,806
https://bljesak.info/vijesti/flash/pravi-putu-mostaru-mladi-smatraju-da-nema-alternative-u-zemlji-i-ne-vide-za-koga-bi-glasali/394755,csv/Historical-Report-NewsGradient-2022-09-25--2022-09-26.csv,1016
https://bljesak.info/lifestyle/flash/ceto-i-kestenje-nikad-nas-nije-iznevjerio-kad-je-u-pitanju-ova-jesenska-delicija/394886,csv/Historical-Report-NewsGradient-2022-09-26--2022-09-27.csv,449
https://bljesak.info/vijesti/crna-kronika/dan-zalosti-u-mostaru/394817,csv/Historical-Report-NewsGradient-2022-09-26--2022-09-27.csv,1912
https://bljesak.info/vijesti/crna-kronika/mostar-najmanje-jedna-ozlijedena-osoba-u-sudaru-forda-i-vw/394814,csv/Historical-Report-NewsGradient-2022-09-26--2022-09-27.csv,1942
https://bljesak.info/vijesti/politika/sve-pocinje-izborom/395063/,csv/Historical-Report-NewsGradient-2022-09-28--2022-09-29.csv,1144
https://bljesak.info/lifestyle/flash/cnn-medu-destinacijama-koje-morate-posjetiti-u-rh-jedna-je-udaljena-sat-i-pol-od-mostara/395010,csv/Historical-Report-NewsGradient-2022-09-28--2022-09-29.csv,1955
https://bljesak.info/automoto/testovi/Vozili-smo-novi-Volkswagen-Taigo-R-Line/395004,csv/Historical-Report-NewsGradient-2022-09-29--2022-09-30.csv,1279
https://bljesak.info/vijesti/flash/vijore-se-nove-zastavice-duz-dubrovacke-ulice/395125,csv/Historical-Report-NewsGradient-2022-09-29--2022-09-30.csv,2076
https://bljesak.info/sport/nogomet/rutinska-pobjeda-nad-slobodom-debitirao-nigerijac-zubairu/395296,csv/Historical-Report-NewsGradient-2022-09-30--2022-10-01.csv,226
https://bljesak.info/vijesti/svijet/nato-reagirao-u-vezi-aneksije-cetiri-regije-u-ukrajini/395294,csv/Historical-Report-NewsGradient-2022-09-30--2022-10-01.csv,315
https://bljesak.info/vijesti/flash/od-kruha-do-nafte-sve-je-poskupjelo-a-novalic-se-raspricao-o-uspjehu/395287,csv/Historical-Report-NewsGradient-2022-09-30--2022-10-01.csv,474
https://bljesak.info/kultura/umjetnost/zavirite-na-mostarski-strip-vikend/395329,csv/Historical-Report-NewsGradient-2022-10-01--2022-10-02.csv,1221
https://bljesak.info/vijesti/politika/raskol-u-sip-u-ne-mogu-se-sloziti-oko-rjesavanja-incidentnih-situacija-na-terenu/395412,csv/Historical-Report-NewsGradient-2022-10-02--2022-10-03.csv,2197
https://bljesak.info/vijesti/politika/kaos-pretucen-promatrac-osce-a-stranacki-promatraci-naoruzani/395407,csv/Historical-Report-NewsGradient-2022-10-02--2022-10-03.csv,2330
https://bljesak.info/vijesti/politika/covic-glasovao-u-mostaru-svi-su-mislili-da-cemo-blokirati-izbore-ali-to-se-nije-dogodilo/395377,csv/Historical-Report-NewsGradient-2022-10-02--2022-10-03.csv,2777
