https://www.bl-portal.com/drustvo/ribolovac-u-savi-upecao-piranu/,csv/Historical-Report-NewsGradient-2022-09-02--2022-09-09.csv,217
https://www.bl-portal.com/svijet/preminula-kraljica-elizabeta-druga/,csv/Historical-Report-NewsGradient-2022-09-02--2022-09-09.csv,598
https://www.bl-portal.com/novosti/dodik-pred-odluku-nsrs-o-njemackom-ambasadoru-sterilna-opozicija-cekala-da-pokaze-podanistvo-prema-strancima/,csv/Historical-Report-NewsGradient-2022-09-02--2022-09-09.csv,1222
https://www.bl-portal.com/sport/urucen-dres-velikana-iz-platonove-dodik-posjetio-gradski-stadion-u-banjaluci-foto-video/,csv/Historical-Report-NewsGradient-2022-09-02--2022-09-09.csv,1472
https://www.bl-portal.com/hronika/auto-udario-pjesake-u-saobracajci-povrijedjena-dva-banjalucanina/,csv/Historical-Report-NewsGradient-2022-09-02--2022-09-09.csv,1634
https://www.bl-portal.com/svijet/nebenzja-porucio-rusija-trazi-sastanak-savjeta-bezbjednosti-un-o-isporuci-oruzja-ukrajini/,csv/Historical-Report-NewsGradient-2022-09-02--2022-09-09.csv,2117
https://www.bl-portal.com/novosti/ilic-o-stanivukovicevoj-kocnici-ne-uplacuje-po-100-km-jer-je-prijedlog-snsd-a/,csv/Historical-Report-NewsGradient-2022-09-02--2022-09-09.csv,2727
https://www.bl-portal.com/novosti/sarovic-najavio-sds-nece-podrzati-najavljeno-pokretanje-vitalnog-nacionalnog-interesa-u-nsrs/,csv/Historical-Report-NewsGradient-2022-09-02--2022-09-09.csv,3285
https://www.bl-portal.com/banjaluka/digitalni-nomad-kinez-dzimbo-posjetio-banjaluku-video/,csv/Historical-Report-NewsGradient-2022-09-02--2022-09-09.csv,3320
https://www.bl-portal.com/banjaluka/nagrada-za-sav-trud-ivana-dujakovic-dobila-posao-najbolji-student-stomatologije-dujakovic-dobila-posao-najbolji-student-stomatologije/,csv/Historical-Report-NewsGradient-2022-09-02--2022-09-09.csv,3926
https://www.bl-portal.com/ekonomija/srpska-proizvodi-dovoljno-mlijeka-odluka-srbije-o-zabrani-izvoza-ne-znaci-poskupljenje/,csv/Historical-Report-NewsGradient-2022-09-02--2022-09-09.csv,5745
https://www.bl-portal.com/novosti/prisutan-i-dodik-erdogan-se-sastao-sa-clanovima-predsjednistva-bih/,csv/Historical-Report-NewsGradient-2022-09-02--2022-09-09.csv,6129
https://www.bl-portal.com/novosti/stavljeno-na-dnevni-red-sjednice-nsrs-pripremljen-prijedlog-zakona-o-legalizaciji-objekata/,csv/Historical-Report-NewsGradient-2022-09-02--2022-09-09.csv,6175
https://www.bl-portal.com/drustvo/ponisten-prethodni-oglas-39-miliona-u-budzetu-uio-jos-trazi-rjesenje-za-novu-zgradu-u-banjaluci/,csv/Historical-Report-NewsGradient-2022-09-02--2022-09-09.csv,6395
https://www.bl-portal.com/banjaluka/penzioneri-zatrazili-isplatu-100-km-na-tekuce-racune-u-suprotnom-masovniji-protesti-u-banjaluci/,csv/Historical-Report-NewsGradient-2022-09-02--2022-09-09.csv,6572
https://www.bl-portal.com/novosti/predsjednik-odbora-napustio-dns-dane-novak-pristupio-demos-u/,csv/Historical-Report-NewsGradient-2022-09-02--2022-09-09.csv,6600
https://www.bl-portal.com/svijet/istraga-u-kanadi-%D1%98edan-osumnjiceni-za-masovno-ubistvo-pronadjen-mrtav/,csv/Historical-Report-NewsGradient-2022-09-02--2022-09-09.csv,6869
https://www.bl-portal.com/banjaluka/kafica-u-centru-banjaluke-u-novom-ruhu-zavrsena-rekonstrucija-dijela-setalista-u-ulici-bana-milosavljevica/,csv/Historical-Report-NewsGradient-2022-09-02--2022-09-09.csv,8503
https://www.bl-portal.com/banjaluka/olaksica-za-oko-15-000-porodica-pocele-prijave-za-besplatnu-legalizaciju/,csv/Historical-Report-NewsGradient-2022-09-02--2022-09-09.csv,8837
https://www.bl-portal.com/svijet/ministarstvo-odbrane-potvrdilo-turski-vojni-helikopter-pao-u-sjevernom-iraku/,csv/Historical-Report-NewsGradient-2022-09-02--2022-09-09.csv,8977
https://www.bl-portal.com/drustvo/sluzba-hitne-pomoci-imala-pune-ruke-posla-u-banjaluci-zabiljezeno-70-slucajeva-teskog-pijanstva/,csv/Historical-Report-NewsGradient-2022-09-02--2022-09-09.csv,10067
https://www.bl-portal.com/hronika/utopio-se-mladic-kod-pavlovica-mosta/,csv/Historical-Report-NewsGradient-2022-09-02--2022-09-09.csv,11545
https://www.bl-portal.com/banjaluka/konacno-bolji-uslovi-banjalucki-studenti-u-obnovljenim-sobama-sc-nikola-tesla/,csv/Historical-Report-NewsGradient-2022-09-02--2022-09-09.csv,11989
https://www.bl-portal.com/novosti/demos-na-izbore-izlazi-svijetla-obraza-sa-realnim-programom-i-kvalitetnim-kadrovima-foto/,csv/Historical-Report-NewsGradient-2022-09-02--2022-09-09.csv,13267
https://www.bl-portal.com/drustvo/odlicne-vijesti-dodik-fond-solidarnosti-snosice-troskove-za-lijecenje-andjele-tanackovicfond-solidarnosti-snosice-troskove-za-lijecenje-andjele-tanackovic/,csv/Historical-Report-NewsGradient-2022-09-02--2022-09-09.csv,13614
https://www.bl-portal.com/novosti/tegeltija-u-obracanju-na-samitu-u-beogradu-sasvim-je-izvjesno-da-ce-bih-biti-clanica-otvorenog-balkana/,csv/Historical-Report-NewsGradient-2022-09-02--2022-09-09.csv,14006
https://www.bl-portal.com/svijet/najpouzdaniji-metod-izbjegavanja-teskih-oblika-bolesti-vakcinacijom-sprijeciti-novi-talas-infekcije/,csv/Historical-Report-NewsGradient-2022-09-02--2022-09-09.csv,14241
https://www.bl-portal.com/ekonomija/kineska-kargo-kompanija-otvara-servis-u-bih-tuzla-dobija-izlaz-na-novi-put-svile/,csv/Historical-Report-NewsGradient-2022-09-02--2022-09-09.csv,14361
https://www.bl-portal.com/ekonomija/nijemci-u-nevolji-cjene-goriva-ponovo-porasle/,csv/Historical-Report-NewsGradient-2022-09-02--2022-09-09.csv,14398
https://www.bl-portal.com/novosti/dodik-porucio-zaposljavanje-djece-poginulih-boraca-prioritet/,csv/Historical-Report-NewsGradient-2022-09-02--2022-09-09.csv,14545
https://www.bl-portal.com/novosti/dodik-predlozio-da-smit-bude-proglasen-personom-non-grata-bih-je-u-dubokoj-krizi/,csv/Historical-Report-NewsGradient-2022-09-02--2022-09-09.csv,14677
https://www.bl-portal.com/drustvo/patrijarh-porfirije-za-nas-pravoslavne-hriscane-neprihvatljiva-je-lgbt-zajednica/,csv/Historical-Report-NewsGradient-2022-09-09--2022-09-12.csv,81
https://www.bl-portal.com/banjaluka/nakon-golmana-konobar-brojne-reakcije-na-stanivukovicev-novi-spot-video/,csv/Historical-Report-NewsGradient-2022-09-09--2022-09-12.csv,833
https://www.bl-portal.com/region/vucic-porucio-za-%D1%98asenovac-se-vise-culo-kada-su-mi-zabranili-posjetu/,csv/Historical-Report-NewsGradient-2022-09-09--2022-09-12.csv,962
https://www.bl-portal.com/drustvo/djajic-na-otvaranju-klinike-za-kardiohirurgiju-uspjeli-smo-za-dobrobit-naroda/,csv/Historical-Report-NewsGradient-2022-09-09--2022-09-12.csv,1305
https://www.bl-portal.com/novosti/viskovic-na-obiljezavanju-jubileja-%D1%98urisnog-odreda-ne-smije-se-bilo-kojim-potezom-ugroziti-postojanje-srpske/,csv/Historical-Report-NewsGradient-2022-09-09--2022-09-12.csv,3037
https://www.bl-portal.com/novosti/patrijarh-porfirije-sluzi-liturgiju-u-%D1%98asenovcu-prisustvuje-i-milorad-dodik/,csv/Historical-Report-NewsGradient-2022-09-09--2022-09-12.csv,3423
https://www.bl-portal.com/hronika/pokusaj-ubistva-u-banjaluci-o-pucnjavi-se-oglasila-i-policija/,csv/Historical-Report-NewsGradient-2022-09-09--2022-09-12.csv,3469
https://www.bl-portal.com/region/sudar-dva-voza-u-hrvatskoj-ima-poginulih/,csv/Historical-Report-NewsGradient-2022-09-09--2022-09-12.csv,3923
https://www.bl-portal.com/hronika/blokiran-saobracaj-na-auto-putu-zapalio-se-kombi/,csv/Historical-Report-NewsGradient-2022-09-09--2022-09-12.csv,4566
https://www.bl-portal.com/banjaluka/mjestani-motika-zadovoljni-uskoro-asfalt-u-ogranku-ulice-drugog-krajiskog-korpusa/,csv/Historical-Report-NewsGradient-2022-09-09--2022-09-12.csv,5688
https://www.bl-portal.com/novosti/borenovic-i-sarovic-reagovali-na-akcize-hitno-zakazati-sjednice-oba-doma/,csv/Historical-Report-NewsGradient-2022-09-12--2022-09-13.csv,860
https://www.bl-portal.com/drustvo/za-misicevu-radnici-najugrozeniji-drzava-da-odluci-da-se-obracuna-sa-radom-na-crno/,csv/Historical-Report-NewsGradient-2022-09-13--2022-09-14.csv,376
https://www.bl-portal.com/sport/navijac-koristio-zolju-nevjerovatan-snimak-sa-utakmice-u-hrvatskoj-video/,csv/Historical-Report-NewsGradient-2022-09-13--2022-09-14.csv,947
https://www.bl-portal.com/banjaluka/rucao-u-menzi-i-casti-kuvarice-dodik-najavio-besplatan-smjestaj-za-studente-u-banjaluci-foto-video/,csv/Historical-Report-NewsGradient-2022-09-13--2022-09-14.csv,1244
https://www.bl-portal.com/svijet/ministarstvo-spoljnih-poslova-saopstilo-%D1%98os-30-britanaca-naslo-se-na-ruskoj-stop-listi/,csv/Historical-Report-NewsGradient-2022-09-14--2022-09-15.csv,251
https://www.bl-portal.com/novosti/dodik-se-obratio-poslanicima-parlament-srpske-mjesto-konacne-odluke-o-interesima-srba-u-bih/,csv/Historical-Report-NewsGradient-2022-09-14--2022-09-15.csv,1558
https://www.bl-portal.com/novosti/poslanici-donose-odluku-pocela-posebna-sjednica-na-zahtjev-dodika/,csv/Historical-Report-NewsGradient-2022-09-14--2022-09-15.csv,1616
https://www.bl-portal.com/banjaluka/uvijek-cu-pricati-o-poskupljenjima-grmusa-o-zabrani-obracanja-na-skupovima/,csv/Historical-Report-NewsGradient-2022-09-14--2022-09-15.csv,1686
https://www.bl-portal.com/nauka-i-tehnologija/otkrice-na-marsu-rover-pronasao-organsku-materiju-u-krateru-%D1%98ezero/,csv/Historical-Report-NewsGradient-2022-09-15--2022-09-16.csv,223
https://www.bl-portal.com/drustvo/kabadahijski-odnos-poslodavaca-minimalac-i-uslovi-rada-uticali-na-kvalitet-usluga/,csv/Historical-Report-NewsGradient-2022-09-15--2022-09-16.csv,557
https://www.bl-portal.com/region/lopov-opustosio-sve-ukrao-pet-tona-krompira-i-stotine-kilograma-kupusa-i-paprike/,csv/Historical-Report-NewsGradient-2022-09-15--2022-09-16.csv,894
https://www.bl-portal.com/banjaluka/u-susret-evropskoj-sedmici-mobilnosti-grad-poklanja-parking-za-bicikle-za-pet-zajednica-etaznih-vlasnika/,csv/Historical-Report-NewsGradient-2022-09-15--2022-09-16.csv,1003
https://www.bl-portal.com/novosti/pomoc-iz-budzeta-institucija-bih-za-poplave-u-pakistanu-izdvojiti-milion-km/,csv/Historical-Report-NewsGradient-2022-09-15--2022-09-16.csv,1012
https://www.bl-portal.com/drustvo/poznata-voditeljka-posjetila-ukc-srpske-jovana-jeremic-na-pregledu-glasnih-zica/,csv/Historical-Report-NewsGradient-2022-09-15--2022-09-16.csv,1048
https://www.bl-portal.com/svijet/bijela-kuca-obecala-novu-pomoc-ukrajina-ce-dobiti-napredne-raketne-sisteme/,csv/Historical-Report-NewsGradient-2022-09-15--2022-09-16.csv,1067
https://www.bl-portal.com/region/povodom-zabranjenih-setnji-nadlezni-porucuju-svako-okupljanje-preko-20-ljudi-bice-kaznjeno/,csv/Historical-Report-NewsGradient-2022-09-15--2022-09-16.csv,1124
https://www.bl-portal.com/drustvo/pjevanjem-himne-i-sirenjem-zastave-ucenici-obiljezili-dan-jedinstva/,csv/Historical-Report-NewsGradient-2022-09-15--2022-09-16.csv,1224
https://www.bl-portal.com/ekonomija/novi-izvjestaj-iea-uvoz-ruske-nafte-u-eu-manji-880-000-barela-dnevno/,csv/Historical-Report-NewsGradient-2022-09-15--2022-09-16.csv,1237
https://www.bl-portal.com/svijet/peskov-tvrdi-samo-kijev-moze-dati-bezbjednosne-garancije-ukrajini/,csv/Historical-Report-NewsGradient-2022-09-15--2022-09-16.csv,1252
https://www.bl-portal.com/region/stefanovic-cestitao-dan-srpskog-jedinstva-ujedinjeni-mozemo-sve/,csv/Historical-Report-NewsGradient-2022-09-15--2022-09-16.csv,1265
https://www.bl-portal.com/novosti/sastanak-fiskalnog-savjeta-bih-i-mmf-kljucni-izazovi-su-rastuca-inflacija-i-energetska-kriza/,csv/Historical-Report-NewsGradient-2022-09-15--2022-09-16.csv,1287
https://www.bl-portal.com/drustvo/oprezno-za-volanom-presretac-kontrolise-brzinu-na-ovom-dijelu-puta-5/,csv/Historical-Report-NewsGradient-2022-09-15--2022-09-16.csv,1314
https://www.bl-portal.com/svijet/borelj-apelovao-na-dalju-pomoc-kijevu-pojedini-evropljani-zele-da-obustave-podrsku-ukrajini/,csv/Historical-Report-NewsGradient-2022-09-15--2022-09-16.csv,1336
https://www.bl-portal.com/sport/gvardiola-o-halandovom-golu-to-mogu-samo-krojf-i-ibrahimovic/,csv/Historical-Report-NewsGradient-2022-09-15--2022-09-16.csv,1362
https://www.bl-portal.com/region/strasna-zeljeznicka-nesreca-u-naletu-putnickog-voza-na-automobil-poginuli-dijete-i-majka/,csv/Historical-Report-NewsGradient-2022-09-15--2022-09-16.csv,1387
https://www.bl-portal.com/novosti/policijske-agencije-u-punoj-pripravnosti-hakeri-spremaju-napad-na-cik-2-oktobra/,csv/Historical-Report-NewsGradient-2022-09-15--2022-09-16.csv,1401
https://www.bl-portal.com/svijet/kako-bi-razgovarala-o-procesu-pristupanja-ukrajine-eu-ursula-fon-der-lajen-doputovala-u-kijev/,csv/Historical-Report-NewsGradient-2022-09-15--2022-09-16.csv,1417
https://www.bl-portal.com/sport/ponitka-srecan-zbog-plasmana-njegovog-tima-u-polufinale-ep-kosarka-nije-popularna-u-poljskoj/,csv/Historical-Report-NewsGradient-2022-09-15--2022-09-16.csv,1429
https://www.bl-portal.com/svijet/nehotice-koriscen-napunjen-pistolj-policajac-ubijen-tokom-treninga/,csv/Historical-Report-NewsGradient-2022-09-15--2022-09-16.csv,1442
https://www.bl-portal.com/svijet/korona-u-svijetu-blagi-pad-broja-zarazenih-3/,csv/Historical-Report-NewsGradient-2022-09-15--2022-09-16.csv,1463
https://www.bl-portal.com/novosti/dodik-pozelio-da-buduce-generacije-zive-u-slobodi-i-miru-jednstvo-srpskog-naroda-se-ogleda-na-svakom-koraku/,csv/Historical-Report-NewsGradient-2022-09-15--2022-09-16.csv,1484
https://www.bl-portal.com/novosti/zasmetala-im-milanoviceva-izjava-ambasador-hrvatske-odbio-da-primi-protestnu-notu-mip-bih/,csv/Historical-Report-NewsGradient-2022-09-15--2022-09-16.csv,1501
https://www.bl-portal.com/svijet/pobjegla-u-juznu-koreju-uhapsena-zena-osumnjicena-za-ubistvo-djece-ciji-su-ostaci-pronadjeni-u-koferu/,csv/Historical-Report-NewsGradient-2022-09-15--2022-09-16.csv,1588
https://www.bl-portal.com/novosti/zbog-milanoviceve-izjave-o-srebrenici-biznismen-iz-bih-obecao-ekonomsku-odmazdu-hrvatskoj/,csv/Historical-Report-NewsGradient-2022-09-15--2022-09-16.csv,1600
https://www.bl-portal.com/region/visegodisnji-funkcioner-dps-a-preminuo-miodrag-vukovic/,csv/Historical-Report-NewsGradient-2022-09-15--2022-09-16.csv,1621
https://www.bl-portal.com/banjaluka/dobra-turisticka-sezona-banjaluku-za-sedam-mjeseci-posjetilo-50-000-turista/,csv/Historical-Report-NewsGradient-2022-09-15--2022-09-16.csv,1633
https://www.bl-portal.com/novosti/prisutni-najvisi-zvanicnici-srpske-i-srbije-u-bijeljini-pocela-svecanost-u-cast-dana-srpskog-jedinstva-foto/,csv/Historical-Report-NewsGradient-2022-09-15--2022-09-16.csv,1652
https://www.bl-portal.com/hronika/pocinila-osam-krivicnih-djela-uhapsena-zena-zbog-laznog-predstavljanja-i-kradje/,csv/Historical-Report-NewsGradient-2022-09-15--2022-09-16.csv,1670
https://www.bl-portal.com/region/pijani-mladic-zakucao-se-bmw-om-u-banderu-od-automobila-ostala-samo-olupina-foto/,csv/Historical-Report-NewsGradient-2022-09-15--2022-09-16.csv,1685
https://www.bl-portal.com/drustvo/u-srpskoj-zarazeno-30-osoba-preminulo-dvoje/,csv/Historical-Report-NewsGradient-2022-09-15--2022-09-16.csv,1715
https://www.bl-portal.com/svijet/kolona-duga-15-kilometara-britanci-cekali-u-redu-kako-bi-odali-postu-kraljici-video/,csv/Historical-Report-NewsGradient-2022-09-15--2022-09-16.csv,1768
https://www.bl-portal.com/svijet/intervencija-medjunarodne-zajednice-postignuto-primirje-izmedju-jermenije-i-azerbejdzana/,csv/Historical-Report-NewsGradient-2022-09-15--2022-09-16.csv,1775
https://www.bl-portal.com/drustvo/poslovna-inteligencija-bi-konsultant-zna-kako-do-nje-doci/,csv/Historical-Report-NewsGradient-2022-09-15--2022-09-16.csv,1788
https://www.bl-portal.com/banjaluka/dobro-nam-dosli-banjaluka-bogatija-za-18-beba-cetiri-djevojcice-i-cetrnaest-djecaka/,csv/Historical-Report-NewsGradient-2022-09-15--2022-09-16.csv,1799
https://www.bl-portal.com/banjaluka/manjaca-mjesto-susreta-za-sve-od-sedam-do-77-godina/,csv/Historical-Report-NewsGradient-2022-09-15--2022-09-16.csv,1814
https://www.bl-portal.com/drustvo/obiljezavanje-dana-srpskog-jedinstva-pojacane-mjere-bezbjednosti-u-bijeljini/,csv/Historical-Report-NewsGradient-2022-09-15--2022-09-16.csv,1830
https://www.bl-portal.com/region/vulin-cestitao-dan-srpskog-jedinstva-srecan-nam-praznik-cuvajmo-jedni-druge/,csv/Historical-Report-NewsGradient-2022-09-15--2022-09-16.csv,1843
https://www.bl-portal.com/novosti/dodik-porucio-dionica-auto-puta-bijeljina-raca-do-srbije-da-se-zove-put-srpskog-jedinstva/,csv/Historical-Report-NewsGradient-2022-09-15--2022-09-16.csv,1860
https://www.bl-portal.com/novosti/vucic-u-bijeljini-o-gradnji-auto-puta-ovo-za-semberiju-znaci-zivot-video/,csv/Historical-Report-NewsGradient-2022-09-15--2022-09-16.csv,1878
https://www.bl-portal.com/novosti/cvijanoviceva-na-obiljezavanju-pocetka-radova-auto-put-je-simbol-nacionalnog-jedinstva-i-kruna-nikad-boljih-odnosa/,csv/Historical-Report-NewsGradient-2022-09-15--2022-09-16.csv,1895
https://www.bl-portal.com/zanimljivosti/kolabirao-kraljevski-cuvar-se-srusio-kod-kovcega-kraljice-elizabete-ii-video/,csv/Historical-Report-NewsGradient-2022-09-15--2022-09-16.csv,1912
https://www.bl-portal.com/novosti/svecanost-u-bijeljini-pocinje-izgradnja-auto-puta-raca-bijeljina-foto/,csv/Historical-Report-NewsGradient-2022-09-15--2022-09-16.csv,1928
https://www.bl-portal.com/drustvo/zbog-uklanjanja-rastinja-ispod-trase-dalekovoda-u-sekovicima-sutra-bez-struje-1-700-potrosaca/,csv/Historical-Report-NewsGradient-2022-09-15--2022-09-16.csv,1943
https://www.bl-portal.com/novosti/dodik-odgovorio-izetbegovicu-srpski-narod-je-vijekovima-svoj-na-svome/,csv/Historical-Report-NewsGradient-2022-09-15--2022-09-16.csv,1970
https://www.bl-portal.com/svijet/jaca-pomorska-saradnja-kineska-i-ruska-mornarica-izvode-zajednicke-vjezbe-u-pacifiku/,csv/Historical-Report-NewsGradient-2022-09-15--2022-09-16.csv,1983
https://www.bl-portal.com/hronika/haos-kod-zvornika-pet-navijaca-tesko-povrijedili-maloljetnika-koji-je-navijao-za-protivnicki-tim/,csv/Historical-Report-NewsGradient-2022-09-15--2022-09-16.csv,2005
https://www.bl-portal.com/ekonomija/pomoc-ugrozenim-privrednicima-i-potrosacima-ek-predlozila-hitne-mjere-za-obuzdavanje-cijena-energenata/,csv/Historical-Report-NewsGradient-2022-09-15--2022-09-16.csv,2021
https://www.bl-portal.com/ekonomija/najavljuje-se-drasticno-poskupljenje-ove-vrste-ogreva-proizvodjaci-peleta-ekstraprofitiraju-na-racun-gradjana-i-drzave/,csv/Historical-Report-NewsGradient-2022-09-15--2022-09-16.csv,2038
https://www.bl-portal.com/drustvo/povoljni-uslovi-za-voznju-saobracaj-se-na-vecini-puteva-u-srpskoj-odvija-redovno-2/,csv/Historical-Report-NewsGradient-2022-09-15--2022-09-16.csv,2052
https://www.bl-portal.com/drustvo/temperatura-do-30-stepeni-danas-toplo-i-vjetrovito-povremeno-kisa/,csv/Historical-Report-NewsGradient-2022-09-15--2022-09-16.csv,2063
https://www.bl-portal.com/hronika/teska-saobracajna-nesreca-u-selu-muskarac-poginuo-u-padu-sa-traktora/,csv/Historical-Report-NewsGradient-2022-09-15--2022-09-16.csv,2083
https://www.bl-portal.com/region/abazovic-nakon-sastanka-lidera-parlamentarne-vecine-dritanova-fotelja-nije-prepreka/,csv/Historical-Report-NewsGradient-2022-09-15--2022-09-16.csv,2096
https://www.bl-portal.com/sport/zbog-ucjene-uhapsen-brat-pola-pogbe/,csv/Historical-Report-NewsGradient-2022-09-15--2022-09-16.csv,2114
https://www.bl-portal.com/region/zavrsena-dvodnevna-rasprava-usvojen-vucicev-izvjestaj-o-kim/,csv/Historical-Report-NewsGradient-2022-09-15--2022-09-16.csv,2123
https://www.bl-portal.com/drustvo/lovci-ponovo-okacili-puske-na-ramena-pocela-sezona-lova-u-republici-srpskoj/,csv/Historical-Report-NewsGradient-2022-09-15--2022-09-16.csv,2135
https://www.bl-portal.com/drustvo/zatvorene-brojne-ulice-izmjene-u-saobracaju-povodom-obiljezavanja-dana-srpskog-jedinstva/,csv/Historical-Report-NewsGradient-2022-09-15--2022-09-16.csv,2152
https://www.bl-portal.com/novosti/dodik-cestitao-dan-srpskog-jedinstva-ponosan-sam-i-srecan-sto-se-srpska-trobojka-danas-vijori-svuda-gdje-zivi-srpski-rod/,csv/Historical-Report-NewsGradient-2022-09-15--2022-09-16.csv,2181
https://www.bl-portal.com/novosti/javni-sektor-u-srpskoj-nastavio-sa-akumuliranjem-radne-snage-drzava-godisnje-zaposli-1-170-cinovnika/,csv/Historical-Report-NewsGradient-2022-09-15--2022-09-16.csv,2194
https://www.bl-portal.com/svijet/po-povratku-iz-izjuma-zelenski-u-kijevu-dozivio-saobracajnu-nesrecu/,csv/Historical-Report-NewsGradient-2022-09-15--2022-09-16.csv,2202
https://www.bl-portal.com/sport/benfika-sokirala-juventus-spektakularni-haland-i-preokret-sitija-za-cetiri-minuta-video/,csv/Historical-Report-NewsGradient-2022-09-15--2022-09-16.csv,2213
https://www.bl-portal.com/ekonomija/ponuda-ce-sigurno-biti-manja-a-cijena-veca-susa-prepolovila-prinos-kupusa/,csv/Historical-Report-NewsGradient-2022-09-15--2022-09-16.csv,2226
https://www.bl-portal.com/drustvo/stanovnistvo-bi-moglo-ostati-bez-ove-osnovne-zivotne-namirnice-mlijeka-sve-manje-u-marketima/,csv/Historical-Report-NewsGradient-2022-09-15--2022-09-16.csv,2238
https://www.bl-portal.com/zdravlje-i-savjeti/cokoladna-bomba-od-pet-sastojaka-recept-za-fererro-tortu/,csv/Historical-Report-NewsGradient-2022-09-15--2022-09-16.csv,2241
https://www.bl-portal.com/zabava/dnevna-doza-humora-haso-tjesi-fatu/,csv/Historical-Report-NewsGradient-2022-09-15--2022-09-16.csv,2252
https://www.bl-portal.com/novosti/trisic-babic-dodik-ce-sa-putinom-razgovarati-i-o-energetskoj-situaciji/,csv/Historical-Report-NewsGradient-2022-09-18--2022-09-19.csv,232
https://www.bl-portal.com/novosti/uslovljavaju-deblokadu-miliona-evra-dodik-smatra-da-evropska-komisija-dijeli-bih/,csv/Historical-Report-NewsGradient-2022-09-18--2022-09-19.csv,975
https://www.bl-portal.com/novosti/registrovali-mnogo-problema-u-gradu-banjalucki-snsd-predstavio-interaktivnu-mapu/,csv/Historical-Report-NewsGradient-2022-09-18--2022-09-19.csv,1123
https://www.bl-portal.com/svijet/zgrade-se-tresle-panika-zavladala-zemljotres-75-stepeni-pogodio-zapad-meksika/,csv/Historical-Report-NewsGradient-2022-09-19--2022-09-20.csv,334
https://www.bl-portal.com/region/nesreca-na-pruzi-voz-usmrtio-medvjeda/,csv/Historical-Report-NewsGradient-2022-09-19--2022-09-20.csv,1042
https://www.bl-portal.com/hronika/lukac-najavio-hapsenje-lica-koja-su-koristila-skaj-aplikaciju-mup-nastavalja-sa-prikupljanjem-informacija/,csv/Historical-Report-NewsGradient-2022-09-19--2022-09-20.csv,1307
https://www.bl-portal.com/novosti/krsticeva-uvjerena-da-turkoviceva-zloupotrebljava-polozaj-naruseni-odnosi-u-ministarstvu/,csv/Historical-Report-NewsGradient-2022-09-19--2022-09-20.csv,1775
https://www.bl-portal.com/novosti/dodik-otkrio-detalje-razgovora-sa-putinom-impresioniran-sam-cinjenicom-da-je-informisan-o-svemu/,csv/Historical-Report-NewsGradient-2022-09-20--2022-09-21.csv,475
https://www.bl-portal.com/banjaluka/poceli-radovi-uskoro-stize-voda-u-dva-zaseoka-kod-banjaluke-foto/,csv/Historical-Report-NewsGradient-2022-09-20--2022-09-21.csv,1554
https://www.bl-portal.com/zanimljivosti/oboren-dosadasnji-rekord-potere-takmicari-kuci-odnijeli-skoro-20-000-km/,csv/Historical-Report-NewsGradient-2022-09-20--2022-09-21.csv,2126
https://www.bl-portal.com/banjaluka/dobra-vijest-za-17-najboljih-studenata-dogovorena-posjeta-u-becu/,csv/Historical-Report-NewsGradient-2022-09-21--2022-09-22.csv,658
https://www.bl-portal.com/novosti/vlada-srpske-reagovala-dokumentaciju-iskljucivo-dostaviti-ministarstvu-porodice-omladine-i-sporta/,csv/Historical-Report-NewsGradient-2022-09-21--2022-09-22.csv,1703
https://www.bl-portal.com/hronika/polno-uznemiravao-pacijente-sudjenje-banjaluckom-anesteziologu-zatvoreno-za-javnost/,csv/Historical-Report-NewsGradient-2022-09-21--2022-09-22.csv,1720
https://www.bl-portal.com/novosti/bez-puno-dileme-ustavni-sud-stavio-van-snage-zakon%E2%80%8B-o-nepokretnoj-imovini-srpske/,csv/Historical-Report-NewsGradient-2022-09-22--2022-09-23.csv,1072
https://www.bl-portal.com/novosti/kosarac-reagovao-na-izjavu-sarovica-bezuspjesno-pokusava-da-ugrozi-odnose-srpske-i-srbije/,csv/Historical-Report-NewsGradient-2022-09-22--2022-09-23.csv,1238
https://www.bl-portal.com/novosti/tribina-snsd-u-nevesinju-narod-nevesinjskog-kraja-zasluzuje-razvoj/,csv/Historical-Report-NewsGradient-2022-09-23--2022-09-24.csv,89
https://www.bl-portal.com/ekonomija/veliki-iskorak-u-svijetu-skijanja-oc-%D1%98ahorina-nabavlja-najsavremeniji-sistem-za-vjestacko-osnjezavanje/,csv/Historical-Report-NewsGradient-2022-09-23--2022-09-24.csv,1778
https://www.bl-portal.com/hronika/vozac-u-zadnji-tren-iskocio-iz-kabine-voz-udario-kamion-na-kruznom-prelazu-kod-incela/,csv/Historical-Report-NewsGradient-2022-09-24--2022-09-25.csv,570
https://www.bl-portal.com/region/selakovic-%D1%98acanje-uloge-un-ima-vitalni-znacaj-za-srbiju/,csv/Historical-Report-NewsGradient-2022-09-24--2022-09-25.csv,1638
https://www.bl-portal.com/banjaluka/maja-%D1%98ovicic-ugasila-pozar-ponovo-pobijedila-u-banjaluckoj-surijadi/,csv/Historical-Report-NewsGradient-2022-09-25--2022-09-26.csv,835
https://www.bl-portal.com/novosti/cvijanovic-%D1%98evrejska-nova-godina-da-podsjeti-na-vaznost-tolerancije-i-prastanja/,csv/Historical-Report-NewsGradient-2022-09-25--2022-09-26.csv,1706
https://www.bl-portal.com/novosti/cvijanoviceva-na-otvaranju-banke-humanog-mlijeka-veliki-podvig-za-srpsku/,csv/Historical-Report-NewsGradient-2022-09-26--2022-09-27.csv,645
https://www.bl-portal.com/novosti/dodik-komentarisao-slucaj-novitovic-ispitivanje-potpuno-nepotrebno-mijesanje-u-izborni-proces/,csv/Historical-Report-NewsGradient-2022-09-26--2022-09-27.csv,934
https://www.bl-portal.com/novosti/oglasili-se-iz-us-nakon-hapsenja-novitovica-zloupotreba-pravosudja-u-politicke-svrhe/,csv/Historical-Report-NewsGradient-2022-09-26--2022-09-27.csv,1187
https://www.bl-portal.com/novosti/dodik-zapjevao-na-trgu-u-banjaluci-ne-moze-nam-niko-nista/,csv/Historical-Report-NewsGradient-2022-09-30--2022-10-01.csv,177
https://www.bl-portal.com/drustvo/ni%D1%98%D0%B5-pri%D1%98%D0%B0vlj%D0%B5n-ni%D1%98%D0%B5d%D0%B0n-smrtni-sluc%D0%B0%D1%98-u-srpskoj-35-novozarazenih/,csv/Historical-Report-NewsGradient-2022-09-30--2022-10-01.csv,1353
https://www.bl-portal.com/novosti/dodik-odao-pocast-bivsem-predsjedniku-%D1%98elic-do-prerane-smrti-uradio-mnogo-za-drustvo/,csv/Historical-Report-NewsGradient-2022-09-30--2022-10-01.csv,1488
https://www.bl-portal.com/novosti/obiljezavanje-godisnjice-smrti-milana-%D1%98elica-vijence-na-grob-polozili-cvijanovic-i-dodik/,csv/Historical-Report-NewsGradient-2022-09-30--2022-10-01.csv,1506
https://www.bl-portal.com/novosti/sesti-predsjednik-republike-srpske-godisnjica-smrti-milana-%D1%98elica/,csv/Historical-Report-NewsGradient-2022-09-30--2022-10-01.csv,2078
https://www.bl-portal.com/novosti/ambasada-sad-a-se-oglasila-povodom-smitove-odluke-ove-mjere-su-bile-hitno-potrebne/,csv/Historical-Report-NewsGradient-2022-10-02--2022-10-03.csv,378
https://www.bl-portal.com/novosti/stevandic-se-obratio-cvijanovic-ima-gotovo-sigurnu-pobjedu/,csv/Historical-Report-NewsGradient-2022-10-02--2022-10-03.csv,510
https://www.bl-portal.com/novosti/prebrojano-tri-cetvrtine-glasackih-listica-cvijanoviceva-ima-veliku-prednost/,csv/Historical-Report-NewsGradient-2022-10-02--2022-10-03.csv,689
https://www.bl-portal.com/novosti/banjac-zadovoljan-jer-su-izbori-prosli-bez-velikih-nepravilnosti-ubijedjen-sam-u-pobjedu-dodika-i-cvijanoviceve/,csv/Historical-Report-NewsGradient-2022-10-02--2022-10-03.csv,707
https://www.bl-portal.com/novosti/rodic-porucio-da-je-jos-rano-proglasavati-bilo-ciju-pobjedu-dns-ocekuje-dobre-izborne-rezultate/,csv/Historical-Report-NewsGradient-2022-10-02--2022-10-03.csv,794
https://www.bl-portal.com/novosti/neka-se-malo-prze-borenovic-stigao-u-stab-pdp-a-video/,csv/Historical-Report-NewsGradient-2022-10-02--2022-10-03.csv,812
https://www.bl-portal.com/novosti/dodik-aktivan-na-tviteru-cvijanoviceva-i-ja-imamo-prednost/,csv/Historical-Report-NewsGradient-2022-10-02--2022-10-03.csv,881
https://www.bl-portal.com/novosti/cvijanoviceva-u-prednosti-prvi-rezultati-za-srpskog-clana-predsjednistva-po-opstinama/,csv/Historical-Report-NewsGradient-2022-10-02--2022-10-03.csv,905
https://www.bl-portal.com/novosti/stizu-rezultati-sa-terena-dodik-ima-prednost-u-odnosu-na-protivkandidate/,csv/Historical-Report-NewsGradient-2022-10-02--2022-10-03.csv,920
https://www.bl-portal.com/novosti/ambasada-sad-a-se-oglasila-povodom-smitove-odluke-ove-mjere-su-bile-hitno-potrebne/,csv/Historical-Report-NewsGradient-2022-10-02--2022-10-03.csv,1014
https://www.bl-portal.com/novosti/kovacevic-se-obratio-novinarima-kandidati-snds-a-u-velikoj-prednosti/,csv/Historical-Report-NewsGradient-2022-10-02--2022-10-03.csv,1055
https://www.bl-portal.com/novosti/izetbegovic-vjeruje-u-pobjedu-sda-ce-dobiti-vecu-podrsku-naroda-nego-prije-dvije-godine/,csv/Historical-Report-NewsGradient-2022-10-02--2022-10-03.csv,1094
https://www.bl-portal.com/novosti/izborni-dan-protekao-uspjesno-pogledajte-izlaznost/,csv/Historical-Report-NewsGradient-2022-10-02--2022-10-03.csv,1151
https://www.bl-portal.com/novosti/zatvorena-biracka-mjesta-u-bosni-i-hercegovini-odrzani-opsti-izbori/,csv/Historical-Report-NewsGradient-2022-10-02--2022-10-03.csv,1354
