https://bosnainfo.ba/komsic-u-svom-stilu-odbrusio-milanovicu-drago-mi-je-zbog-onog-sapuna-i-parfema/?utm_source=social&utm_medium=text&utm_campaign=BOSNA-INFO-RU,csv/Historical-Report-NewsGradient-2022-09-02--2022-09-09.csv,1011
https://bosnainfo.ba/ovo-je-bosna-obecanje-ispunjeno-katolicki-svestenik-popravio-krov-dzamije/?utm_source=Social&utm_medium=Text&utm_campaign=BOSNA-INFO-RU,csv/Historical-Report-NewsGradient-2022-09-02--2022-09-09.csv,3147
https://bosnainfo.ba/u-africi-djeca-uce-bosanski-jezik-spas-od-nasilja-pronasli-u-kampu/?utm_source=social&utm_medium=text&utm_campaign=BOSNA-INFO-RU,csv/Historical-Report-NewsGradient-2022-09-02--2022-09-09.csv,4349
https://bosnainfo.ba/pjanic-je-poletio-samo-on-ima-logicno-objasnjenje-zasto-iz-barcelone-odlazi-u-emirate/,csv/Historical-Report-NewsGradient-2022-09-02--2022-09-09.csv,4882
https://bosnainfo.ba/drama-usred-noci-lepa-brena-van-sebe-upala-u-kucu-s-nozem-komsije-otkrile-sve-detalje/?utm_source=social&utm_medium=text&utm_campaign=BOSNA-INFO-RU,csv/Historical-Report-NewsGradient-2022-09-02--2022-09-09.csv,8111
https://bosnainfo.ba/dodik-pokrecem-zastitu-nacionalnog-interesa-rs-zbog-njemacke-politike-asapiracija-prema-bih/?utm_source=social&utm_medium=text&utm_campaign=BOSNA-INFO-RU,csv/Historical-Report-NewsGradient-2022-09-02--2022-09-09.csv,8631
https://bosnainfo.ba/nakon-razvoda-emina-jahovic-uziva-u-prirodi-pogledajte-ko-joj-sada-pravi-drustvo/?utm_source=social&utm_medium=text&utm_campaign=BOSNA-INFO-RU,csv/Historical-Report-NewsGradient-2022-09-02--2022-09-09.csv,8813
https://sport.bosnainfo.ba/kosarkaski-savez-bih-u-problemu-i-dalje-cekamo-obecana-sredstva/?utm_source=social&utm_medium=text&utm_campaign=BOSNA-INFO-RU,csv/Historical-Report-NewsGradient-2022-09-02--2022-09-09.csv,8854
https://sport.bosnainfo.ba/hit-dine-merlina-orio-se-dvoranom-u-kelnu-bosnom-behar-probeharao-video/?utm_source=social&utm_medium=text&utm_campaign=BOSNA-INFO-RU,csv/Historical-Report-NewsGradient-2022-09-02--2022-09-09.csv,9288
https://sport.bosnainfo.ba/video-enis-beslagic-se-raspametio-na-tribini-nakon-pobjede-kosarkasa-pogledajte/?utm_source=social&utm_medium=text&utm_campaign=BOSNA-INFO-RU,csv/Historical-Report-NewsGradient-2022-09-02--2022-09-09.csv,9294
https://bosnainfo.ba/frizer-iz-viteza-vec-petu-godinu-prvacicima-poklanja-besplatno-sisanje/?utm_source=social&utm_medium=text&utm_campaign=BOSNA-INFO-RU,csv/Historical-Report-NewsGradient-2022-09-02--2022-09-09.csv,9789
https://bosnainfo.ba/ljudi-mandinog-sela-zive-stoljetni-san-dzamiju-izgradili-s-komsijama-hrvatima/?utm_source=social&utm_medium=text&utm_campaign=BOSNA-INFO-RU,csv/Historical-Report-NewsGradient-2022-09-02--2022-09-09.csv,9832
https://bosnainfo.ba/suad-i-slavko-bili-su-nerazdvojni-prijatelji-ni-rat-im-nista-nije-mogao/?utm_source=social&utm_medium=text&utm_campaign=BOSNA-INFO-RU,csv/Historical-Report-NewsGradient-2022-09-02--2022-09-09.csv,9877
https://bosnainfo.ba/nije-sve-tako-crno-nijemci-i-austrijanci-u-potrazi-za-boljim-zivotom-doselili-u-bih/?utm_source=social&utm_medium=text&utm_campaign=BOSNA-INFO-RU,csv/Historical-Report-NewsGradient-2022-09-02--2022-09-09.csv,9916
https://bosnainfo.ba/mobitel-vam-se-zagrijava-pravite-li-neku-od-ovih-gresaka/?utm_source=social&utm_medium=text&utm_campaign=BOSNA-INFO-RU,csv/Historical-Report-NewsGradient-2022-09-02--2022-09-09.csv,10694
https://bosnainfo.ba/jovana-jeremic-bas-je-pretjerala-zbog-ovog-je-zabranjen-tv-pink-na-6-mjeseci/?utm_source=social&utm_medium=text&utm_campaign=BOSNA-INFO-RU,csv/Historical-Report-NewsGradient-2022-09-02--2022-09-09.csv,10724
https://bosnainfo.ba/bizaran-trend-u-srbiji-mladi-se-snimaju-dok-hodaju-i-plesu-po-groblju/?utm_source=social&utm_medium=text&utm_campaign=BOSNA-INFO-RU,csv/Historical-Report-NewsGradient-2022-09-02--2022-09-09.csv,10749
https://bosnainfo.ba/trecina-stanovnistva-srbije-psihicki-ugrozena-od-depresije-do-suicidnih-misli/?utm_source=social&utm_medium=text&utm_campaign=BOSNA-INFO-RU,csv/Historical-Report-NewsGradient-2022-09-02--2022-09-09.csv,10839
https://sport.bosnainfo.ba/48606-2/?utm_source=social&utm_medium=text&utm_campaign=BOSNA-INFO-RU,csv/Historical-Report-NewsGradient-2022-09-02--2022-09-09.csv,10898
https://bosnainfo.ba/stizu-nove-vakcine-protiv-omikrona-evo-sta-sve-morate-znati/?utm_source=social&utm_medium=text&utm_campaign=BOSNA-INFO-RU,csv/Historical-Report-NewsGradient-2022-09-02--2022-09-09.csv,10949
https://sport.bosnainfo.ba/ujutro-novi-pregled-hoce-li-musa-biti-u-timu-za-utakmicu-protiv-slovenije/?utm_source=social&utm_medium=text&utm_campaign=BOSNA-INFO-RU,csv/Historical-Report-NewsGradient-2022-09-02--2022-09-09.csv,11342
https://bosnainfo.ba/70-000-ceha-na-ulicama-zbog-visokih-cijena-u-bih-bi-ovako-na-ulice-izasli-samo-kad-bi-ukinuli-zvezde-granda/?utm_source=social&utm_medium=text&utm_campaign=BOSNA-INFO-RU,csv/Historical-Report-NewsGradient-2022-09-02--2022-09-09.csv,11367
https://bosnainfo.ba/ako-je-rusija-pobjednik-energetske-krize-zasto-joj-se-direktori-kompanija-bacaju-kroz-bolnicke-prozore/?utm_source=social&utm_medium=text&utm_campaign=BOSNA-INFO-RU,csv/Historical-Report-NewsGradient-2022-09-02--2022-09-09.csv,11392
https://bosnainfo.ba/svaka-cast-pilotu-za-autoritet-putnice-slale-pilotu-aviona-tokom-leta-gole-fotografije-a-o-njegovoj-reakciji-prica-cijeli-svijet/?utm_source=social&utm_medium=text&utm_campaign=BOSNA-INFO-RU,csv/Historical-Report-NewsGradient-2022-09-02--2022-09-09.csv,11419
https://bosnainfo.ba/sretan-kraj-transformacija-napustenog-i-bolesnog-psa/?utm_source=social&utm_medium=text&utm_campaign=BOSNA-INFO-RU,csv/Historical-Report-NewsGradient-2022-09-02--2022-09-09.csv,11436
https://sport.bosnainfo.ba/nba-zvijezda-jusuf-nurkic-ponudio-zagrebu-besplatan-kosarkaski-teren-grad-ga-odbio/?utm_source=social&utm_medium=text&utm_campaign=BOSNA-INFO-RU,csv/Historical-Report-NewsGradient-2022-09-02--2022-09-09.csv,11481
https://bosnainfo.ba/ljudi-mandinog-sela-zive-stoljetni-san-dzamiju-izgradili-s-komsijama-hrvatima/?utm_source=social&utm_medium=text&utm_campaign=BOSNA-INFO-RU,csv/Historical-Report-NewsGradient-2022-09-02--2022-09-09.csv,12590
https://bosnainfo.ba/dodik-pruzio-podrsku-za-otcjepljenje-omarske/?utm_source=social&utm_medium=text&utm_campaign=BOSNA-INFO-RU,csv/Historical-Report-NewsGradient-2022-09-02--2022-09-09.csv,12594
https://bosnainfo.ba/dva-azerbejdzanca-upisana-u-srednju-masinsku-tehnicku-skolu-u-sarajevu/?utm_source=social&utm_medium=text&utm_campaign=BOSNA-INFO-RU,csv/Historical-Report-NewsGradient-2022-09-02--2022-09-09.csv,12598
https://bosnainfo.ba/kolinda-trebamo-li-novi-rat-da-bi-bih-napredovala-prema-eu/?utm_source=social&utm_medium=text&utm_campaign=BOSNA-INFO-RU,csv/Historical-Report-NewsGradient-2022-09-02--2022-09-09.csv,12603
https://bosnainfo.ba/novo-takmicenje-u-zvezdama-granda-da-li-je-atomska-mina-ljepsa-od-dzejle-ramovic/?utm_source=social&utm_medium=text&utm_campaign=BOSNA-INFO-RU,csv/Historical-Report-NewsGradient-2022-09-02--2022-09-09.csv,14524
https://bosnainfo.ba/haris-dzinovic-ljut-na-kcerku-djinu-zbog-veze-sa-voyagem/?utm_source=social&utm_medium=text&utm_campaign=BOSNA-INFO-RU,csv/Historical-Report-NewsGradient-2022-09-02--2022-09-09.csv,14726
https://bosnainfo.ba/pripiti-vucic-na-sajmu-vina-savjetnici-otimao-casu-popio-sam-100-casa/?utm_source=social&utm_medium=text&utm_campaign=BOSNA-INFO-RU,csv/Historical-Report-NewsGradient-2022-09-02--2022-09-09.csv,14820
https://bosnainfo.ba/djeca-ivice-kostelica-po-jednoj-osobini-uopste-ne-lice-na-njega/?utm_source=social&utm_medium=text&utm_campaign=BOSNA-INFO-RU,csv/Historical-Report-NewsGradient-2022-09-02--2022-09-09.csv,14838
https://bosnainfo.ba/cetvrtina-gradjana-tvrdi-da-su-im-stranke-nudile-novac-za-glas/?utm_source=social&utm_medium=text&utm_campaign=BOSNA-INFO-RU,csv/Historical-Report-NewsGradient-2022-09-02--2022-09-09.csv,14910
https://bosnainfo.ba/na-platu-do-800-km-prijavljeno-35-posto-zaposlenih/?utm_source=social&utm_medium=text&utm_campaign=BOSNA-INFO-RU,csv/Historical-Report-NewsGradient-2022-09-02--2022-09-09.csv,14976
https://bosnainfo.ba/kakva-partija-muse-u-debiju-za-real-madrid/,csv/Historical-Report-NewsGradient-2022-09-09--2022-09-12.csv,86
https://bosnainfo.ba/podgorica-peti-najzeleniji-grad-evrope/?utm_source=social&utm_medium=text&utm_campaign=BOSNA-INFO-RU,csv/Historical-Report-NewsGradient-2022-09-09--2022-09-12.csv,241
https://sport.bosnainfo.ba/srbi-i-hrvati-zajedno-navijali-u-berlinu-tako-treba-a-ne-da-se-svadjamo/?utm_source=social&utm_medium=text&utm_campaign=BOSNA-INFO-RU,csv/Historical-Report-NewsGradient-2022-09-09--2022-09-12.csv,407
https://bosnainfo.ba/legenda-da-nema-vece-ermin-iz-gornjeg-vakufa-17-godina-trosi-penziju-na-brigu-o-medvjedima/?utm_source=social&utm_medium=text&utm_campaign=BOSNA-INFO-RU,csv/Historical-Report-NewsGradient-2022-09-09--2022-09-12.csv,789
https://bosnainfo.ba/dosad-niste-bili-u-parku-prirode-blidinje-mi-jesmo-a-to-isto-od-srca-toplo-preporucujemo-i-vama/?utm_source=social&utm_medium=text&utm_campaign=BOSNA-INFO-RU,csv/Historical-Report-NewsGradient-2022-09-09--2022-09-12.csv,1058
https://bosnainfo.ba/kad-covjek-voli-zenu-primjer-iz-tuzle-je-univerzalna-definicija-iskrene-ljubavi/?utm_source=Text&utm_medium=BOSNA-INFO-RU&utm_id=Social,csv/Historical-Report-NewsGradient-2022-09-09--2022-09-12.csv,5019
https://bosnainfo.ba/kakav-gest-svaka-cast-divova-kuca-mali-bivak-velikih-ljudi/?utm_source=social&utm_medium=text&utm_campaign=BOSNA-INFO-RU,csv/Historical-Report-NewsGradient-2022-09-12--2022-09-13.csv,657
https://bosnainfo.ba/dino-merlin-slavi-60-rodjendan-najljepsi-poklon-stize-iduceg-mjeseca/?utm_source=social&utm_medium=text&utm_campaign=BOSNA-INFO-RU,csv/Historical-Report-NewsGradient-2022-09-12--2022-09-13.csv,1075
https://sport.bosnainfo.ba/nakon-ispadanja-sa-eurobasketa-a-uoci-izbora-kosarkasi-napadaju-politicare-a-nikad-vise-kosarkasa-medju-politicarima/?utm_source=social&utm_medium=text&utm_campaign=BOSNA-INFO-RU,csv/Historical-Report-NewsGradient-2022-09-12--2022-09-13.csv,1742
https://bosnainfo.ba/za-djecaka-haruna-kapu-izgradjena-pristupna-rampa-do-kuce-i-osigurana-stipendija-do-punoljetstva/?utm_source=social&utm_medium=text&utm_campaign=BOSNA-INFO-RU,csv/Historical-Report-NewsGradient-2022-09-12--2022-09-13.csv,1796
https://bosnainfo.ba/ukrajina-u-zadnja-24-sata-oslobodili-smo-20-mjesta/?utm_source=social&utm_medium=text&utm_campaign=BOSNA-INFO-RU,csv/Historical-Report-NewsGradient-2022-09-12--2022-09-13.csv,1892
https://bosnainfo.ba/europride-danas-pocinje-u-beogradu-crkva-se-protivi-nametanju-novih-drustvenih-normi/?utm_source=social&utm_medium=text&utm_campaign=BOSNA-INFO-RU,csv/Historical-Report-NewsGradient-2022-09-12--2022-09-13.csv,1897
https://bosnainfo.ba/nema-vise-gospode-u-sarajevu-pogledajte-stare-slike-sehera-koje-bude-nostalgiju/?utm_source=social&utm_medium=text&utm_campaign=BOSNA-INFO-RU,csv/Historical-Report-NewsGradient-2022-09-13--2022-09-14.csv,698
https://bosnainfo.ba/svaka-cast-ovim-roditeljima-nasa-djeca-ce-oslijepiti-sada-ih-vodimo-na-put-oko-svijeta-da-vide-sto-vise-cudesa-prirode/?utm_source=social&utm_medium=text&utm_campaign=BOSNA-INFO-RU,csv/Historical-Report-NewsGradient-2022-09-13--2022-09-14.csv,1295
https://bosnainfo.ba/zrakoplovno-takmicenje-pilota-jedrilica-proteklo-u-dominaciji-pilota-iz-tuzle/?utm_source=social&utm_medium=text&utm_campaign=BOSNA-INFO-RU,csv/Historical-Report-NewsGradient-2022-09-13--2022-09-14.csv,1512
https://bosnainfo.ba/kosarkasica-vedrana-radosavljevic-odusevila-ogrnula-se-zastavom-bosne-i-hercegovine/?utm_source=social&utm_medium=text&utm_campaign=BOSNA-INFO-RU,csv/Historical-Report-NewsGradient-2022-09-13--2022-09-14.csv,1823
https://bosnainfo.ba/policija-zna-clanove-kriminalne-grupe-koja-je-u-tk-krala-automobile-i-pljackala-benzinske-pumpe/?utm_source=social&utm_medium=text&utm_campaign=BOSNA-INFO-RU,csv/Historical-Report-NewsGradient-2022-09-13--2022-09-14.csv,1843
https://bosnainfo.ba/vojvotkinja-je-postala-kraljica-supruga-ko-su-djeca-kamile-parker/?utm_source=social&utm_medium=text&utm_campaign=BOSNA-INFO-RU,csv/Historical-Report-NewsGradient-2022-09-13--2022-09-14.csv,1886
https://bosnainfo.ba/u-beogradu-u-81-godini-preminuo-kornelije-kovac/?utm_source=social&utm_medium=text&utm_campaign=BOSNA-INFO-RU,csv/Historical-Report-NewsGradient-2022-09-13--2022-09-14.csv,2056
https://bosnainfo.ba/mladic-iz-bih-odlucio-da-krene-na-hadz-pjeske/?utm_source=Social&utm_medium=Text&utm_campaign=BOSNA-INFO-RU,csv/Historical-Report-NewsGradient-2022-09-14--2022-09-15.csv,1334
https://bosnainfo.ba/nekad-bilo-u-sarajevu-kraj-zeljezne-cesme/?utm_source=social&utm_medium=text&utm_campaign=BOSNA-INFO-RU,csv/Historical-Report-NewsGradient-2022-09-14--2022-09-15.csv,1998
https://bosnainfo.ba/vladiku-grigorija-pitali-treba-li-se-raditi-na-crveno-slovo-evo-sta-je-odgovorio/?utm_source=social&utm_medium=text&utm_campaign=BOSNA-INFO-RU,csv/Historical-Report-NewsGradient-2022-09-14--2022-09-15.csv,2064
https://bosnainfo.ba/kraljicin-posljednji-let-na-internetu-pratilo-najvise-ljudi-u-historiji/?utm_source=social&utm_medium=text&utm_campaign=BOSNA-INFO-RU,csv/Historical-Report-NewsGradient-2022-09-14--2022-09-15.csv,2139
https://bosnainfo.ba/vucic-otkrio-kako-dacic-prica-sa-erdoganom-iduci-put-kad-krenete-na-evropu-mi-vam-necemo-stajati-na-put/?utm_source=social&utm_medium=text&utm_campaign=BOSNA-INFO-RU,csv/Historical-Report-NewsGradient-2022-09-14--2022-09-15.csv,2168
https://bosnainfo.ba/cijena-struje-nece-rasti-do-nove-godine-od-januara-moguce-poskupljenje/?utm_source=social&utm_medium=text&utm_campaign=BOSNA-INFO-RU,csv/Historical-Report-NewsGradient-2022-09-14--2022-09-15.csv,2207
https://bosnainfo.ba/dodik-u-bijeljini-docekao-vucica-rijecima-predsjednice-dobrodosli-na-svoje/,csv/Historical-Report-NewsGradient-2022-09-15--2022-09-16.csv,1651
https://bosnainfo.ba/tuzlanka-se-lazno-predstavljala-penzionerima-pa-im-krala-novac/?utm_source=social&utm_medium=text&utm_campaign=BOSNA-INFO-RU,csv/Historical-Report-NewsGradient-2022-09-15--2022-09-16.csv,1997
https://sport.bosnainfo.ba/uhapsen-brat-paula-pogbe-zbog-ucjene-od-11-miliona-funti/?utm_source=social&utm_medium=text&utm_campaign=BOSNA-INFO-RU,csv/Historical-Report-NewsGradient-2022-09-15--2022-09-16.csv,2048
https://bosnainfo.ba/devic-za-bosnainfo-sda-nije-nikad-sistemski-zaposljavala-svoje-kadrove-kao-narod-i-pravda/?utm_source=social&utm_medium=text&utm_campaign=BOSNA-INFO-RU,csv/Historical-Report-NewsGradient-2022-09-15--2022-09-16.csv,2102
https://bosnainfo.ba/s-penzijom-od-1-653-eura-radio-sam-50-godina-a-sada-sam-socijalni-slucaj/?utm_source=social&utm_medium=text&utm_campaign=BOSNA-INFO-RU,csv/Historical-Report-NewsGradient-2022-09-15--2022-09-16.csv,2156
https://bosnainfo.ba/ibrahim-sehic-zamalo-petorici-igraca-galate-nije-usta-razvalio-icardiju-posebno/,csv/Historical-Report-NewsGradient-2022-09-16--2022-09-17.csv,298
https://sport.bosnainfo.ba/video-spanjolac-u-emisiji-viniciusa-nazvao-majmunom-nastao-je-skandal/?utm_source=social&utm_medium=text&utm_campaign=BOSNA-INFO-RU,csv/Historical-Report-NewsGradient-2022-09-16--2022-09-17.csv,1739
https://bosnainfo.ba/kina-je-sila-koja-ce-odluciti-hoce-li-biti-treceg-svjetskog-rata/?utm_source=social&utm_medium=text&utm_campaign=BOSNA-INFO-RU,csv/Historical-Report-NewsGradient-2022-09-16--2022-09-17.csv,1862
https://bosnainfo.ba/emili-uzvraca-udarac-golisavim-snimkom-sveti-se-bivsem-muzu/?utm_source=social&utm_medium=text&utm_campaign=BOSNA-INFO-RU,csv/Historical-Report-NewsGradient-2022-09-16--2022-09-17.csv,1938
https://bosnainfo.ba/youtube-ce-prikazivati-pet-reklama-umjesto-dvije-prije-pocetka-videa/?utm_source=social&utm_medium=text&utm_campaign=BOSNA-INFO-RU,csv/Historical-Report-NewsGradient-2022-09-16--2022-09-17.csv,1944
https://bosnainfo.ba/ovo-je-pice-najgore-za-vasu-jetru/?utm_source=social&utm_medium=text&utm_campaign=BOSNA-INFO-RU,csv/Historical-Report-NewsGradient-2022-09-16--2022-09-17.csv,1974
https://bosnainfo.ba/nikada-ne-treba-podcjenjivati-ocaj-i-ludilo-politicara-kao-sto-je-putin/?utm_source=social&utm_medium=text&utm_campaign=BOSNA-INFO-RU,csv/Historical-Report-NewsGradient-2022-09-16--2022-09-17.csv,2033
https://sport.bosnainfo.ba/ovakvu-scenu-mozete-vidjeti-samo-na-stadionima-u-bih-i-nigdje-vise/?utm_source=social&utm_medium=text&utm_campaign=BOSNA-INFO-RU,csv/Historical-Report-NewsGradient-2022-09-17--2022-09-18.csv,853
https://bosnainfo.ba/nakon-hrvatskih-poziv-da-se-i-turskim-proizvodima-zabrani-prodaja-genocid-u-srebrenici-turska-nikada-nije-zvanicno-priznala/?utm_source=social&utm_medium=text&utm_campaign=BOSNA-INFO-RU,csv/Historical-Report-NewsGradient-2022-09-17--2022-09-18.csv,868
https://sport.bosnainfo.ba/rusi-provociraju-reprezentativce-bih-vi-se-bojite-nas/?utm_source=social&utm_medium=text&utm_campaign=BOSNA-INFO-RU,csv/Historical-Report-NewsGradient-2022-09-17--2022-09-18.csv,886
https://bosnainfo.ba/haos-kod-skupstine-u-beogradu-protivnici-europridea-napali-policiju-priveden-monah-antonije/?utm_source=social&utm_medium=text&utm_campaign=BOSNA-INFO-RU,csv/Historical-Report-NewsGradient-2022-09-17--2022-09-18.csv,999
https://bosnainfo.ba/sahranjen-kornelije-kovac-zdravko-colic-poslao-vijenac/?utm_source=social&utm_medium=text&utm_campaign=BOSNA-INFO-RU,csv/Historical-Report-NewsGradient-2022-09-17--2022-09-18.csv,1049
https://bosnainfo.ba/iphone-modeli-sa-face-id-podrskom-imaju-bolji-prikaz-statusa-baterije/?utm_source=social&utm_medium=text&utm_campaign=BOSNA-INFO-RU,csv/Historical-Report-NewsGradient-2022-09-17--2022-09-18.csv,1101
https://bosnainfo.ba/incident-na-europrideu-protivnici-setnje-gadjali-automobile-zahtjevaju-da-se-uhapse-sodomisti/?utm_source=social&utm_medium=text&utm_campaign=BOSNA-INFO-RU,csv/Historical-Report-NewsGradient-2022-09-17--2022-09-18.csv,1158
https://bosnainfo.ba/sasa-i-zika-u-losim-odnosima-zbog-termina-nikad-nije-kasno-upitan-pocetak-zvezda-granda/?utm_source=social&utm_medium=text&utm_campaign=BOSNA-INFO-RU,csv/Historical-Report-NewsGradient-2022-09-17--2022-09-18.csv,1253
https://bosnainfo.ba/57001-2/?utm_source=social&utm_medium=text&utm_campaign=BOSNA-INFO-RU,csv/Historical-Report-NewsGradient-2022-09-17--2022-09-18.csv,1350
https://bosnainfo.ba/profesorica-engleskog-jezika-u-bratuncu-od-hobija-napravila-biznis/?utm_source=social&utm_medium=text&utm_campaign=BOSNA-INFO-RU,csv/Historical-Report-NewsGradient-2022-09-17--2022-09-18.csv,1397
https://bosnainfo.ba/becirovic-rudarstvo-je-kicma-razvoja-nase-drzave-o-kojoj-se-mora-voditi-briga/?utm_source=social&utm_medium=text&utm_campaign=BOSNA-INFO-RU,csv/Historical-Report-NewsGradient-2022-09-17--2022-09-18.csv,1519
https://bosnainfo.ba/u-prosloj-skolskoj-godini-broj-prvacica-u-bih-bio-manji-za-19-posto/?utm_source=social&utm_medium=text&utm_campaign=BOSNA-INFO-RU,csv/Historical-Report-NewsGradient-2022-09-17--2022-09-18.csv,1569
https://bosnainfo.ba/princeza-diana-satima-je-cekala-kraljicu-plakala-i-trazila-pomoc-ali-nije-uspjela-spasiti-svoj-brak/?utm_source=social&utm_medium=text&utm_campaign=BOSNA-INFO-RU,csv/Historical-Report-NewsGradient-2022-09-18--2022-09-19.csv,799
https://sport.bosnainfo.ba/inzaghi-napravio-rijetko-vidjen-potez-u-svijetu-fudbala-dzeko-i-igraci-gledali-u-nevjerici/?utm_source=social&utm_medium=text&utm_campaign=BOSNA-INFO-RU,csv/Historical-Report-NewsGradient-2022-09-18--2022-09-19.csv,848
https://bosnainfo.ba/erdogan-prosetao-njujorkom-pa-odmarao-na-klupi-u-central-parku/?utm_source=social&utm_medium=text&utm_campaign=BOSNA-INFO-RU,csv/Historical-Report-NewsGradient-2022-09-18--2022-09-19.csv,886
https://bosnainfo.ba/pjevacicu-decko-prevario-sa-udatom-zenom-zvezda-granda-dobila-sokantne-prepiske-odmah-se-oglasila-i-sve-potvrdila/?utm_source=social&utm_medium=text&utm_campaign=BOSNA-INFO-RU,csv/Historical-Report-NewsGradient-2022-09-18--2022-09-19.csv,997
https://bosnainfo.ba/crna-gora-jucer-bila-treca-u-evropi-po-proizvodnji-struje-iz-vjetroelektrana/?utm_source=social&utm_medium=text&utm_campaign=BOSNA-INFO-RU,csv/Historical-Report-NewsGradient-2022-09-18--2022-09-19.csv,1057
https://bosnainfo.ba/reuf-bajrovic-na-krugu-99-za-dvije-sedmice-su-najvazniji-izbori-u-postratnoj-istoriji-bih/?utm_source=social&utm_medium=text&utm_campaign=BOSNA-INFO-RU,csv/Historical-Report-NewsGradient-2022-09-18--2022-09-19.csv,1131
https://bosnainfo.ba/javna-proslava-trijeznosti-novi-je-trend-na-drustvenim-mrezama/?utm_source=social&utm_medium=text&utm_campaign=BOSNA-INFO-RU,csv/Historical-Report-NewsGradient-2022-09-18--2022-09-19.csv,1173
https://bosnainfo.ba/turkovic-u-ime-bih-odala-pocast-preminuloj-kraljici-elizabeti/?utm_source=social&utm_medium=text&utm_campaign=BOSNA-INFO-RU,csv/Historical-Report-NewsGradient-2022-09-18--2022-09-19.csv,1223
https://bosnainfo.ba/dodik-amerika-finansira-kampanju-jelene-trivic-a-laz-je-da-moju-kampanju-finansira-rusija/?utm_source=social&utm_medium=text&utm_campaign=BOSNA-INFO-RU,csv/Historical-Report-NewsGradient-2022-09-18--2022-09-19.csv,1265
https://sport.bosnainfo.ba/magazinovic-o-utakmici-s-rusima-zeljkovic-i-ostali-dizaci-ruku-ostavke/?utm_source=social&utm_medium=text&utm_campaign=BOSNA-INFO-RU,csv/Historical-Report-NewsGradient-2022-09-18--2022-09-19.csv,1318
https://bosnainfo.ba/francuska-policajka-otkljucala-profil-na-instagramu-i-dobila-10-hiljada-pratitelja-za-jedan-dan/?utm_source=social&utm_medium=text&utm_campaign=BOSNA-INFO-RU,csv/Historical-Report-NewsGradient-2022-09-18--2022-09-19.csv,1409
https://bosnainfo.ba/drasko-stanivukovic-dozivio-saobracajnu-nesrecu/?utm_source=social&utm_medium=text&utm_campaign=BOSNA-INFO-RU,csv/Historical-Report-NewsGradient-2022-09-18--2022-09-19.csv,1432
https://sport.bosnainfo.ba/musa-ispricao-detalje-transfera-kada-mi-je-misko-to-rekao-razbio-sam-telefon-o-zid/?utm_source=social&utm_medium=text&utm_campaign=BOSNA-INFO-RU,csv/Historical-Report-NewsGradient-2022-09-18--2022-09-19.csv,1478
https://bosnainfo.ba/komsic-se-kao-gost-iznenadjenja-pojavio-na-svadbi-u-gorazdu/?utm_source=social&utm_medium=text&utm_campaign=BOSNA-INFO-RU,csv/Historical-Report-NewsGradient-2022-09-18--2022-09-19.csv,1508
https://bosnainfo.ba/politicke-stranke-ne-mogu-naci-radnike-otimaju-se-za-hostese-satnica-za-lijepljenje-plakata-do-10-km/?utm_source=social&utm_medium=text&utm_campaign=BOSNA-INFO-RU,csv/Historical-Report-NewsGradient-2022-09-18--2022-09-19.csv,1554
https://bosnainfo.ba/znate-li-za-vodu-koja-se-izvozila-iz-kladnja-za-30-zemalja-svijeta-muska-voda-zenska-radost/?utm_source=social&utm_medium=text&utm_campaign=BOSNA-INFO-RU,csv/Historical-Report-NewsGradient-2022-09-19--2022-09-20.csv,517
https://bosnainfo.ba/kanadjanin-tokom-snimanja-videa-upoznao-i-iznenadio-bosanku-enisu-snimak-odusevio-milione/?utm_source=social&utm_medium=text&utm_campaign=BOSNA-INFO-RU,csv/Historical-Report-NewsGradient-2022-09-19--2022-09-20.csv,570
https://bosnainfo.ba/gradjani-sarajeva-porucuju-da-nije-tacno-da-muslimani-i-hriscani-ne-mogu-zivjeti-u-harmoniji-u-bih/?utm_source=social&utm_medium=text&utm_campaign=BOSNA-INFO-RU,csv/Historical-Report-NewsGradient-2022-09-19--2022-09-20.csv,1817
https://bosnainfo.ba/uvijek-mu-se-rado-vracam-u-visokom-danas-mnogo-jaka-ekipa/?utm_source=social&utm_medium=text&utm_campaign=BOSNA-INFO-RU,csv/Historical-Report-NewsGradient-2022-09-21--2022-09-22.csv,328
https://bosnainfo.ba/rodjen-u-bih-izabrao-da-igra-srbiju-za-mene-nije-bilo-dileme/,csv/Historical-Report-NewsGradient-2022-09-21--2022-09-22.csv,1165
https://bosnainfo.ba/znate-li-pricu-o-zmaju-iz-palerma-zasto-je-dario-saric-iako-italijan-odlucio-igrati-za-bih/,csv/Historical-Report-NewsGradient-2022-09-21--2022-09-22.csv,1534
https://sport.bosnainfo.ba/zbog-jusufa-nurkica-svetlana-iz-vlasenice-ce-zimu-docekati-u-toplom/?utm_source=Social&utm_medium=Text&utm_campaign=BOSNA-INFO-RU,csv/Historical-Report-NewsGradient-2022-09-22--2022-09-23.csv,623
https://bosnainfo.ba/nedim-sladic-zapocinje-novu-uspjesnu-pricu/?utm_source=social&utm_medium=text&utm_campaign=BOSNA-INFO-RU,csv/Historical-Report-NewsGradient-2022-09-22--2022-09-23.csv,1149
https://bosnainfo.ba/ljepota-razlicitosti-ambasador-sad-u-bih-sa-vjerskim-poglavarima-u-mostaru/?utm_source=social&utm_medium=text&utm_campaign=BOSNA-INFO-RU,csv/Historical-Report-NewsGradient-2022-09-22--2022-09-23.csv,1205
https://sport.bosnainfo.ba/pakleni-plan-vice-i-dodika-koga-se-boji-rade-krunic-pa-ne-zeli-igrati-za-bih/?utm_source=Social&utm_medium=Text&utm_campaign=BOSNA-INFO-RU,csv/Historical-Report-NewsGradient-2022-09-22--2022-09-23.csv,1515
https://bosnainfo.ba/uzivo-poznati-sastavi-za-vecerasnji-okrsaj-bih-i-crne-gore/,csv/Historical-Report-NewsGradient-2022-09-23--2022-09-24.csv,184
https://sport.bosnainfo.ba/ludilo-kod-fehre-crnogorci-napravili-uzavrelu-atmosferu-pred-okrsaj-u-zenici-pjevaju-bit-ce-gusto-bit-ce-02/?utm_source=social&utm_medium=text&utm_campaign=BOSNA-INFO-RU,csv/Historical-Report-NewsGradient-2022-09-24--2022-09-25.csv,912
https://sport.bosnainfo.ba/fotogalerija-scene-dva-i-po-sata-prije-meca-s-crnom-gorom-dugo-nisu-vidjene-na-nasim-prostorima/?utm_source=social&utm_medium=text&utm_campaign=BOSNA-INFO-RU,csv/Historical-Report-NewsGradient-2022-09-24--2022-09-25.csv,951
https://sport.bosnainfo.ba/odlicna-atmosfera-u-zenici-pogledajte-kako-navijaci-bih-i-cg-zajedno-uzivaju/?utm_source=social&utm_medium=text&utm_campaign=BOSNA-INFO-RU,csv/Historical-Report-NewsGradient-2022-09-24--2022-09-25.csv,986
https://bosnainfo.ba/njemica-sa-cetvero-djece-doselila-nadomak-livna-ne-planiramo-ici-iz-ovog-mjesta/?utm_source=social&utm_medium=text&utm_campaign=BOSNA-INFO-RU,csv/Historical-Report-NewsGradient-2022-09-24--2022-09-25.csv,1037
https://bosnainfo.ba/i-vico-zeljkovic-isprobao-teren-na-kojem-ce-sutra-igrati-bih-i-rumunija/,csv/Historical-Report-NewsGradient-2022-09-25--2022-09-26.csv,131
https://bosnainfo.ba/zbog-ovoga-poteza-iskrene-patriote-jos-vise-ce-da-postuju-dzanana-musu/,csv/Historical-Report-NewsGradient-2022-09-25--2022-09-26.csv,290
https://bosnainfo.ba/uzivo-rumunija-bih-zmajevi-u-sarenom-sastavu-zele-neporazeni-zavrsiti-ligu-nacija/,csv/Historical-Report-NewsGradient-2022-09-26--2022-09-27.csv,152
https://bosnainfo.ba/uzivo-rumunija-bih-zmajevi-u-sarenom-sastavu-zele-neporazeni-zavrsiti-ligu-nacija/,csv/Historical-Report-NewsGradient-2022-09-26--2022-09-27.csv,419
https://bosnainfo.ba/objavljeni-sastavi-za-vecerasnji-duel-rumunije-i-bih-zmajevi-imaju-novog-kapitena/,csv/Historical-Report-NewsGradient-2022-09-26--2022-09-27.csv,590
https://bosnainfo.ba/ivan-i-ramiz-zajedno-rade-i-zive-da-prezive-i-ovo-malo-nekom-ce-ostati-nista-necemo-ponijeti-sa-sobom/?utm_source=social&utm_medium=text&utm_campaign=BOSNA-INFO-RU,csv/Historical-Report-NewsGradient-2022-09-26--2022-09-27.csv,1303
https://sport.bosnainfo.ba/lojo-mentalno-smo-losi-pokusavamo-ali-ne-ide/?utm_source=social&utm_medium=text&utm_campaign=BOSNA-INFO-RU,csv/Historical-Report-NewsGradient-2022-09-26--2022-09-27.csv,2258
https://bosnainfo.ba/setnja-mira-kroz-visoko-upucuje-najuniverzalniju-poruku-zajednistva/?utm_source=Social&utm_medium=Text&utm_campaign=BOSNA-INFO-RU,csv/Historical-Report-NewsGradient-2022-09-27--2022-09-28.csv,1118
https://bosnainfo.ba/mijatovic-neka-javno-potpisu-da-trajno-odustaju-od-projekta-nezavisnosti-entiteta-rs-odmah-cu-povuci-kandidaturu/?utm_source=Social&utm_medium=Text&utm_campaign=BOSNA-INFO-RU,csv/Historical-Report-NewsGradient-2022-09-27--2022-09-28.csv,1379
https://bosnainfo.ba/kako-bi-zapad-odgovorio-na-rusko-koristenje-nuklearnog-oruzja-mozemo-potopiti-crnomorsku-flotu-u-jednom-danu/?utm_source=social&utm_medium=text&utm_campaign=BOSNA-INFO-RU,csv/Historical-Report-NewsGradient-2022-09-27--2022-09-28.csv,1553
https://bosnainfo.ba/zasto-bi-putin-zelio-raznijeti-sjeverni-tok-i-zasto-bas-sada/?utm_source=social&utm_medium=text&utm_campaign=BOSNA-INFO-RU,csv/Historical-Report-NewsGradient-2022-09-28--2022-09-29.csv,1951
https://bosnainfo.ba/neko-je-harisu-zahiragicu-rekao-da-dobro-vodi-kampanju-slagao-ga-je/?utm_source=social&utm_medium=text&utm_campaign=BOSNA-INFO-RU,csv/Historical-Report-NewsGradient-2022-09-28--2022-09-29.csv,1991
https://sport.bosnainfo.ba/messijeva-magija-u-new-jerseyju/?utm_source=social&utm_medium=text&utm_campaign=BOSNA-INFO-RU,csv/Historical-Report-NewsGradient-2022-09-28--2022-09-29.csv,2049
https://bosnainfo.ba/preminuo-americki-reper-coolio-proslavio-ga-hit-gangstas-paradise/?utm_source=social&utm_medium=text&utm_campaign=BOSNA-INFO-RU,csv/Historical-Report-NewsGradient-2022-09-29--2022-09-30.csv,2047
https://bosnainfo.ba/srcani-udari-sve-cesci-kod-mladih-u-bih/?utm_source=social&utm_medium=text&utm_campaign=BOSNA-INFO-RU,csv/Historical-Report-NewsGradient-2022-09-29--2022-09-30.csv,2082
https://bosnainfo.ba/erdogan-nuklearni-rat-bi-bio-katastrofalan-da-barem-nisu-odrzali-referendum/?utm_source=social&utm_medium=text&utm_campaign=BOSNA-INFO-RU,csv/Historical-Report-NewsGradient-2022-09-29--2022-09-30.csv,2119
https://sport.bosnainfo.ba/fedja-dudic-nece-voditi-sarajevo-protiv-borca/?utm_source=social&utm_medium=text&utm_campaign=BOSNA-INFO-RU,csv/Historical-Report-NewsGradient-2022-10-01--2022-10-02.csv,857
https://bosnainfo.ba/iz-bijele-kuce-tvrde-poceo-je-treci-svjetski-rat/?utm_source=social&utm_medium=text&utm_campaign=BOSNA-INFO-RU,csv/Historical-Report-NewsGradient-2022-10-01--2022-10-02.csv,873
https://bosnainfo.ba/ono-najljepse-na-vama-prema-znaku-zodijaka-bik-ima-pune-usne-a-lav-lijepu-kosu/?utm_source=social&utm_medium=text&utm_campaign=BOSNA-INFO-RU,csv/Historical-Report-NewsGradient-2022-10-01--2022-10-02.csv,926
https://bosnainfo.ba/apel-za-pomoc-amaru-halilovicu-djecaku-koji-je-operisan-odmah-po-rodjenju/?utm_source=social&utm_medium=text&utm_campaign=BOSNA-INFO-RU,csv/Historical-Report-NewsGradient-2022-10-01--2022-10-02.csv,1004
https://bosnainfo.ba/priboj-na-nogama-djevojka-napustila-kucu-juce-u-podne-i-gubi-joj-se-svaki-trag-ocajna-majka-zove-u-potragu/?utm_source=social&utm_medium=text&utm_campaign=BOSNA-INFO-RU,csv/Historical-Report-NewsGradient-2022-10-01--2022-10-02.csv,1048
https://bosnainfo.ba/halal-vino-stiglo-u-bosnu-i-hercegovinu/?utm_source=social&utm_medium=text&utm_campaign=BOSNA-INFO-RU,csv/Historical-Report-NewsGradient-2022-10-01--2022-10-02.csv,1143
https://bosnainfo.ba/sattler-izbori-su-nacin-da-se-situacija-promijeni/?utm_source=social&utm_medium=text&utm_campaign=BOSNA-INFO-RU,csv/Historical-Report-NewsGradient-2022-10-01--2022-10-02.csv,1159
https://sport.bosnainfo.ba/trostruka-svjetska-prvakinja-prodaje-18-fotografije-da-zaradi-za-nastup-na-zoi-ju/?utm_source=social&utm_medium=text&utm_campaign=BOSNA-INFO-RU,csv/Historical-Report-NewsGradient-2022-10-01--2022-10-02.csv,1198
https://bosnainfo.ba/neobicna-situacija-u-sarajevu-konj-na-brzoj-cesti/?utm_source=social&utm_medium=text&utm_campaign=BOSNA-INFO-RU,csv/Historical-Report-NewsGradient-2022-10-01--2022-10-02.csv,1289
https://bosnainfo.ba/profesor-ivan-markesic-ukidanjem-entiteta-rijesiti-hrvatsko-pitanje-u-bih/?utm_source=social&utm_medium=text&utm_campaign=BOSNA-INFO-RU,csv/Historical-Report-NewsGradient-2022-10-01--2022-10-02.csv,1347
https://bosnainfo.ba/sting-stigao-u-sarajevo/?utm_source=social&utm_medium=text&utm_campaign=BOSNA-INFO-RU,csv/Historical-Report-NewsGradient-2022-10-01--2022-10-02.csv,1412
https://bosnainfo.ba/danas-se-obiljezava-medjunarodni-dan-kafe-bosanci-i-hercegovci-godisnje-popiju-oko-6-1-kg-kafe-po-stanovniku/?utm_source=social&utm_medium=text&utm_campaign=BOSNA-INFO-RU,csv/Historical-Report-NewsGradient-2022-10-01--2022-10-02.csv,1543
https://bosnainfo.ba/institut-za-rat-rusi-trenutno-nisu-spremni-za-nuklearno-oruzje/?utm_source=social&utm_medium=text&utm_campaign=BOSNA-INFO-RU,csv/Historical-Report-NewsGradient-2022-10-02--2022-10-03.csv,2255
https://sport.bosnainfo.ba/mujdza-se-sokirao-kad-je-prvi-put-dosao-u-reprezentaciju-bih-bio-sam-zabrinut-i-bilo-mi-je-cudno/?utm_source=social&utm_medium=text&utm_campaign=BOSNA-INFO-RU,csv/Historical-Report-NewsGradient-2022-10-02--2022-10-03.csv,2317
https://bosnainfo.ba/mrtvi-skoro-svake-godine-na-spiskovima-za-glasanje-ovaj-primjer-je-dokaz/?utm_source=social&utm_medium=text&utm_campaign=BOSNA-INFO-RU,csv/Historical-Report-NewsGradient-2022-10-02--2022-10-03.csv,2345
https://sport.bosnainfo.ba/igrao-sa-ronaldom-i-seedorfom-sad-radi-kao-zidar-da-prezivi-doveo-sam-dvije-ruskinje-na-jahtu-a-onda/?utm_source=social&utm_medium=text&utm_campaign=BOSNA-INFO-RU,csv/Historical-Report-NewsGradient-2022-10-02--2022-10-03.csv,2415
https://sport.bosnainfo.ba/otac-mu-braneci-bih-postao-rvi-on-jedva-cekao-da-igra-za-zmajeve-zato-ja-toliko-volim-bosnu/?utm_source=social&utm_medium=text&utm_campaign=BOSNA-INFO-RU,csv/Historical-Report-NewsGradient-2022-10-02--2022-10-03.csv,2487
https://bosnainfo.ba/kakva-ekipa-field-i-mlinarevic-u-pragu-sa-dubioza-kolektiv/?utm_source=social&utm_medium=text&utm_campaign=BOSNA-INFO-RU,csv/Historical-Report-NewsGradient-2022-10-02--2022-10-03.csv,2566
https://bosnainfo.ba/christian-schmidt-na-biralistu-nema-opravdanja-ako-ne-glasate-danas/?utm_source=social&utm_medium=text&utm_campaign=BOSNA-INFO-RU,csv/Historical-Report-NewsGradient-2022-10-02--2022-10-03.csv,2612
https://bosnainfo.ba/koalicija-pod-lupom-prekinuto-glasanje-na-birackom-mjestu-u-novom-gradu/?utm_source=social&utm_medium=text&utm_campaign=BOSNA-INFO-RU,csv/Historical-Report-NewsGradient-2022-10-02--2022-10-03.csv,2699
