https://6yka.com/bih/feraget-neki-od-onih-koji-su-zataskavali-ubistvo-su-na-predizbornim-plakatima,csv/Historical-Report-NewsGradient-2022-09-02--2022-09-09.csv,1699
https://6yka.com/kolumne/borislav-pekic-ideje-o-pisanju,csv/Historical-Report-NewsGradient-2022-09-02--2022-09-09.csv,2562
https://6yka.com/kolumne/dzenan-skelic-ilahija-za-bakira,csv/Historical-Report-NewsGradient-2022-09-02--2022-09-09.csv,3117
https://6yka.com/bih/hadzikadic-na-vrelu-bosne-ismijavao-natpis-na-engleskom-kakav-prevod-takva-i-vlast,csv/Historical-Report-NewsGradient-2022-09-02--2022-09-09.csv,3844
https://6yka.com/bih/bosnu-i-hercegovinu-pogodila-nestasica-mlijeka-ocekuje-se-veliki-rast-cijena,csv/Historical-Report-NewsGradient-2022-09-02--2022-09-09.csv,4011
https://6yka.com/bih/u-prozor-rami-otkriven-spomenik-gastarbajterima,csv/Historical-Report-NewsGradient-2022-09-02--2022-09-09.csv,4100
https://6yka.com/bih/nekada-medu-cetiri-najnerazvijenije-opcine-u-bih-danas-privredno-cudo-lici-na-savremeni-evropski-gradic,csv/Historical-Report-NewsGradient-2022-09-02--2022-09-09.csv,4142
https://6yka.com/bih/fra-markovic-i-ja-sam-nekad-glasao-za-komsica-njegov-izbor-veliki-razbijac-bih,csv/Historical-Report-NewsGradient-2022-09-02--2022-09-09.csv,4177
https://6yka.com/bih/erdogan-zasto-ljudi-napustaju-mog-brata-bakira-pa-zapad-postoji-da-bi-podijelio-muslimane,csv/Historical-Report-NewsGradient-2022-09-02--2022-09-09.csv,4206
https://6yka.com/bih/mjesto-u-bih-u-koje-se-vracaju-porodice-iz-njemacke,csv/Historical-Report-NewsGradient-2022-09-02--2022-09-09.csv,4230
https://6yka.com/bih/sutra-krece-isplata-penzija-u-rs,csv/Historical-Report-NewsGradient-2022-09-02--2022-09-09.csv,4421
https://6yka.com/bih/u-ovom-bh-gradu-biljezi-se-porast-broja-upisane-djece-u-osnovnu-skolu-sve-je-drugacije-nego-u-njemackoj,csv/Historical-Report-NewsGradient-2022-09-02--2022-09-09.csv,4461
https://6yka.com/bih/i-ovo-je-bih-nakon-kontejnera-bankomata-i-asfalta-u-nasoj-zemlji-je-svecano-otvoren-lift,csv/Historical-Report-NewsGradient-2022-09-02--2022-09-09.csv,4523
https://6yka.com/bih/sarovic-obecao-prosjecnu-platu-1800-km-analiziramo-da-li-je-to-realno,csv/Historical-Report-NewsGradient-2022-09-02--2022-09-09.csv,4866
https://6yka.com/ekonomija/iznenadicete-se-hoce-li-ukidanjem-pdv-mlijeko-pasti-na-15-km-ulje-na-47-ili-ce-cijene-biti-vise-i-od-trenutnih,csv/Historical-Report-NewsGradient-2022-09-02--2022-09-09.csv,4920
https://6yka.com/bih/stop-svercu-preko-300-prijava-nezakonitog-prometovanju-roba-smanjuje-procenat-crnog-trzista-duhana-u-bih,csv/Historical-Report-NewsGradient-2022-09-02--2022-09-09.csv,4928
https://6yka.com/bih/zasto-gradani-na-dan-izbora-zaborave-cetverogodisnji-nerad-vlasti,csv/Historical-Report-NewsGradient-2022-09-02--2022-09-09.csv,4984
https://6yka.com/intervju/nasim-novcem-kupuju-naklonost-birackog-tijela-otvarajuci-skole-vrtice-vodovodevise-od-milijarde-km-se-zavrti-oko-izbora,csv/Historical-Report-NewsGradient-2022-09-02--2022-09-09.csv,5084
https://6yka.com/bih/njima-nije-stalo-do-nasih-gradana-koji-zive-i-rade-u-njemackoj-ni-do-privrednika-koji-svoju-robu-izvoze-u-njemacku,csv/Historical-Report-NewsGradient-2022-09-02--2022-09-09.csv,5394
https://6yka.com/bih/smunjice-da-je-uhapseni-policajac-iz-prijedora-imao-informaciju-da-se-sprema-ubistvo-radenka-basica,csv/Historical-Report-NewsGradient-2022-09-02--2022-09-09.csv,5436
https://6yka.com/bih/erdogan-se-u-sarajevu-izjasnio-protiv-glavnog-zahtjeva-hrvata-u-bih-ne-trebamo-to,csv/Historical-Report-NewsGradient-2022-09-02--2022-09-09.csv,5476
https://6yka.com/bih/ne-damo-agreman-ambasadoru-iz-principami-ovdje-dovodimo-stvari-u-red,csv/Historical-Report-NewsGradient-2022-09-02--2022-09-09.csv,5519
https://6yka.com/bih/dodik-erdogan-je-pravi-lider,csv/Historical-Report-NewsGradient-2022-09-02--2022-09-09.csv,5658
https://6yka.com/sport/zmajevi-izgubili,csv/Historical-Report-NewsGradient-2022-09-02--2022-09-09.csv,5705
https://6yka.com/bih/gorivo-jeftinije-za-pola-marke-je-bitno-za-svakog-covjeka-u-bih,csv/Historical-Report-NewsGradient-2022-09-02--2022-09-09.csv,5720
https://6yka.com/bih/gradani-u-bih-i-turskoj-ce-uskoro-putovati-samo-sa-licnim-kartama,csv/Historical-Report-NewsGradient-2022-09-02--2022-09-09.csv,5755
https://6yka.com/bih/bih-postala-clanica-mehanizma-eu-za-civilnu-zastitu-oglasio-se-dodik,csv/Historical-Report-NewsGradient-2022-09-02--2022-09-09.csv,5801
https://6yka.com/intervju/nasim-novcem-kupuju-naklonost-birackog-tijela-otvarajuci-skole-vrtice-vodovodevise-od-milijarde-km-se-zavrti-oko-izbora,csv/Historical-Report-NewsGradient-2022-09-02--2022-09-09.csv,5899
https://6yka.com/bih/ukc-rs-brdanin-zivotno-ugrozen,csv/Historical-Report-NewsGradient-2022-09-02--2022-09-09.csv,6032
https://6yka.com/bih/banjaluka-pocela-sa-legalizacijom-bespravno-sagradenih-objekta-iz-ministartsva-tvrde-preuranjeno,csv/Historical-Report-NewsGradient-2022-09-02--2022-09-09.csv,6059
"https://6yka.com/ekonomija/ko-je-direktor-100-milijardi-stalno-se-usavrsava-i-zaposljava-mlade#:~:text=i%20zapo%C5%A1ljava%20mlade-,Direktor%20na%20djelu,-Ekonomija%20buka%20vijesti",csv/Historical-Report-NewsGradient-2022-09-02--2022-09-09.csv,6100
https://6yka.com/bih/nevjerovatna-poruka-sda-kandidata-dusicemo-ih-2-oktobra,csv/Historical-Report-NewsGradient-2022-09-02--2022-09-09.csv,6176
https://6yka.com/bih/ljetne-temperature-jos-malo-stize-promjena-vremena,csv/Historical-Report-NewsGradient-2022-09-02--2022-09-09.csv,6194
https://6yka.com/bih/sastankom-sa-clanovima-predsjednistva-bih-erdogan-zapoceo-posjetu-bosni-i-hercegovini,csv/Historical-Report-NewsGradient-2022-09-02--2022-09-09.csv,6226
https://6yka.com/svijet/bio-je-najbogatiji-rus-dok-se-nije-zamjerio-putinu-sad-upozorava-ukrajina-gubi,csv/Historical-Report-NewsGradient-2022-09-02--2022-09-09.csv,6236
https://6yka.com/svijet/ko-je-organizator-protesta-u-pragu-drzavi-duguje-vise-od-100000-eura-vezan-je-i-za-srbiju,csv/Historical-Report-NewsGradient-2022-09-02--2022-09-09.csv,6243
https://6yka.com/ekonomija/prihodi-od-indirektnih-poreza-veci-za-20-posto-objavljeno-koliko-ide-rs-fbih-i-brcko-distriktu,csv/Historical-Report-NewsGradient-2022-09-02--2022-09-09.csv,6297
https://6yka.com/bih/recep-tayyip-erdogan-stigao-na-medunarodni-aerodrom-sarajevo,csv/Historical-Report-NewsGradient-2022-09-02--2022-09-09.csv,6335
https://6yka.com/bih/stop-svercu-preko-300-prijava-nezakonitog-prometovanju-roba-smanjuje-procenat-crnog-trzista-duhana-u-bih,csv/Historical-Report-NewsGradient-2022-09-02--2022-09-09.csv,6355
https://6yka.com/bih/vijecnici-iz-sda-gradanima-prijete-policijom-zbog-pisanja-na-facebooku,csv/Historical-Report-NewsGradient-2022-09-02--2022-09-09.csv,6398
https://6yka.com/bih/dodik-ne-mozete-stalno-nesto-kukati-obecat-cu-asfaltiranje-puta-ali-se-ne-mogu-sjetiti-kojeg,csv/Historical-Report-NewsGradient-2022-09-02--2022-09-09.csv,6457
https://6yka.com/svijet/objavljeni-podaci-o-egzodusu-rusa-iz-rusije,csv/Historical-Report-NewsGradient-2022-09-02--2022-09-09.csv,6507
https://6yka.com/ekonomija/iznenadicete-se-hoce-li-ukidanjem-pdv-mlijeko-pasti-na-15-km-ulje-na-47-ili-ce-cijene-biti-vise-i-od-trenutnih,csv/Historical-Report-NewsGradient-2022-09-02--2022-09-09.csv,6539
https://6yka.com/region/erdogan-uoci-posjete-bih-turska-slijedi-politiku-koja-podrzava-stabilnost-i-razvoj-balkana,csv/Historical-Report-NewsGradient-2022-09-02--2022-09-09.csv,6586
https://6yka.com/svijet/putin-uvodi-novu-doktrinu-temelji-se-na-ruskom-svijetu,csv/Historical-Report-NewsGradient-2022-09-02--2022-09-09.csv,6652
https://6yka.com/bih/sarovic-obecao-prosjecnu-platu-1800-km-analiziramo-da-li-je-to-realno,csv/Historical-Report-NewsGradient-2022-09-02--2022-09-09.csv,6765
https://6yka.com/ekonomija/objavljeno-koliko-su-rusi-zaradili-od-energenata,csv/Historical-Report-NewsGradient-2022-09-02--2022-09-09.csv,6821
https://6yka.com/bih/temperature-opet-idu-preko-30-celzijevih-stepeni-ali-uskoro-nam-dolazi-nagla-promjena-vremena,csv/Historical-Report-NewsGradient-2022-09-02--2022-09-09.csv,6878
https://6yka.com/bih/delegacija-turske-predvodena-predsjednikom-erdoganom-dolazi-u-bih,csv/Historical-Report-NewsGradient-2022-09-02--2022-09-09.csv,6916
https://6yka.com/bih/dodik-pokrece-jos-jedan-vitalni-interes-ide-na-najjacu-ekonomiju-eu-sto-prije-smirivati-stvari-varnica-bi-se-mogla-pretvoriti-u-plamen,csv/Historical-Report-NewsGradient-2022-09-02--2022-09-09.csv,7128
https://6yka.com/kultura-i-zabava/vucic-najavio-da-ce-objaviti-imena-krava-koje-daju-malo-mlijeka,csv/Historical-Report-NewsGradient-2022-09-02--2022-09-09.csv,7155
https://6yka.com/bih/sta-nam-je-sve-obecavano-od-prvih-izbora-1990-do-danas,csv/Historical-Report-NewsGradient-2022-09-02--2022-09-09.csv,7228
https://6yka.com/bih/dodik-obecao-nakon-izbora-formiracemo-nas-vsts-dokazacu-kompletno-svoju-nevinost,csv/Historical-Report-NewsGradient-2022-09-02--2022-09-09.csv,7284
https://6yka.com/ekonomija/vjerovali-ili-ne-i-bih-je-nekome-zapad,csv/Historical-Report-NewsGradient-2022-09-02--2022-09-09.csv,7347
https://6yka.com/region/abazovic-predstavio-semu-sverca-cigareta,csv/Historical-Report-NewsGradient-2022-09-02--2022-09-09.csv,7441
https://6yka.com/region/jutarnji-list-macron-i-scholz-salju-specijalce-srbija-se-polako-priprema-za-najgoru-mogucu-vijest,csv/Historical-Report-NewsGradient-2022-09-02--2022-09-09.csv,7522
https://6yka.com/bih/rekordna-kolicina-kokaina-slucajno-zalutala-u-bih,csv/Historical-Report-NewsGradient-2022-09-02--2022-09-09.csv,7570
https://6yka.com/bih/lukac-razrijeseno-ubistvo-basica,csv/Historical-Report-NewsGradient-2022-09-02--2022-09-09.csv,7731
https://6yka.com/bih/pokazace-se-da-dodik-nema-podrsku,csv/Historical-Report-NewsGradient-2022-09-02--2022-09-09.csv,7776
https://6yka.com/svijet/rusija-sankcionisala-dvije-holivudske-zvijezde,csv/Historical-Report-NewsGradient-2022-09-02--2022-09-09.csv,7842
https://6yka.com/bih/pomozimo-26-godisnjoj-belmi-da-pobijedi-opaku-bolest,csv/Historical-Report-NewsGradient-2022-09-02--2022-09-09.csv,7864
https://6yka.com/bih/stigao-dodikov-zahtjev,csv/Historical-Report-NewsGradient-2022-09-02--2022-09-09.csv,7882
https://6yka.com/bih/cik-poceo-transport-neosjetljivog-birackog-materijala,csv/Historical-Report-NewsGradient-2022-09-02--2022-09-09.csv,7951
https://6yka.com/bih/na-granici-bih-zaustavljen-autobus-sa-48-putnika-niko-od-njih-nije-imao-dokumenta,csv/Historical-Report-NewsGradient-2022-09-02--2022-09-09.csv,7998
https://6yka.com/svijet/na-istoku-europe-rada-se-supersila-imace-vise-tenkova-nego-najvece-vojske-eu-zajedno,csv/Historical-Report-NewsGradient-2022-09-02--2022-09-09.csv,8048
https://6yka.com/bih/dodik-posjetio-brdanina,csv/Historical-Report-NewsGradient-2022-09-02--2022-09-09.csv,8067
https://6yka.com/bih/poskupio-banjalucki-cevap,csv/Historical-Report-NewsGradient-2022-09-02--2022-09-09.csv,8114
https://6yka.com/bih/radnici-zraka-najavili-proteste-firma-ide-pod-stecaj,csv/Historical-Report-NewsGradient-2022-09-02--2022-09-09.csv,8182
https://6yka.com/bih/novi-detalje-hapsenja-u-prijedoru-inspektor-iznudivao-i-kriminalcima-odavao-sluzbene-tajne,csv/Historical-Report-NewsGradient-2022-09-02--2022-09-09.csv,8243
https://6yka.com/bih/dodik-pokrece-jos-jedan-vitalni-interes-ide-na-najjacu-ekonomiju-eu-sto-prije-smirivati-stvari-varnica-bi-se-mogla-pretvoriti-u-plamen,csv/Historical-Report-NewsGradient-2022-09-02--2022-09-09.csv,8301
https://6yka.com/svijet/nova-britanska-premijerka-bice-liz-truss,csv/Historical-Report-NewsGradient-2022-09-02--2022-09-09.csv,8323
https://6yka.com/intervju/100-maraka-uzmite-sebi-a-mladim-ljudima-dajte-pristojno-i-normalno-zaposlenje-bez-ucjene,csv/Historical-Report-NewsGradient-2022-09-02--2022-09-09.csv,8358
https://6yka.com/bih/obecali-zgradu-za-mlade-a-pare-trose-za-kotlovnicu-i-pijacu,csv/Historical-Report-NewsGradient-2022-09-02--2022-09-09.csv,8382
https://6yka.com/bih/necu-da-budem-na-bilbordima,csv/Historical-Report-NewsGradient-2022-09-02--2022-09-09.csv,8424
https://6yka.com/bih/vlada-objavila-upute-za-mlade-koji-se-dosad-nisu-prijavili-za-100-km,csv/Historical-Report-NewsGradient-2022-09-02--2022-09-09.csv,8438
https://6yka.com/svijet/cijene-gasa-u-europi-jutros-eksplodirale,csv/Historical-Report-NewsGradient-2022-09-02--2022-09-09.csv,8461
https://6yka.com/svijet/njemacka-u-ocaju-uvodi-svoju-verziju-zelene-karte-ili-masovno-useljavanje-ili-kataklizma,csv/Historical-Report-NewsGradient-2022-09-02--2022-09-09.csv,8463
https://6yka.com/bih/nevjerovatan-slucaj-u-centru-grada-sarajliji-iz-dvorista-ukrali-drvo,csv/Historical-Report-NewsGradient-2022-09-02--2022-09-09.csv,8547
https://6yka.com/svijet/tako-to-rade-nijemci-jeftinije-karte-po-300-eura-penzionerima-200-studentima-i-niz-drugih-mjera,csv/Historical-Report-NewsGradient-2022-09-02--2022-09-09.csv,8616
https://6yka.com/bih/mladima-u-republici-srpskoj-uplaceno-po-100-km,csv/Historical-Report-NewsGradient-2022-09-02--2022-09-09.csv,8644
https://6yka.com/bih/ljeto-jos-nije-otislo-poznato-kada-se-vraca-suncano-vrijeme,csv/Historical-Report-NewsGradient-2022-09-02--2022-09-09.csv,8675
https://6yka.com/bih/oglasio-se-otac-bebe-koja-je-ispala-ljekarima-nakon-porodaja-doktor-mi-je-cestitao-ja-pocastio-osoblje,csv/Historical-Report-NewsGradient-2022-09-02--2022-09-09.csv,8704
https://6yka.com/bih/sta-nam-je-sve-obecavano-od-prvih-izbora-1990-do-danas,csv/Historical-Report-NewsGradient-2022-09-02--2022-09-09.csv,8737
https://6yka.com/bih/politicki-analiticar-velizar-antic-obecanjima-se-u-zube-ne-gleda-nas-narod-ionako-sve-brzo-zaboravlja,csv/Historical-Report-NewsGradient-2022-09-02--2022-09-09.csv,8791
https://6yka.com/bih/dodik-obecao-nakon-izbora-formiracemo-nas-vsts-dokazacu-kompletno-svoju-nevinost,csv/Historical-Report-NewsGradient-2022-09-02--2022-09-09.csv,8852
https://6yka.com/bih/ljeto-jos-nije-reklo-zbogom-poznato-kada-se-vraca-suncano-vrijeme,csv/Historical-Report-NewsGradient-2022-09-02--2022-09-09.csv,8911
https://6yka.com/kolumne/marko-vidojkovic-pismo-svetskih-lidera-miloradu-dodiku,csv/Historical-Report-NewsGradient-2022-09-02--2022-09-09.csv,8973
https://6yka.com/ekonomija/njemacka-masovno-useljavanje-ili-kataklizma,csv/Historical-Report-NewsGradient-2022-09-02--2022-09-09.csv,9048
https://6yka.com/svijet/velika-britanija-ime-novog-premijera-bice-objavljeno-danas,csv/Historical-Report-NewsGradient-2022-09-02--2022-09-09.csv,9118
https://6yka.com/region/premijer-crne-gore-tuziocima-predstavlja-semu-sverca-cigareta,csv/Historical-Report-NewsGradient-2022-09-02--2022-09-09.csv,9141
https://6yka.com/bih/gradonacelnik-bijeljine-se-odlucio-za-nesvakidasnji-potez-zamolicu-stranku-da-se-bilbordi-sa-mojim-likom-uklone,csv/Historical-Report-NewsGradient-2022-09-02--2022-09-09.csv,9185
https://6yka.com/svijet/nozevima-ubili-10-i-ranili-15-ljudi-u-kanadi-ubice-u-bijegu,csv/Historical-Report-NewsGradient-2022-09-02--2022-09-09.csv,9199
https://6yka.com/kultura-i-zabava/planina-divova-najvisi-ljudi-na-svijetu-zive-u-nasem-komsiluku-a-strucnjaci-su-njihovom-visinom-ocarani-jos-od-19-vijeka,csv/Historical-Report-NewsGradient-2022-09-02--2022-09-09.csv,9334
https://6yka.com/kolumne/yanis-varoufakis-kako-urediti-trziste-elektricne-energije,csv/Historical-Report-NewsGradient-2022-09-02--2022-09-09.csv,9386
https://6yka.com/kultura-i-zabava/sve-sto-niste-znali-o-kleopatri-zeni-koja-je-promijenila-tok-istorije,csv/Historical-Report-NewsGradient-2022-09-02--2022-09-09.csv,9431
https://6yka.com/bih/pokret-za-drzavu-u-banjaluci-se-gradi-bosna-i-hercegovina-i-ona-nema-alternativu,csv/Historical-Report-NewsGradient-2022-09-02--2022-09-09.csv,9483
https://6yka.com/region/zaradivala-ogroman-novac-i-pjevala-titu-kraj-docekala-u-siromastvu-i-bijedi,csv/Historical-Report-NewsGradient-2022-09-02--2022-09-09.csv,9493
https://6yka.com/intervju/nema-smirivanja-mora-nakon-talasa-inflacije-cijene-plina-u-bih-garantovano-idu-gore-postoje-tri-razloga-zasto-ce-poskupjeti-i-struja-za-gradane-a-jedan-razlog-nam-se-nece-svidjeti,csv/Historical-Report-NewsGradient-2022-09-02--2022-09-09.csv,9552
https://6yka.com/svijet/barak-obama-osvojio-nagradu-emmy-za-najboljeg-pripovjedaca,csv/Historical-Report-NewsGradient-2022-09-02--2022-09-09.csv,9632
https://6yka.com/sport/oglasio-se-nurkic-imamo-dobru-ekipu-zdravi-smo,csv/Historical-Report-NewsGradient-2022-09-02--2022-09-09.csv,9686
https://6yka.com/tv/buka-podcast-jasminko-halilovic-direktor-muzeja-ratnog-djetinjstva-samo-otvoren-razgovor-o-proslosti-garantuje-bolju-buducnost,csv/Historical-Report-NewsGradient-2022-09-02--2022-09-09.csv,9706
https://6yka.com/sport/zmajevi-savladali-evropske-sampione,csv/Historical-Report-NewsGradient-2022-09-02--2022-09-09.csv,9736
https://6yka.com/kultura-i-zabava/5-neobicnih-skola-koje-postoje-u-njih-idu-buduci-vilenjaci-prizivaci-duhova,csv/Historical-Report-NewsGradient-2022-09-02--2022-09-09.csv,9785
https://6yka.com/intervju/otpadnici-smo-svi-mi-obicni-gradani-a-posebno-oni-koji-zive-u-okolini-trgovske-gore,csv/Historical-Report-NewsGradient-2022-09-02--2022-09-09.csv,9856
https://6yka.com/kultura-i-zabava/sto-uciniti-ako-vam-je-mobitel-cesto-vruc,csv/Historical-Report-NewsGradient-2022-09-02--2022-09-09.csv,9909
https://6yka.com/ekonomija/poskupljenja-za-cak-30-bih-ima-najveci-rast-cijena-hrane-u-usporedbi-sa-komsijama,csv/Historical-Report-NewsGradient-2022-09-02--2022-09-09.csv,9959
https://6yka.com/bih/najmladi-sin-mi-je-prekjuce-otisao-iz-ove-zemlje-a-od-juce-vec-radi,csv/Historical-Report-NewsGradient-2022-09-02--2022-09-09.csv,9982
https://6yka.com/svijet/uvode-zelenu-kartu-masovno-useljavanje-ili-kataklizma,csv/Historical-Report-NewsGradient-2022-09-02--2022-09-09.csv,10027
https://6yka.com/ekonomija/radicemo-i-poslije-70-godine-starosna-granica-za-odlazak-u-penziju-se-pomjera-svake-godine,csv/Historical-Report-NewsGradient-2022-09-02--2022-09-09.csv,10038
https://6yka.com/bih/ekoloska-katastrofa-na-pomolu-da-li-ce-banjaluka-biti-zatrpana-smecem,csv/Historical-Report-NewsGradient-2022-09-02--2022-09-09.csv,10101
https://6yka.com/bih/vranovac-lokalci-iseljavaju-nijemci-i-austrijanci-dolaze-da-zive-u-bih,csv/Historical-Report-NewsGradient-2022-09-02--2022-09-09.csv,10141
https://6yka.com/kultura-i-zabava/damir-karakas-dobitnik-knjizevne-nagrade-mesa-selimovic,csv/Historical-Report-NewsGradient-2022-09-02--2022-09-09.csv,10167
https://6yka.com/bih/bracni-par-iz-bih-sa-kamionom-volvo-obisao-zemlju-30-puta,csv/Historical-Report-NewsGradient-2022-09-02--2022-09-09.csv,10207
https://6yka.com/kolumne/david-foster-volas-ovo-je-voda,csv/Historical-Report-NewsGradient-2022-09-02--2022-09-09.csv,10224
https://6yka.com/bih/ukidaju-se-gp-macelj-i-bregana-mup-porucio-kriminalcima-da-se-ne-raduju,csv/Historical-Report-NewsGradient-2022-09-02--2022-09-09.csv,10267
https://6yka.com/region/od-ponedjeljka-u-hrvatskoj-obvezno-iskazivanje-cijena-u-kunama-i-eurima,csv/Historical-Report-NewsGradient-2022-09-02--2022-09-09.csv,10278
https://6yka.com/ekonomija/rat-ih-nije-osiromasio-ruski-milijarderi-se-obogatili-za-20-milijardi-dolara,csv/Historical-Report-NewsGradient-2022-09-02--2022-09-09.csv,10346
https://6yka.com/svijet/norveska-je-prestigla-rusiju-i-postala-najveci-dobavljac-plina-za-evropu-mogu-li-nas-spasiti-od-smrzavanja-ove-zime,csv/Historical-Report-NewsGradient-2022-09-02--2022-09-09.csv,10400
https://6yka.com/bih/jeste-li-posjetili-jednu-od-najvecih-turistickih-destinacija-u-bih,csv/Historical-Report-NewsGradient-2022-09-02--2022-09-09.csv,10463
https://6yka.com/novosti/kako-su-dvojica-mladih-ljudi-iz-bih-napravili-kompaniju-vrijednu-milione-dolara,csv/Historical-Report-NewsGradient-2022-09-02--2022-09-09.csv,10506
https://6yka.com/svijet/prekinut-glavni-vanjski-elektricni-vod-ukrajinske-nuklearne-elektrane-zaporozje,csv/Historical-Report-NewsGradient-2022-09-02--2022-09-09.csv,10564
https://6yka.com/ekonomija/sta-rade-vodece-svjetske-ekonomije-da-olaksaju-standard-gradana,csv/Historical-Report-NewsGradient-2022-09-02--2022-09-09.csv,10632
https://6yka.com/region/beograd-muskarac-izvadio-noz-i-poceo-da-ubada-ljude,csv/Historical-Report-NewsGradient-2022-09-02--2022-09-09.csv,10674
https://6yka.com/kultura-i-zabava/moj-pol-mi-nikad-nije-bio-prepreka-ova-avanturiskinja-je-bila-prva-novinarka-u-francuskim-rovovima-tokom-velikog-rata,csv/Historical-Report-NewsGradient-2022-09-02--2022-09-09.csv,10691
https://6yka.com/bih/gimnaziju-pohada-najmanje-ucenika-ikad-prijeti-joj-gasenje,csv/Historical-Report-NewsGradient-2022-09-02--2022-09-09.csv,10753
https://6yka.com/svijet/ljudi-umiru-od-misteriozne-bolesti-u-argentini-who-se-ukljucila-u-istragu,csv/Historical-Report-NewsGradient-2022-09-02--2022-09-09.csv,10809
https://6yka.com/bih/kakvo-nas-vrijeme-ocekuje-do-kraja-danasnjeg-dana,csv/Historical-Report-NewsGradient-2022-09-02--2022-09-09.csv,10866
https://6yka.com/bih/dajic-brdanin-u-teskom-zdravstvenom-stanju-smjesten-na-ukc-rs,csv/Historical-Report-NewsGradient-2022-09-02--2022-09-09.csv,10918
https://6yka.com/kolumne/grupno-silovanje-u-pristini-znamo-li-sta-pricamo,csv/Historical-Report-NewsGradient-2022-09-02--2022-09-09.csv,10961
https://6yka.com/ekonomija/upucena-inicijativa-za-smanjenje-maksimalne-veleprodajne-i-maloprodajne-marze-za-naftne-derivate-u-rs,csv/Historical-Report-NewsGradient-2022-09-02--2022-09-09.csv,10969
https://6yka.com/ekonomija/firme-u-rs-bez-ijednog-zaposlenog-ostvarile-dobit-od-170-miliona-km,csv/Historical-Report-NewsGradient-2022-09-02--2022-09-09.csv,10990
https://6yka.com/ekonomija/bh-ekonomista-predlozio-mjeru-za-pomoc-gradanima-smanjiti-doprinose-na-rad-ovako-bi-to-izgledalo-u-praksi,csv/Historical-Report-NewsGradient-2022-09-02--2022-09-09.csv,10993
https://6yka.com/bih/pogledajte-kako-iz-vazduha-izgleda-zavrsena-dionica-koridora-5c,csv/Historical-Report-NewsGradient-2022-09-02--2022-09-09.csv,11008
https://6yka.com/bih/advokat-kaznjen-sa-1000-km-sada-ce-bih-platiti-15-puta-vise,csv/Historical-Report-NewsGradient-2022-09-02--2022-09-09.csv,11038
https://6yka.com/kultura-i-zabava/eksplozija-na-suncu-zemlju-ce-pogoditi-solarna-oluja,csv/Historical-Report-NewsGradient-2022-09-02--2022-09-09.csv,11050
https://6yka.com/bih/zuto-upozorenje-za-nekoliko-regija-u-bih-ocekuju-se-oluje-s-grmljavinom,csv/Historical-Report-NewsGradient-2022-09-02--2022-09-09.csv,11101
https://6yka.com/kultura-i-zabava/nije-to-nikakva-slabost-zasto-je-dobro-plakati-kad-nam-je-tesko,csv/Historical-Report-NewsGradient-2022-09-02--2022-09-09.csv,11145
https://6yka.com/kultura-i-zabava/koliko-stabala-bi-svaki-covjek-na-planeti-trebalo-da-zasadi-da-bi-se-zaustvilo-globalno-zagrijevanje,csv/Historical-Report-NewsGradient-2022-09-02--2022-09-09.csv,11257
https://6yka.com/bih/oglasio-se-hag-brdanin-pusten-uz-odredene-uslove,csv/Historical-Report-NewsGradient-2022-09-02--2022-09-09.csv,11308
https://6yka.com/kultura-i-zabava/grcko-ostrvo-gde-ljudi-odbijaju-da-umru-zdrava-hrana-i-domace-vino-recept-za-dugovjecnost,csv/Historical-Report-NewsGradient-2022-09-02--2022-09-09.csv,11348
https://6yka.com/region/bizaran-trend-mladih-srba-na-tik-toku-pjevaju-na-grobljima-sve-za-klik,csv/Historical-Report-NewsGradient-2022-09-02--2022-09-09.csv,11349
https://6yka.com/kolumne/kocic-kroz-mrguda-opisao-snagu-zenske-ljubavi-vijekovima-sputavanu,csv/Historical-Report-NewsGradient-2022-09-02--2022-09-09.csv,11407
https://6yka.com/kultura-i-zabava/planina-divova-najvisi-ljudi-na-svijetu-zive-u-nasem-komsiluku-a-strucnjaci-su-njihovom-visinom-ocarani-jos-od-19-vijeka,csv/Historical-Report-NewsGradient-2022-09-02--2022-09-09.csv,11465
https://6yka.com/bih/egzodus-prosvjetnih-radnika-odlaze-trbuhom-za-kruhom,csv/Historical-Report-NewsGradient-2022-09-02--2022-09-09.csv,11515
https://6yka.com/kultura-i-zabava/dokazano-je-psi-placu-od-srece-kada-se-ponovno-sretnu-sa-svojim-vlasnicima,csv/Historical-Report-NewsGradient-2022-09-02--2022-09-09.csv,11579
https://6yka.com/bih/zbog-novoga-pravilnika-o-registraciji-vozila-u-bih-mup-ovi-korak-do-gubljenja-nadleznosti,csv/Historical-Report-NewsGradient-2022-09-02--2022-09-09.csv,11641
https://6yka.com/svijet/u-pragu-na-ulice-izaslo-70000-ljudi-demonstracije-protiv-ceske-vlade-evropske-unije-i-nato-saveza,csv/Historical-Report-NewsGradient-2022-09-02--2022-09-09.csv,11707
https://6yka.com/bih/gradanima-nudimo-prosjecnu-platu-od-1800-km,csv/Historical-Report-NewsGradient-2022-09-02--2022-09-09.csv,11777
https://6yka.com/kolumne/danilo-kis-pescanik,csv/Historical-Report-NewsGradient-2022-09-02--2022-09-09.csv,11837
https://6yka.com/kultura-i-zabava/erdogan-pisao-izetbegovicu-mnogi-narodi-na-svijetu-bili-bi-srecni-da-imaju-vode-kao-sto-smo-ti-i-ja,csv/Historical-Report-NewsGradient-2022-09-02--2022-09-09.csv,11899
https://6yka.com/ekonomija/upozorenje-poslodavcima-koji-u-bih-zele-stranu-radnu-snagu-doci-ce-do-kraha-sistema,csv/Historical-Report-NewsGradient-2022-09-02--2022-09-09.csv,11957
https://6yka.com/bih/gradani-u-bih-ne-vjeruju-u-pravdenost-izbora-ljudima-se-nudi-novac-za-glas-a-desavaju-se-prijetnje-i-ucjene,csv/Historical-Report-NewsGradient-2022-09-02--2022-09-09.csv,12035
https://6yka.com/ekonomija/prodata-vodeca-bh-it-kompanija-evo-ko-je-novi-vlasnik,csv/Historical-Report-NewsGradient-2022-09-02--2022-09-09.csv,12104
https://6yka.com/ekonomija/iluzije-su-razbijene-evropa-ulazi-u-recesiju-ceka-nas-duga-i-hladna-zima-zbog-ova-tri-razloga-ceka-nas-kriza-sirih-razmjera,csv/Historical-Report-NewsGradient-2022-09-02--2022-09-09.csv,12166
https://6yka.com/kolumne/podize-li-nevidljivost-zenama-vrijednost,csv/Historical-Report-NewsGradient-2022-09-02--2022-09-09.csv,12227
https://6yka.com/kultura-i-zabava/detoksikacija-u-21-vijeku-bijeg-sa-drustvenih-mreza-i-zivot-bez-aplikacija,csv/Historical-Report-NewsGradient-2022-09-02--2022-09-09.csv,12289
https://6yka.com/region/najvise-djece-strada-tokom-septembra-a-ovaj-uzrast-je-najugrozeniji,csv/Historical-Report-NewsGradient-2022-09-02--2022-09-09.csv,12347
https://6yka.com/bih/banjaluka-udario-autom-pjesaka-i-pobjegao,csv/Historical-Report-NewsGradient-2022-09-02--2022-09-09.csv,12405
https://6yka.com/kultura-i-zabava/na-dark-webu-kruzi-popis-20-najcescih-lozinki-da-li-je-i-vasa-medu-njima,csv/Historical-Report-NewsGradient-2022-09-02--2022-09-09.csv,12408
https://6yka.com/region/jugoslavija-i-istorija-korculanska-ljetnja-skola-kad-je-ostrvo-na-jadranu-bilo-svjetski-centar-filozofije,csv/Historical-Report-NewsGradient-2022-09-02--2022-09-09.csv,12466
https://6yka.com/region/sest-uhapsenih-u-slucaju-silovanja-djevojcice-u-pristini,csv/Historical-Report-NewsGradient-2022-09-02--2022-09-09.csv,12499
https://6yka.com/svijet/apokalipticne-scene-iz-pakistana-trecina-zemlje-pretvorena-u-more-milioni-ljudi-evakuisni,csv/Historical-Report-NewsGradient-2022-09-02--2022-09-09.csv,12520
https://6yka.com/intervju/tanja-topic-za-buku,csv/Historical-Report-NewsGradient-2022-09-02--2022-09-09.csv,12576
https://6yka.com/bih/dodik-objavio-video-sa-sjednice-predsjednistva-bih-i-svadu-sa-dzaferovicem,csv/Historical-Report-NewsGradient-2022-09-02--2022-09-09.csv,12628
https://6yka.com/kultura-i-zabava/izuzetni-govornici-i-vrhunski-program-na-najvecoj-regionalnoj-konferenciji-u-srcu-rovinja,csv/Historical-Report-NewsGradient-2022-09-02--2022-09-09.csv,12682
https://6yka.com/podcast/dalibor-matanic-za-buku-prosli-smo-barijeru-glupih-podjela,csv/Historical-Report-NewsGradient-2022-09-02--2022-09-09.csv,12692
https://6yka.com/region/grabar-kitarovic-trebamo-li-novi-rat-da-bih-napreduje-prema-eu,csv/Historical-Report-NewsGradient-2022-09-02--2022-09-09.csv,12706
https://6yka.com/kultura-i-zabava/kako-smanjiti-potrosnju-struje-uz-ove-savjete-racuni-za-struju-ce-biti-manji,csv/Historical-Report-NewsGradient-2022-09-02--2022-09-09.csv,12743
https://6yka.com/bih/u-susret-zimi-u-bih-malo-cemo-se-grijati-malo-drhtati,csv/Historical-Report-NewsGradient-2022-09-02--2022-09-09.csv,12804
https://6yka.com/bih/apsurd-agencija-za-javne-nabavke-bih-krsila-zakon-o-javnim-nabavkama,csv/Historical-Report-NewsGradient-2022-09-02--2022-09-09.csv,12863
https://6yka.com/bih/u-bih-sve-vise-gladnih-i-onih-koji-kucaju-na-vrata-javnih-kuhinja,csv/Historical-Report-NewsGradient-2022-09-02--2022-09-09.csv,12922
https://6yka.com/svijet/ispracaj-gorbacova-bez-putina-i-zapadnih-lidera-samo-uz-pocasnu-vojnu-strazu,csv/Historical-Report-NewsGradient-2022-09-02--2022-09-09.csv,12970
https://6yka.com/bih/dodikova-odluka-je-stetna-za-republiku-srpsku-ocito-su-u-pitanju-licne-frustracije,csv/Historical-Report-NewsGradient-2022-09-02--2022-09-09.csv,13014
https://6yka.com/svijet/trecina-zemlje-pretvorena-u-more-milioni-evakuisani-na-jugu-najgore-tek-dolazi,csv/Historical-Report-NewsGradient-2022-09-02--2022-09-09.csv,13019
https://6yka.com/kultura-i-zabava/sta-se-dogodi-u-tijelu-ako-nakon-obroka-prosetate-samo-dvije-minute,csv/Historical-Report-NewsGradient-2022-09-02--2022-09-09.csv,13028
https://6yka.com/intervju/tanja-topic-za-buku,csv/Historical-Report-NewsGradient-2022-09-02--2022-09-09.csv,13038
https://6yka.com/kultura-i-zabava/imate-li-ih-u-svojoj-blizini-pet-vrsta-manipulatora-i-kako-se-obraniti-od-njih,csv/Historical-Report-NewsGradient-2022-09-02--2022-09-09.csv,13164
https://6yka.com/kultura-i-zabava/verner-bergengruen-covjek-cistih-ruku-ne-moze-zadobiti-vlast,csv/Historical-Report-NewsGradient-2022-09-02--2022-09-09.csv,13226
https://6yka.com/svijet/zbog-ovog-ce-se-eu-znojiti,csv/Historical-Report-NewsGradient-2022-09-02--2022-09-09.csv,13237
https://6yka.com/kultura-i-zabava/novi-snimak-otkriva-dosad-nevidene-detalje-o-titaniku-video,csv/Historical-Report-NewsGradient-2022-09-02--2022-09-09.csv,13280
https://6yka.com/svijet/rusija-kaze-da-sutra-ne-pusta-gas-objavili-i-navodni-razlog,csv/Historical-Report-NewsGradient-2022-09-02--2022-09-09.csv,13321
https://6yka.com/svijet/dobitnica-nobelove-nagrade-za-mir-osudena-na-3-godine-zatvora-uz-prisilni-rad,csv/Historical-Report-NewsGradient-2022-09-02--2022-09-09.csv,13332
https://6yka.com/kolumne/jerrgovic-skender-pjesnik-iz-mrtve-citanke,csv/Historical-Report-NewsGradient-2022-09-02--2022-09-09.csv,13395
https://6yka.com/bih/slucaj-iz-foce-potresao-cijelu-regiju-zbog-bebe-koja-im-je-ispala-nakon-porodaja-medicinare-salju-na-obuku,csv/Historical-Report-NewsGradient-2022-09-02--2022-09-09.csv,13453
https://6yka.com/bih/gradani-u-bih-ne-vjeruju-u-pravdenost-izbora-ljudima-se-nudi-novac-za-glas-a-desavaju-se-prijetnje-i-ucjene,csv/Historical-Report-NewsGradient-2022-09-02--2022-09-09.csv,13517
https://6yka.com/region/srbija-tuzilastvo-se-zalilo-na-odluku-suda-o-rehabilitaciji-kalabica,csv/Historical-Report-NewsGradient-2022-09-02--2022-09-09.csv,13578
https://6yka.com/svijet/rusija-prvi-put-od-invazije-na-ukrajinu-objavila-cifre-evo-koliko-su-njihove-banke-izgubile-u-prvih-sest-mjeseci-2022,csv/Historical-Report-NewsGradient-2022-09-02--2022-09-09.csv,13610
https://6yka.com/bih/jelena-trivic-objavila-promo-video-i-10-programskih-mjera-koje-planira-realizovati-vec-u-prvoj-godini-rada,csv/Historical-Report-NewsGradient-2022-09-02--2022-09-09.csv,13643
https://6yka.com/kolumne/dzenan-skelic-tiha-desekularizacija,csv/Historical-Report-NewsGradient-2022-09-02--2022-09-09.csv,13702
https://6yka.com/ekonomija/vlasnik-violete-gradi-hobit-kamp,csv/Historical-Report-NewsGradient-2022-09-02--2022-09-09.csv,13731
https://6yka.com/svijet/prijeti-li-libiji-novi-talas-nasilja,csv/Historical-Report-NewsGradient-2022-09-02--2022-09-09.csv,13761
https://6yka.com/bih/prvi-dan-kampanje-u-fbih-kandidati-prvog-dana-obecavaju-da-nece-voditi-prljavu-kampanju,csv/Historical-Report-NewsGradient-2022-09-02--2022-09-09.csv,13782
https://6yka.com/ekonomija/republika-srpska-prodaje-akcije-u-65-preduzeca,csv/Historical-Report-NewsGradient-2022-09-02--2022-09-09.csv,13822
https://6yka.com/bih/cetvrtina-gradana-tvrdi-da-su-im-stranke-nudile-novac-za-glas-nudili-20-50-km-kako-ko,csv/Historical-Report-NewsGradient-2022-09-02--2022-09-09.csv,13890
https://6yka.com/bih/suspendovana-sudija-dalila-burzic-zbog-slucaja-dzenan-memic,csv/Historical-Report-NewsGradient-2022-09-02--2022-09-09.csv,13918
https://6yka.com/bih/ponovo-rast-cijena-goriva-u-rs-ovo-je-nova-cijena,csv/Historical-Report-NewsGradient-2022-09-02--2022-09-09.csv,13943
https://6yka.com/kultura-i-zabava/transformacija-napustenog-i-bolesnog-psa-video?author=klix.ba,csv/Historical-Report-NewsGradient-2022-09-02--2022-09-09.csv,13958
https://6yka.com/svijet/litra-goriva-10-centi-u-ovoj-drzavi-100-litara-goriva-kosta-10-eura,csv/Historical-Report-NewsGradient-2022-09-02--2022-09-09.csv,14015
https://6yka.com/novosti/kako-je-glasio-vic-o-titu-zbog-kojeg-je-novinarka-zavrsila-na-golom-otoku,csv/Historical-Report-NewsGradient-2022-09-02--2022-09-09.csv,14091
https://6yka.com/bih/podijelio-zemlju-svakome-sinu-po-jedna-avionska-pista,csv/Historical-Report-NewsGradient-2022-09-02--2022-09-09.csv,14189
https://6yka.com/region/penzioner-prijavio-prevaru-taksista-mu-za-put-od-122-kilometra-naplatio-skoro-300-eura,csv/Historical-Report-NewsGradient-2022-09-02--2022-09-09.csv,14229
https://6yka.com/bih/direktor-elektroprivrede-bih-ukoliko-trend-trosenja-struje-bude-u-stalnom-porastu-mi-cemo-preduzeti-odredene-korake,csv/Historical-Report-NewsGradient-2022-09-02--2022-09-09.csv,14258
https://6yka.com/svijet/spiegel-putinova-kci-je-tajno-dolazila-u-njemacku-sastajala-se-s-igorom-zelenskim,csv/Historical-Report-NewsGradient-2022-09-02--2022-09-09.csv,14298
https://6yka.com/bih/ljuti-rivali-u-banjaluci-kroz-objektiv-buke,csv/Historical-Report-NewsGradient-2022-09-02--2022-09-09.csv,14330
https://6yka.com/bih/policija-i-tuzilastvo-ispituju-slucaj-zlostavljanja-macke-u-laktasima,csv/Historical-Report-NewsGradient-2022-09-02--2022-09-09.csv,14335
https://6yka.com/region/savjet-aem-a-zabranio-jutarnji-program-tv-pinka-na-sest-mjeseci,csv/Historical-Report-NewsGradient-2022-09-02--2022-09-09.csv,14370
https://6yka.com/bih/za-gradane-koji-stede-racuni-ce-biti-manji-30-do-100-odsto,csv/Historical-Report-NewsGradient-2022-09-02--2022-09-09.csv,14433
https://6yka.com/bih/procurila-imena-policajaca-koji-se-privode-na-saslusanja-u-slucaju-memic,csv/Historical-Report-NewsGradient-2022-09-02--2022-09-09.csv,14471
https://6yka.com/bih/dodik-ponovo-odbio-moguce-da-povuce-vitalni-interes,csv/Historical-Report-NewsGradient-2022-09-02--2022-09-09.csv,14477
https://6yka.com/bih/dodik-cvijanovic-i-dajic-snsd-predstavio-svoj-provjeren-tim-foto,csv/Historical-Report-NewsGradient-2022-09-02--2022-09-09.csv,14520
https://6yka.com/bih/zbog-bebe-koja-im-je-ispala-medicinare-salju-na-obuku,csv/Historical-Report-NewsGradient-2022-09-02--2022-09-09.csv,14570
https://6yka.com/bih/borenovic-nasa-jelena-trivic-pobijedice-milorada-dodika,csv/Historical-Report-NewsGradient-2022-09-02--2022-09-09.csv,14591
https://6yka.com/bih/viskovic-obecao-stimulacije-nije-predizborna-prica?author=buka+vijesti,csv/Historical-Report-NewsGradient-2022-09-02--2022-09-09.csv,14604
https://6yka.com/bih/pdp-izasao-iz-autobusam-foto,csv/Historical-Report-NewsGradient-2022-09-02--2022-09-09.csv,14629
https://6yka.com/bih/stanivukovic-nasa-reprezentacija-je-spremna-mi-igramo-na-domacem-terenu-foto,csv/Historical-Report-NewsGradient-2022-09-02--2022-09-09.csv,14643
https://6yka.com/bih/milorad-dodik-o-vanrednoj-sjednici-predsjednistva-smitu-i-vitalnom-nacionalnom-interesu,csv/Historical-Report-NewsGradient-2022-09-02--2022-09-09.csv,14671
https://6yka.com/ekonomija/ako-sa-hrvatskom-ne-mozete-a-sa-srbijom-ne-zelite-jasno-je-da-ce-bih-potonuti-u-jos-dublji-ponor,csv/Historical-Report-NewsGradient-2022-09-02--2022-09-09.csv,14695
https://6yka.com/bih/politicari-osvanuli-na-bilbodima-u-banjaluci-foto,csv/Historical-Report-NewsGradient-2022-09-02--2022-09-09.csv,14719
https://6yka.com/region/pripitom-vucicu-savjetnica-mu-uzela-casu-a-on-viknuo-a-ne-ne-ne-video,csv/Historical-Report-NewsGradient-2022-09-02--2022-09-09.csv,14766
https://6yka.com/bih/u-toku-nova-privodenja-u-predmetu-memic-na-meti-vise-policajaca,csv/Historical-Report-NewsGradient-2022-09-02--2022-09-09.csv,14807
https://6yka.com/ekonomija/iluzije-su-razbijene-ceka-nas-duga-i-hladna-zima-zbog-ova-tri-razloga-ceka-nas-kriza-sirih-razmjera?author=buka+vijesti,csv/Historical-Report-NewsGradient-2022-09-02--2022-09-09.csv,14855
https://6yka.com/region/protesti-u-pristini-trazi-se-smrtna-kazna-za-petericu-silovatelja?author=buka+vijesti,csv/Historical-Report-NewsGradient-2022-09-02--2022-09-09.csv,14894
https://6yka.com/bih/i-ovo-je-bih-frizer-iz-viteza-vec-petu-godinu-svim-prvacicima-poklanja-sisanje?author=buka+vijesti,csv/Historical-Report-NewsGradient-2022-09-02--2022-09-09.csv,14909
https://6yka.com/bih/800-intelektualaca-i-strucnjaka-pisalo-zbornik-politika-gradskog-odbora-snsd-a-banjaluka,csv/Historical-Report-NewsGradient-2022-09-02--2022-09-09.csv,14944
https://6yka.com/bih/poklanjam-svoja-tri-minuta-dodiku-i-zeljki,csv/Historical-Report-NewsGradient-2022-09-02--2022-09-09.csv,14994
https://6yka.com/svijet/otkazani-svi-letovi-iz-minhena-i-frankfurta,csv/Historical-Report-NewsGradient-2022-09-02--2022-09-09.csv,15016
https://6yka.com/bih/dodik-trivic-stevandic-nesic-drustvene-mreze-zaplavljene-predizbornim-porukama-pogledajte-kako-to-izgleda-video,csv/Historical-Report-NewsGradient-2022-09-02--2022-09-09.csv,15034
https://6yka.com/bih/treba-oformiti-krizne-stabove-u-bih,csv/Historical-Report-NewsGradient-2022-09-02--2022-09-09.csv,15071
https://6yka.com/bih/sutra-pocinje-predizborna-kampanja-slijedi-mjesec-dana-dodvoravanja-politicara,csv/Historical-Report-NewsGradient-2022-09-02--2022-09-09.csv,15128
https://6yka.com/bih/strasno-u-ovom-dijelu-bih-za-godinu-dana-hiljadu-osnovaca-manje,csv/Historical-Report-NewsGradient-2022-09-02--2022-09-09.csv,15141
https://6yka.com/kultura-i-zabava/tajna-izgradnje-piramida-u-gizi-lezi-u-krajoliku-kojeg-vise-nema,csv/Historical-Report-NewsGradient-2022-09-09--2022-09-12.csv,146
https://6yka.com/intervju/noam-chomsky-orvelova-dvomisao-kao-nacelo-naseg-doba,csv/Historical-Report-NewsGradient-2022-09-09--2022-09-12.csv,193
https://6yka.com/kolumne/kocic-kroz-mrguda-opisao-snagu-zenske-ljubavi-vijekovima-sputavanu,csv/Historical-Report-NewsGradient-2022-09-09--2022-09-12.csv,470
https://6yka.com/kultura-i-zabava/seneka-filozofija-kao-terapija,csv/Historical-Report-NewsGradient-2022-09-09--2022-09-12.csv,589
https://6yka.com/bih/5000-medicinara-od-ponedjeljka-u-strajku,csv/Historical-Report-NewsGradient-2022-09-09--2022-09-12.csv,883
https://6yka.com/kultura-i-zabava/moj-pol-mi-nikad-nije-bio-prepreka-ova-avanturiskinja-je-bila-prva-novinarka-u-francuskim-rovovima-tokom-velikog-rata,csv/Historical-Report-NewsGradient-2022-09-09--2022-09-12.csv,939
https://6yka.com/kultura-i-zabava/gdje-su-danas-slobodna-djeca-samerhila,csv/Historical-Report-NewsGradient-2022-09-09--2022-09-12.csv,1034
https://6yka.com/kultura-i-zabava/5-neobicnih-skola-koje-postoje-u-njih-idu-buduci-vilenjaci-prizivaci-duhova,csv/Historical-Report-NewsGradient-2022-09-09--2022-09-12.csv,1159
https://6yka.com/kultura-i-zabava/na-dark-webu-kruzi-popis-20-najcescih-lozinki-da-li-je-i-vasa-medu-njima,csv/Historical-Report-NewsGradient-2022-09-09--2022-09-12.csv,1259
https://6yka.com/kultura-i-zabava/nije-to-nikakva-slabost-zasto-je-dobro-plakati-kad-nam-je-tesko,csv/Historical-Report-NewsGradient-2022-09-09--2022-09-12.csv,1392
https://6yka.com/intervju/psihologinja-aida-ganovic-za-buku-narod-vjeruje-politicarima-jer-se-boji-rata,csv/Historical-Report-NewsGradient-2022-09-09--2022-09-12.csv,1521
https://6yka.com/kultura-i-zabava/da-li-je-zaboravnost-odlika-genijalaca,csv/Historical-Report-NewsGradient-2022-09-09--2022-09-12.csv,1635
https://6yka.com/novosti/znacenje-najkontroverznije-slike-o-napadu-na-new-york,csv/Historical-Report-NewsGradient-2022-09-09--2022-09-12.csv,1720
https://6yka.com/kultura-i-zabava/arheolozi-otkrili-groblje-vampira-u-poljskoj,csv/Historical-Report-NewsGradient-2022-09-09--2022-09-12.csv,2036
https://6yka.com/novosti/bonhoferova-teorija-o-gluposti-glupi-ljudi-su-opasniji-od-zlobnih,csv/Historical-Report-NewsGradient-2022-09-09--2022-09-12.csv,2081
https://6yka.com/intervju/nasim-novcem-kupuju-naklonost-birackog-tijela-otvarajuci-skole-vrtice-vodovodevise-od-milijarde-km-se-zavrti-oko-izbora,csv/Historical-Report-NewsGradient-2022-09-09--2022-09-12.csv,2444
https://6yka.com/kultura-i-zabava/walk-and-talk-terapijska-metoda-protiv-anksioznosti-kombinuje-razgovor-i-setnju,csv/Historical-Report-NewsGradient-2022-09-09--2022-09-12.csv,3749
https://6yka.com/ekonomija/ko-je-direktor-100-milijardi-stalno-se-usavrsava-i-zaposljava-mlade,csv/Historical-Report-NewsGradient-2022-09-09--2022-09-12.csv,4084
https://6yka.com/ekonomija/admir-cavalic-ekonomski-analiticar-uciti-bh-gradane-da-stede-je-kao-uciti-ptice-da-lete,csv/Historical-Report-NewsGradient-2022-09-09--2022-09-12.csv,4141
https://6yka.com/kolumne/slavoj-zizek-dve-kolonizacije-ukrajine,csv/Historical-Report-NewsGradient-2022-09-09--2022-09-12.csv,4261
https://6yka.com/kolumne/neslavno-propao-plan-limitiranja-cijene-ruskog-plina,csv/Historical-Report-NewsGradient-2022-09-09--2022-09-12.csv,4889
https://6yka.com/kultura-i-zabava/bio-sam-u-bolnici-u-svedskoj-poput-hotela-je-ali-zdravstvo-ima-i-dva-problema,csv/Historical-Report-NewsGradient-2022-09-09--2022-09-12.csv,5028
https://6yka.com/kultura-i-zabava/detoksikacija-u-21-vijeku-bijeg-sa-drustvenih-mreza-i-zivot-bez-aplikacija,csv/Historical-Report-NewsGradient-2022-09-12--2022-09-13.csv,200
https://6yka.com/kolumne/david-foster-volas-ovo-je-voda,csv/Historical-Report-NewsGradient-2022-09-12--2022-09-13.csv,251
https://6yka.com/kultura-i-zabava/kako-prepoznati-da-li-neko-manipulise-vama-i-sta-uciniti,csv/Historical-Report-NewsGradient-2022-09-12--2022-09-13.csv,320
https://6yka.com/kolumne/srbljanovic-sta-je-razlog-strasne-izjave-i-posrnuca-patrijarha-porfirija,csv/Historical-Report-NewsGradient-2022-09-12--2022-09-13.csv,793
https://6yka.com/kolumne/pogled-u-buducnost-razgovor-sa-gradaninom-bih-godina-2050,csv/Historical-Report-NewsGradient-2022-09-12--2022-09-13.csv,2144
https://6yka.com/kolumne/biljeznica-robija-k-kratka-povijest-baluna,csv/Historical-Report-NewsGradient-2022-09-13--2022-09-14.csv,1120
https://6yka.com/bih/hrvatski-ambasador-odbio-primiti-demars-mvp-a-bih,csv/Historical-Report-NewsGradient-2022-09-14--2022-09-15.csv,333
https://6yka.com/bih/igor-crnadak-susret-milanovica-i-dodika-je-sramotan-nazvao-je-srbe-sakom-jada,csv/Historical-Report-NewsGradient-2022-09-14--2022-09-15.csv,1466
https://6yka.com/novosti/agata-kristi-kraljica-zlocina,csv/Historical-Report-NewsGradient-2022-09-15--2022-09-16.csv,207
https://6yka.com/bih/rusija-zatrazila-oslobadanje-mladica,csv/Historical-Report-NewsGradient-2022-09-15--2022-09-16.csv,1061
https://6yka.com/bih/galama-gospodina-dodika-ne-moze-promijeniti-fundamentalnu-cinjenicu-da-rs-nije-drzava,csv/Historical-Report-NewsGradient-2022-09-15--2022-09-16.csv,1564
https://6yka.com/bih/u-bijeljini-se-obiljezava-dan-srpskog-jedinstva-vucic-otvara-pocetak-radova-molim-razgovarajte-s-bosnjacima-o-tuzla-sarajevo,csv/Historical-Report-NewsGradient-2022-09-15--2022-09-16.csv,1693
https://6yka.com/bih/vlada-osnovala-jos-jednu-insitituciju-koja-ce-se-finansirati-iz-budzeta,csv/Historical-Report-NewsGradient-2022-09-15--2022-09-16.csv,1809
https://6yka.com/bih/sda-nikad-bolje-nije-stajala-ovo-je-iznad-svih-mojih-ocekivanja-narod-je-progledao,csv/Historical-Report-NewsGradient-2022-09-15--2022-09-16.csv,1840
https://6yka.com/bih/upozorenje-iz-elektroprivrede-bih-gradani-neka-dobro-razmisle-kako-ce-se-grijati-na-struju,csv/Historical-Report-NewsGradient-2022-09-15--2022-09-16.csv,1864
https://6yka.com/bih/radnici-pretukli-gazdu-zbog-kasnjenja-plata-on-pucao-na-njih-iz-vatrenog-oruzja,csv/Historical-Report-NewsGradient-2022-09-15--2022-09-16.csv,1902
https://6yka.com/bih/dodik-docekao-vucica-ovaj-doletio-helikopterom,csv/Historical-Report-NewsGradient-2022-09-15--2022-09-16.csv,1984
https://6yka.com/bih/je-li-to-dodik-javno-priznao-da-prisluskuje-americkog-ambasadorasamo-ga-kliknemo,csv/Historical-Report-NewsGradient-2022-09-15--2022-09-16.csv,2212
https://6yka.com/bih/snimio-komsiju-kako-nosi-automatsku-pusku-pa-ce-i-on-biti-kaznjen,csv/Historical-Report-NewsGradient-2022-09-15--2022-09-16.csv,2268
https://6yka.com/kolumne/zasto-ljudi-biraju-idiote,csv/Historical-Report-NewsGradient-2022-09-16--2022-09-17.csv,232
https://6yka.com/kolumne/patrijarh-koji-je-bogohulio,csv/Historical-Report-NewsGradient-2022-09-16--2022-09-17.csv,1280
https://6yka.com/bih/pod-lupom-inspektora-cijene-na-mlijeku-seceru-brasnu,csv/Historical-Report-NewsGradient-2022-09-16--2022-09-17.csv,1957
https://6yka.com/bih/majski-cvijet-zavrsite-pricu-i-konacno-zabranite-izgradnju-mhe-na-bunskim-kanalima,csv/Historical-Report-NewsGradient-2022-09-17--2022-09-18.csv,182
https://6yka.com/kolumne/paul-mason-uzbuna-na-trzistu-energije,csv/Historical-Report-NewsGradient-2022-09-17--2022-09-18.csv,362
https://6yka.com/bih/smit-porucio-politicarima-u-bih-ukoliko-bude-potrebno-djelovacu,csv/Historical-Report-NewsGradient-2022-09-17--2022-09-18.csv,547
https://6yka.com/kolumne/dzenan-skelic-u-partizane-brate,csv/Historical-Report-NewsGradient-2022-09-17--2022-09-18.csv,1144
https://6yka.com/kolumne/rekvijem-za-imperiju,csv/Historical-Report-NewsGradient-2022-09-18--2022-09-19.csv,622
https://6yka.com/kolumne/moleban-i-evroprajd,csv/Historical-Report-NewsGradient-2022-09-18--2022-09-19.csv,1069
https://6yka.com/kolumne/biljeznica-robija-k-kratka-povijest-baluna,csv/Historical-Report-NewsGradient-2022-09-18--2022-09-19.csv,1495
https://6yka.com/kolumne/nepodnosljiva-lakoca-idiotskog-citanja,csv/Historical-Report-NewsGradient-2022-09-20--2022-09-21.csv,520
https://6yka.com/bih/savjet-ministara-donio-novu-odluku-o-zabrani-izvoza-odredenih-drvnih-sortimenata,csv/Historical-Report-NewsGradient-2022-09-20--2022-09-21.csv,1145
https://6yka.com/kolumne/brze-na-magarcu-nego-avionom-kako-izgleda-putovati-iz-sarajeva,csv/Historical-Report-NewsGradient-2022-09-20--2022-09-21.csv,1961
https://6yka.com/kolumne/darko-rundek-sanjam,csv/Historical-Report-NewsGradient-2022-09-21--2022-09-22.csv,229
https://6yka.com/kolumne/dzenan-skelic-imamo-li-alternativu,csv/Historical-Report-NewsGradient-2022-09-21--2022-09-22.csv,675
https://6yka.com/kultura-i-zabava/mika-antic-o-ljubavi-i-jos-ponecem,csv/Historical-Report-NewsGradient-2022-09-21--2022-09-22.csv,2355
https://6yka.com/novosti/kako-je-oslijepio-andrea-boceli,csv/Historical-Report-NewsGradient-2022-09-22--2022-09-23.csv,130
https://6yka.com/novosti/nick-cave-politicka-korektnost-je-najnesrecnija-religija-svijeta,csv/Historical-Report-NewsGradient-2022-09-22--2022-09-23.csv,165
https://6yka.com/intervju/marija-sarac-kandidatkinja-hdz1990-za-kantonalnu-skupstinu-sluzicemo-narodu-a-ne-vladati-njime,csv/Historical-Report-NewsGradient-2022-09-22--2022-09-23.csv,1237
https://6yka.com/bih/nekada-smo-izvozili-avione-danas-cjepanice-napredak-je-vidljiv,csv/Historical-Report-NewsGradient-2022-09-22--2022-09-23.csv,1280
"https://6yka.com/bih/nezaposlenim-po-100-km-neki-se-moraju-i-prijaviti#:~:text=moraju%20i%20prijaviti-,Najkasnije%20do%2030.%20novembra,-BiH%20buka%20vijesti",csv/Historical-Report-NewsGradient-2022-09-22--2022-09-23.csv,1573
https://6yka.com/kolumne/brze-na-magarcu-nego-avionom-kako-izgleda-putovati-iz-sarajeva,csv/Historical-Report-NewsGradient-2022-09-24--2022-09-25.csv,674
https://6yka.com/kolumne/nikolaidis-bosna-i-crna-gora-su-istinski-slobodni-balkan,csv/Historical-Report-NewsGradient-2022-09-24--2022-09-25.csv,702
https://6yka.com/intervju/nema-smirivanja-mora-nakon-talasa-inflacije-cijene-plina-u-bih-garantovano-idu-gore-postoje-tri-razloga-zasto-ce-poskupjeti-i-struja-za-gradane-a-jedan-razlog-nam-se-nece-svidjeti,csv/Historical-Report-NewsGradient-2022-09-24--2022-09-25.csv,1141
https://6yka.com/bih/uzas-u-bih-muskarac-se-raznio-bombom-na-igralistu,csv/Historical-Report-NewsGradient-2022-09-24--2022-09-25.csv,1834
https://6yka.com/bih/definicija-zivota-u-bih-vlast-starije-tjera-u-zemlju-mlade-iz-zemlje-a-firme-u-podzemlje,csv/Historical-Report-NewsGradient-2022-09-25--2022-09-26.csv,438
https://6yka.com/podcast/za-ekonomski-uspjeh-jedne-drzave-bitna-su-tri-faktora-a-bih-nema-ni-jedan-od-njih,csv/Historical-Report-NewsGradient-2022-09-25--2022-09-26.csv,493
https://6yka.com/intervju/radmila-petrovic-niko-nema-potencijal-da-napravi-debila-kao-roditelji,csv/Historical-Report-NewsGradient-2022-09-25--2022-09-26.csv,682
https://6yka.com/intervju/najmlada-doktorka-sudske-medicine-donijela-bosni-i-hercegovini-i-prvo-medunarodno-priznanje-za-naucnicu-godine,csv/Historical-Report-NewsGradient-2022-09-25--2022-09-26.csv,1322
https://6yka.com/svijet/bunkeri-na-prodaju-jeftino-jedanaest-kvadrata-uz-biciklisticku-stazu-za-dve-hiljade-evra,csv/Historical-Report-NewsGradient-2022-09-25--2022-09-26.csv,1370
https://6yka.com/ekonomija/radicemo-i-poslije-70-godine-starosna-granica-za-odlazak-u-penziju-se-pomjera-svake-godine,csv/Historical-Report-NewsGradient-2022-09-25--2022-09-26.csv,1852
https://6yka.com/kolumne/novi-srpski-mit,csv/Historical-Report-NewsGradient-2022-09-26--2022-09-27.csv,428
https://6yka.com/kolumne/biljeznica-robija-k-roko-i-ciribela,csv/Historical-Report-NewsGradient-2022-09-26--2022-09-27.csv,583
https://6yka.com/kolumne/slavoj-zizek-ukrajinski-izbor,csv/Historical-Report-NewsGradient-2022-09-26--2022-09-27.csv,681
https://6yka.com/kolumne/rijec-psihologa-kljukaju-nas-opasnim-lazima-o-mentalnom-zdravlju-nije-samo-do-nas,csv/Historical-Report-NewsGradient-2022-09-26--2022-09-27.csv,789
https://6yka.com/svijet/jos-jedna-zena-ubijena-u-iranu-vezala-je-kosu-i-krenula-u-borbu,csv/Historical-Report-NewsGradient-2022-09-26--2022-09-27.csv,1678
https://6yka.com/kolumne/nepodnosljiva-lakoca-idiotskog-citanja,csv/Historical-Report-NewsGradient-2022-09-27--2022-09-28.csv,313
https://6yka.com/kolumne/skidanje-ketmana-pozadina-zenske-pobune-u-iranu,csv/Historical-Report-NewsGradient-2022-09-27--2022-09-28.csv,691
https://6yka.com/intervju/buka-intervju-sa-borkom-pavicevic-cijelo-drustvo-je-previjeno-strahom-ljudi-smatraju-da-je-rizik-pobuniti-se-i-u-samoposluzi,csv/Historical-Report-NewsGradient-2022-09-28--2022-09-29.csv,254
https://6yka.com/kolumne/igor-milosevic-u-informeru-platforma-za-visestrukog-silovatelja,csv/Historical-Report-NewsGradient-2022-09-28--2022-09-29.csv,348
https://6yka.com/tv/buka-podcast-jasminko-halilovic-direktor-muzeja-ratnog-djetinjstva-samo-otvoren-razgovor-o-proslosti-garantuje-bolju-buducnost,csv/Historical-Report-NewsGradient-2022-09-28--2022-09-29.csv,1964
https://6yka.com/kolumne/zasto-ljudi-biraju-idiote,csv/Historical-Report-NewsGradient-2022-09-29--2022-09-30.csv,230
https://6yka.com/kolumne/umberto-eko-kako-govoriti-o-zivotinjama,csv/Historical-Report-NewsGradient-2022-09-29--2022-09-30.csv,283
https://6yka.com/bih/stotine-zastava-tzv-herceg-bosne-okacene-u-mostaru-uoci-izbora,csv/Historical-Report-NewsGradient-2022-09-29--2022-09-30.csv,1014
https://6yka.com/bih/stanivukovic-izgubio-na-sudu,csv/Historical-Report-NewsGradient-2022-09-29--2022-09-30.csv,1564
https://6yka.com/kolumne/rijec-psihologa-kljukaju-nas-opasnim-lazima-o-mentalnom-zdravlju-nije-samo-do-nas,csv/Historical-Report-NewsGradient-2022-09-30--2022-10-01.csv,759
https://6yka.com/kolumne/jasmila-zbanic-zasto-necu-glasati-za-zeljka-komsica,csv/Historical-Report-NewsGradient-2022-09-30--2022-10-01.csv,893
https://6yka.com/bih/emina-sa-laznom-diplomom-ekonomskog-fakulteta-u-sarajevu-od-2008-do-2019-godine-radila-u-institucijama,csv/Historical-Report-NewsGradient-2022-09-30--2022-10-01.csv,1540
https://6yka.com/kolumne/johann-sattler-imate-dobre-razloge-da-vas-politika-ne-zanima-ali-to-istovremeno-znaci-da-trebate-glasati,csv/Historical-Report-NewsGradient-2022-10-01--2022-10-02.csv,375
https://6yka.com/ekonomija/i-mi-smo-nekome-zapad-dolazi-nam-sve-vise-stranih-radnika-imamo-podatke-iz-kojih-zemalja,csv/Historical-Report-NewsGradient-2022-10-01--2022-10-02.csv,568
https://6yka.com/bih/dio-bih-je-samo-u-ovoj-godini-napustilo-15000-osoba,csv/Historical-Report-NewsGradient-2022-10-01--2022-10-02.csv,625
https://6yka.com/bih/foto-pogledajte-koje-evropske-drzave-su-rekorder-po-broju-starijih-od-65-godina-i-gdje-je-bih,csv/Historical-Report-NewsGradient-2022-10-01--2022-10-02.csv,750
"https://6yka.com/bih/imovina-na-dobos-metalac-u-stecaj#:~:text=Metalac%E2%80%9C%20u%20ste%C4%8Daj-,%E2%80%9EMetalac%E2%80%9C%20je%20bilo%20jedno%20od%20najuspje%C5%A1nijih%20hercegova%C4%8Dkih%20preduze%C4%87a%20sa%20skoro%20500%20zaposlenih%20i%20radili%C5%A1tima%20%C5%A1irom%20biv%C5%A1e%20Jugoslavije.,-BiH%20Capital.ba",csv/Historical-Report-NewsGradient-2022-10-01--2022-10-02.csv,975
https://6yka.com/kolumne/danilo-kis-pescanik,csv/Historical-Report-NewsGradient-2022-10-01--2022-10-02.csv,1204
https://6yka.com/kolumne/draga-dimitrijevic-dejanovic-prva-srpska-feministkinja,csv/Historical-Report-NewsGradient-2022-10-01--2022-10-02.csv,1328
https://6yka.com/intervju/najmlada-doktorka-sudske-medicine-donijela-bosni-i-hercegovini-i-prvo-medunarodno-priznanje-za-naucnicu-godine,csv/Historical-Report-NewsGradient-2022-10-01--2022-10-02.csv,1706
https://6yka.com/bih/kontradiktorni-podaci-iz-pdp-a-i-snsd-a,csv/Historical-Report-NewsGradient-2022-10-02--2022-10-03.csv,415
https://6yka.com/bih/radovic-priznao-da-cvijanoviceva-vodi,csv/Historical-Report-NewsGradient-2022-10-02--2022-10-03.csv,577
https://6yka.com/bih/prvi-rezultati-za-hrvatskog-clana-predsjednistva-bih,csv/Historical-Report-NewsGradient-2022-10-02--2022-10-03.csv,802
https://6yka.com/bih/ambasada-sad-podrzala-odluku-smita,csv/Historical-Report-NewsGradient-2022-10-02--2022-10-03.csv,1018
https://6yka.com/bih/na-glasanje-dolazili-sa-naocarima-za-snimanje-prijavljeni-i-fizicki-sukobi,csv/Historical-Report-NewsGradient-2022-10-02--2022-10-03.csv,1994
