https://www.haber.ba/lifestyle/hrana-i-pice/847743-odlicna-torta-kojoj-necete-moci-odoljeti-ni-nakon-dva-komada,csv/Historical-Report-NewsGradient-2022-09-02--2022-09-09.csv,47
https://www.haber.ba/lifestyle/hrana-i-pice/847767-pita-sa-jabukama-toliko-socna-da-joj-necete-odoljeti,csv/Historical-Report-NewsGradient-2022-09-02--2022-09-09.csv,69
https://www.haber.ba/lifestyle/hrana-i-pice/848140-kremasti-cokoladni-kolac-koji-se-topi-u-ustima,csv/Historical-Report-NewsGradient-2022-09-02--2022-09-09.csv,110
https://www.haber.ba/lifestyle/zdravlje/844109-chia-sjeme-je-toliko-zdravo-da-cete-pucati-od-zdravlja,csv/Historical-Report-NewsGradient-2022-09-02--2022-09-09.csv,229
https://www.haber.ba/lifestyle/moda-i-ljepota/844112-znate-da-je-plava-nivea-dobra-ali-vam-nisu-rekli-sljedece,csv/Historical-Report-NewsGradient-2022-09-02--2022-09-09.csv,234
https://www.haber.ba/lifestyle/hrana-i-pice/726685-najbolja-domaca-cokolada-ikada-ovaj-recept-ce-vas-osvojiti,csv/Historical-Report-NewsGradient-2022-09-02--2022-09-09.csv,371
https://www.haber.ba/vijesti/922347-glavni-favorit-otkazao-ucesce-u-zadruzi-6-raskinuo-ugovor-sa-pinkom-prica-se-da-je-razlog-ona,csv/Historical-Report-NewsGradient-2022-09-02--2022-09-09.csv,1836
https://www.haber.ba/lifestyle/hrana-i-pice/774908-zasto-bi-trebalo-da-pijemu-kafu-bez-secera-gorka-kafa-sladak-zivot,csv/Historical-Report-NewsGradient-2022-09-02--2022-09-09.csv,2097
https://www.haber.ba/lifestyle/zdravlje/920263-agonija-rane-menopauze-evo-sta-sam-prvo-osjetila-glumica-opisala-simptome-ako-se-ovo-javi-reagujte,csv/Historical-Report-NewsGradient-2022-09-02--2022-09-09.csv,2191
https://www.haber.ba/lifestyle/zdravlje/920605-ovo-su-2-najranija-simptoma-parkinsonove-bolesti-javljaju-se-i-10-godina-ranije-na-jedan-nikada-ne-biste-pomislili,csv/Historical-Report-NewsGradient-2022-09-02--2022-09-09.csv,3050
https://www.arhiva.haber.ba/zanimljivosti/svastara/799877-brak-treba-da-bude-basta-u-kojoj-se-plemenite-stvari-uzgajaju-2-mudra-zivotna-pravila-irvina-y,csv/Historical-Report-NewsGradient-2022-09-02--2022-09-09.csv,3128
https://www.haber.ba/lifestyle/zdravlje/920574-doktorica-otkrila-4-najvece-zamke-mrsavljenja-zbog-njih-se-gojimo-na-dijeti-a-3-ce-vas-najvise-iznenaditi,csv/Historical-Report-NewsGradient-2022-09-02--2022-09-09.csv,3225
https://www.haber.ba/zanimljivosti/svastara/872597-astrolozi-upozoravaju-ovo-su-najposesivniji-znaci-zodijaka,csv/Historical-Report-NewsGradient-2022-09-02--2022-09-09.csv,5760
https://www.haber.ba/zanimljivosti/svastara/874481-ova-4-horoskopska-znaka-su-kao-stvoreni-za-duge-veze,csv/Historical-Report-NewsGradient-2022-09-02--2022-09-09.csv,5839
https://www.haber.ba/zanimljivosti/svastara/874485-partneri-za-pozeljeti-najvjerniji-znaci-zodijaka,csv/Historical-Report-NewsGradient-2022-09-02--2022-09-09.csv,5915
https://www.haber.ba/zanimljivosti/svastara/883384-ne-oprastaju-lako-ovi-horoskopski-znakovi-najduze-se-ljute,csv/Historical-Report-NewsGradient-2022-09-02--2022-09-09.csv,5994
https://www.haber.ba/vijesti/922129-erdogan-svecano-docekan-ispred-zgrade-predsjednistva-bih,csv/Historical-Report-NewsGradient-2022-09-02--2022-09-09.csv,6192
https://www.haber.ba/zanimljivosti/svastara/896009-nikad-im-ne-vjerujte-ovo-su-najdvolicniji-znaci-horoskopa,csv/Historical-Report-NewsGradient-2022-09-02--2022-09-09.csv,6220
https://www.haber.ba/lifestyle/zdravlje/921189-znak-da-imate-dijabetes-moze-da-se-javi-odmah-nakon-jela-ako-ovo-osjetite-odmah-idite-ljekaru,csv/Historical-Report-NewsGradient-2022-09-02--2022-09-09.csv,7100
https://www.haber.ba/zanimljivosti/svastara/865830-tri-horoskopska-znaka-koja-nose-epitet-tirana-iz-nekog-razloga-ih-se-svi-boje,csv/Historical-Report-NewsGradient-2022-09-02--2022-09-09.csv,7594
https://www.haber.ba/lifestyle/hrana-i-pice/920572-provjeren-recept-za-savrsen-pekmez-od-sljiva-napravite-prvom-prilikom-sve-sto-vam-treba-ove-jeseni,csv/Historical-Report-NewsGradient-2022-09-02--2022-09-09.csv,8041
https://www.haber.ba/vijesti/921937-hadzihafizbegovic-proslavio-pobjedu-zmajeva-u-drustvu-dobre-bjelogrlica-i-diklica-2,csv/Historical-Report-NewsGradient-2022-09-02--2022-09-09.csv,8955
https://www.haber.ba/showbiz/estrada/921902-dejan-dragojevic-nije-pobjednik-zadruge-sokantne-tvrdnje-iznesene-u-programu-uzivo-ljudi-su-ga-mrzeli,csv/Historical-Report-NewsGradient-2022-09-02--2022-09-09.csv,9434
https://www.haber.ba/zanimljivosti/svastara/921521-mnogi-su-tek-sada-shvatili-znate-li-cemu-sluzi-treci-odjeljak-u-masini-za-pranje-vesahttps://www.haber.ba/zanimljivosti/svastara/921521-mnogi-su-tek-sada-shvatili-znate-li-cemu-sluzi-treci-odjeljak-u-masini-za-pranje-vesahttps://www.haber.ba/zanimljivosti/svastara/921521-mnogi-su-tek-sada-shvatili-znate-li-cemu-sluzi-treci-odjeljak-u-masini-za-pranje-vesa,csv/Historical-Report-NewsGradient-2022-09-02--2022-09-09.csv,9459
https://www.haber.ba/vijesti/921899-ovo-je-covjek-osumnjicen-za-otmicu-bogate-nasljednice-elize-flecer-policija-objavila-njegovu-fotografijuhttps://www.haber.ba/vijesti/921899-ovo-je-covjek-osumnjicen-za-otmicu-bogate-nasljednice-elize-flecer-policija-objavila-njegovu-fotografiju,csv/Historical-Report-NewsGradient-2022-09-02--2022-09-09.csv,9522
https://www.haber.ba/lifestyle/zdravlje/921895-mnoge-zene-nisu-svjesne-da-ga-imaju-sest-simptoma-mioma-maternice-koje-treba-znati-prepoznajtehttps://www.haber.ba/lifestyle/zdravlje/921895-mnoge-zene-nisu-svjesne-da-ga-imaju-sest-simptoma-mioma-maternice-koje-treba-znati-prepoznajte,csv/Historical-Report-NewsGradient-2022-09-02--2022-09-09.csv,9665
https://www.haber.ba/zanimljivosti/svastara/921883-veliki-sedmicni-horoskop-od-5-do-11-09-samo-ce-jedan-znak-imati-srece-s-parama-2https://www.haber.ba/zanimljivosti/svastara/921883-veliki-sedmicni-horoskop-od-5-do-11-09-samo-ce-jedan-znak-imati-srece-s-parama-2,csv/Historical-Report-NewsGradient-2022-09-02--2022-09-09.csv,9859
https://www.haber.ba/vijesti/bih/921885-vlast-nista-ne-poduzima-farme-se-zatvaraju-cijena-mlijeka-prelazi-2-markehttps://www.haber.ba/vijesti/bih/921885-vlast-nista-ne-poduzima-farme-se-zatvaraju-cijena-mlijeka-prelazi-2-marke,csv/Historical-Report-NewsGradient-2022-09-02--2022-09-09.csv,9884
https://www.haber.ba/vijesti/region/921873-scholz-i-macron-pisali-aleksandru-vucicu-presudan-trenutak-za-stabilnost-zapadnog-balkana-sharehttps://www.haber.ba/vijesti/region/921873-scholz-i-macron-pisali-aleksandru-vucicu-presudan-trenutak-za-stabilnost-zapadnog-balkana-share,csv/Historical-Report-NewsGradient-2022-09-02--2022-09-09.csv,9943
https://www.haber.ba/zanimljivosti/svastara/921879-imala-sam-zakazane-preglede-kod-ljekarahttps://www.haber.ba/zanimljivosti/svastara/921879-imala-sam-zakazane-preglede-kod-ljekara,csv/Historical-Report-NewsGradient-2022-09-02--2022-09-09.csv,10033
https://www.haber.ba/vijesti/921875-dobre-vijesti-za-vozace-u-bih-ocekujemo-stabilizaciju-i-pad-cijena-gorivahttps://www.haber.ba/vijesti/921875-dobre-vijesti-za-vozace-u-bih-ocekujemo-stabilizaciju-i-pad-cijena-goriva,csv/Historical-Report-NewsGradient-2022-09-02--2022-09-09.csv,10070
https://www.haber.ba/zanimljivosti/svastara/921881-retrogradni-merkur-od-9-septembra-donosi-izazove-za-3-znaka-zodijaka-dobro-se-pazite-2https://www.haber.ba/zanimhttps://www.haber.ba/zanimljivosti/svastara/921881-retrogradni-merkur-od-9-septembra-donosi-izazove-za-3-znaka-zodijaka-dobro-se-pazite-2ljivosti/svastara/921881-retrogradni-merkur-od-9-septembra-donosi-izazove-za-3-znaka-zodijaka-dobro-se-pazite-2,csv/Historical-Report-NewsGradient-2022-09-02--2022-09-09.csv,10103
https://www.haber.ba/lifestyle/hrana-i-pice/792917-mini-baunti-domaci-kolaci-koji-se-brzo-prave,csv/Historical-Report-NewsGradient-2022-09-02--2022-09-09.csv,12163
https://www.haber.ba/lifestyle/moda-i-ljepota/797898-kako-napraviti-sapun-od-meda,csv/Historical-Report-NewsGradient-2022-09-02--2022-09-09.csv,12191
https://www.haber.ba/vijesti/921677-dodik-nisam-podanik-morao-sam-da-skrenem-paznju-na-poteze-njemacke,csv/Historical-Report-NewsGradient-2022-09-02--2022-09-09.csv,12393
https://www.haber.ba/vijesti/921660-u-naredne-tri-godine-prosjecna-stopa-ekonomskog-rasta-u-bosni-i-hercegovini-oko-32-odsto,csv/Historical-Report-NewsGradient-2022-09-02--2022-09-09.csv,12606
https://www.haber.ba/zanimljivosti/svastara/825995-vas-znak-zodijaka-otkriva-da-li-cete-biti-sretni-u-braku,csv/Historical-Report-NewsGradient-2022-09-02--2022-09-09.csv,13134
https://www.haber.ba/zanimljivosti/svastara/824103-ovaj-znak-zodijaka-vise-od-svega-voli-da-omalovazava-druge,csv/Historical-Report-NewsGradient-2022-09-02--2022-09-09.csv,13145
https://www.haber.ba/zanimljivosti/svastara/826086-najmocnije-zene-radjaju-se-u-ovim-znacima,csv/Historical-Report-NewsGradient-2022-09-02--2022-09-09.csv,13206
https://www.haber.ba/zanimljivosti/svastara/824587-horoskopski-znaci-koji-se-prvi-sele-iz-porodicne-kuce-jedva-docekaju-da-postanu-nezavisni,csv/Historical-Report-NewsGradient-2022-09-02--2022-09-09.csv,13242
https://www.haber.ba/zanimljivosti/svastara/826487-svi-bjeze-od-njih-najgore-zene-radjaju-se-u-ova-tri-znaka-zodijaka,csv/Historical-Report-NewsGradient-2022-09-02--2022-09-09.csv,13308
https://www.haber.ba/zanimljivosti/svastara/821843-zena-u-ovom-znaku-partnere-mijenja-ko-carape,csv/Historical-Report-NewsGradient-2022-09-02--2022-09-09.csv,13352
https://www.haber.ba/zanimljivosti/svastara/826616-oprez-sa-ova-3-znaka-zodijaka-zivot-je-pakao,csv/Historical-Report-NewsGradient-2022-09-02--2022-09-09.csv,13438
https://www.haber.ba/zanimljivosti/svastara/818442-zive-u-bijedi-5-znakova-zodijaka-novac-nikako-nece,csv/Historical-Report-NewsGradient-2022-09-02--2022-09-09.csv,13721
https://www.haber.ba/zanimljivosti/svastara/921086-kriticne-godine-u-braku-tada-se-razvede-najveci-broj-parova,csv/Historical-Report-NewsGradient-2022-09-02--2022-09-09.csv,14357
https://www.haber.ba/lifestyle/zdravlje/920661-upozoravajuci-simptom-koji-se-javlja-ujutru-a-ukazuje-na-rak-obratite-paznju-da-li-vam-se-ovo-desava-kada-se-probudite,csv/Historical-Report-NewsGradient-2022-09-02--2022-09-09.csv,14587
https://www.haber.ba/zanimljivosti/svastara/886368-6-osnovnih-vrlina-koje-krase-savrsenog-ljubavnika-a-vide-se-vec-kod-prvog-vodjenja-ljubavi,csv/Historical-Report-NewsGradient-2022-09-02--2022-09-09.csv,14648
https://www.haber.ba/zanimljivosti/svastara/921133-detaljna-sedmicna-analiza-od-29-08-do-04-09-sreca-bi-mogla-pratiti-blizance-skorpije-i-ovnove,csv/Historical-Report-NewsGradient-2022-09-02--2022-09-09.csv,14725
https://www.haber.ba/lifestyle/zdravlje/921285-jedan-simptom-dijabetesa-javlja-se-odmah-nakon-jela-ako-osjetite-da-vam-se-desava-ovo-cim-zavrsite-sa-hranom-odmah-kod-ljekara,csv/Historical-Report-NewsGradient-2022-09-02--2022-09-09.csv,14904
https://www.haber.ba/zanimljivosti/svastara/876301-zasto-je-voditi-ljubav-sa-bivsim-tako-dobro,csv/Historical-Report-NewsGradient-2022-09-02--2022-09-09.csv,15166
https://www.haber.ba/zanimljivosti/svastara/883526-ovo-su-sretni-brojevi-svakog-horoskopskog-znaka-saznajte-svoj,csv/Historical-Report-NewsGradient-2022-09-09--2022-09-12.csv,54
https://www.haber.ba/lifestyle/zdravlje/914146-simptomi-koji-ukazuju-da-vise-ne-treba-da-pijete-kafu,csv/Historical-Report-NewsGradient-2022-09-09--2022-09-12.csv,70
https://www.haber.ba/lifestyle/hrana-i-pice/916946-evo-zasto-treba-da-popijete-casu-vode-cim-ustanete,csv/Historical-Report-NewsGradient-2022-09-09--2022-09-12.csv,71
https://www.haber.ba/zanimljivosti/svastara/872600-astrolozi-kazu-da-ova-3-znaka-horoskopa-najgore-cuvaju-tajnu,csv/Historical-Report-NewsGradient-2022-09-09--2022-09-12.csv,88
https://www.haber.ba/zanimljivosti/svastara/883671-ljubav-do-kraja-zivota-ova-3-znaka-najiskrenije-vole,csv/Historical-Report-NewsGradient-2022-09-09--2022-09-12.csv,121
https://www.haber.ba/zanimljivosti/svastara/918417-evo-nacina-kako-mozete-iskoristiti-koru-od-limuna,csv/Historical-Report-NewsGradient-2022-09-09--2022-09-12.csv,158
https://www.haber.ba/zanimljivosti/svastara/874481-ova-4-horoskopska-znaka-su-kao-stvoreni-za-duge-veze,csv/Historical-Report-NewsGradient-2022-09-09--2022-09-12.csv,194
https://www.haber.ba/zanimljivosti/svastara/885740-ova-4-znaka-najveci-su-zavodnici-zodijaka-osvojit-ce-svako-srce,csv/Historical-Report-NewsGradient-2022-09-09--2022-09-12.csv,231
https://www.haber.ba/lifestyle/zdravlje/918855-krvni-pritisak-trebalo-bi-mjeriti-na-obje-ruke,csv/Historical-Report-NewsGradient-2022-09-09--2022-09-12.csv,282
https://www.haber.ba/zanimljivosti/svastara/876114-osobe-rodjene-u-ova-3-horoskopska-znaka-uvijek-se-zaljube-u-pogresnu-osobu,csv/Historical-Report-NewsGradient-2022-09-09--2022-09-12.csv,325
https://www.haber.ba/zanimljivosti/svastara/887069-horoskopski-znaci-koji-imaju-najmracniji-um-ne-skorpija-nie-na-prvom-mjestu,csv/Historical-Report-NewsGradient-2022-09-09--2022-09-12.csv,368
https://www.haber.ba/lifestyle/zdravlje/919465-namirnica-koj-znacajno-moze-smanjiti-los-holesterol,csv/Historical-Report-NewsGradient-2022-09-09--2022-09-12.csv,417
https://www.haber.ba/zanimljivosti/svastara/877585-mnogo-smo-jaki-4-najmocnija-znaka-zodijaka,csv/Historical-Report-NewsGradient-2022-09-09--2022-09-12.csv,461
https://www.haber.ba/zanimljivosti/svastara/889425-horoskopski-znak-s-kojim-bi-svako-rado-izasao-jedan-na-listi-nikad-vise,csv/Historical-Report-NewsGradient-2022-09-09--2022-09-12.csv,512
https://www.haber.ba/lifestyle/zdravlje/920701-sta-je-zdravije-crno-ili-bijelo-grozdje-evo-sta-morate-da-znate,csv/Historical-Report-NewsGradient-2022-09-09--2022-09-12.csv,551
https://www.haber.ba/zanimljivosti/svastara/879438-sta-svaki-znak-zodijaka-mora-da-promijeni-da-bi-pronasao-pravu-ljubav,csv/Historical-Report-NewsGradient-2022-09-09--2022-09-12.csv,587
https://www.haber.ba/zanimljivosti/svastara/889701-rak-lav-i-skorpija-obozavaju-da-od-svega-prave-dramu-sitnicare-i-pretjeruju,csv/Historical-Report-NewsGradient-2022-09-09--2022-09-12.csv,621
https://www.haber.ba/zanimljivosti/svastara/881374-tri-najtajnovitija-horoskopska-znaka,csv/Historical-Report-NewsGradient-2022-09-09--2022-09-12.csv,709
https://www.haber.ba/zanimljivosti/svastara/893844-sta-horoskopski-znakovi-nikad-nece-priznati,csv/Historical-Report-NewsGradient-2022-09-09--2022-09-12.csv,747
https://www.haber.ba/lifestyle/zdravlje/883458-ne-spavate-dobro-ovo-su-znakovi-da-vam-treba-novi-jastuk,csv/Historical-Report-NewsGradient-2022-09-09--2022-09-12.csv,818
https://www.haber.ba/zanimljivosti/svastara/911725-ova-tri-horoskopska-znaka-ne-podnose-da-budu-singl,csv/Historical-Report-NewsGradient-2022-09-09--2022-09-12.csv,857
https://www.haber.ba/lifestyle/zdravlje/740565-14-podmuklih-simptoma-raka-zeluca-ne-ignorisite-ih-provjerite-da-li-ste-u-rizicnoj-grupi,csv/Historical-Report-NewsGradient-2022-09-09--2022-09-12.csv,1605
https://www.haber.ba/zanimljivosti/svastara/822191-ovo-je-jedini-razlog-zasto-muskarci-zele-voditi-ljubav-bez-kondomaU,csv/Historical-Report-NewsGradient-2022-09-09--2022-09-12.csv,1802
https://www.arhiva.haber.ba/vijesti/bih/799898-evo-kakvo-nas-vrijeme-ocekuje-u-naredna-cetiri-dana-2,csv/Historical-Report-NewsGradient-2022-09-09--2022-09-12.csv,1873
https://www.haber.ba/lifestyle/zdravlje/834178-obicna-cvekla-cisti-jetru-kao-usisivac-detoksikuje-tijelo-za-7-dana,csv/Historical-Report-NewsGradient-2022-09-09--2022-09-12.csv,2254
https://www.haber.ba/lifestyle/hrana-i-pice/716408-tutmac-corba-zovu-je-jos-i-corba-od-jufkinih-krpica,csv/Historical-Report-NewsGradient-2022-09-09--2022-09-12.csv,2629
https://www.haber.ba/zanimljivosti/svastara/911789-mentalno-najsnazniji-zodijaci-vodolijama-ne-treba-tudja-pomoc-mogu-sve-sami,csv/Historical-Report-NewsGradient-2022-09-09--2022-09-12.csv,4841
https://www.haber.ba/zanimljivosti/svastara/912894-ne-kacite-se-sa-njima-kad-im-padne-mrak-na-oci-ovih-5-znakova-bas-lako-planu,csv/Historical-Report-NewsGradient-2022-09-09--2022-09-12.csv,4913
https://www.haber.ba/zanimljivosti/svastara/917862-znakovi-zodijaka-koji-su-najgori-i-najbolji-materijal-za-prijatelja,csv/Historical-Report-NewsGradient-2022-09-09--2022-09-12.csv,4985
https://www.haber.ba/vijesti/922542-velika-je-sansa-da-ljudi-rodjeni-u-ova-2-znaka-ostanu-sami,csv/Historical-Report-NewsGradient-2022-09-09--2022-09-12.csv,5026
https://www.haber.ba/zanimljivosti/svastara/918047-horoskopski-znaci-koji-se-bore-sa-ljubomorom,csv/Historical-Report-NewsGradient-2022-09-09--2022-09-12.csv,5054
https://www.haber.ba/lifestyle/zdravlje/915999-ova-biljka-je-najzdravije-povrce-na-planeti-cisti-i-oporavlja-cijeli-organizam-sprijecava-rak,csv/Historical-Report-NewsGradient-2022-09-12--2022-09-13.csv,967
https://www.haber.ba/zanimljivosti/svastara/891638-prepoznajte-kada-nesto-mute-kako-zavode-znakovi-zodijaka,csv/Historical-Report-NewsGradient-2022-09-12--2022-09-13.csv,1012
https://www.haber.ba/lifestyle/hrana-i-pice/889718-cokoladne-stanglice-sa-orasima-i-suhim-grozdjem-koje-nestaju-u-trenu,csv/Historical-Report-NewsGradient-2022-09-12--2022-09-13.csv,1061
https://www.haber.ba/lifestyle/zdravlje/916090-5-zdravstvenih-koristi-morske-soli,csv/Historical-Report-NewsGradient-2022-09-12--2022-09-13.csv,1112
https://www.haber.ba/zanimljivosti/svastara/892578-tri-znaka-zodijaka-koja-predosjecaju-lose-vijesti-i-prije-nego-sto-ih-cuju,csv/Historical-Report-NewsGradient-2022-09-12--2022-09-13.csv,1183
https://www.haber.ba/zanimljivosti/svastara/718676-za-njima-zene-uzdisu-oni-su-najveci-zavodnici-zodijaka,csv/Historical-Report-NewsGradient-2022-09-12--2022-09-13.csv,1184
https://www.haber.ba/lifestyle/hrana-i-pice/891123-piletina-u-tortilji-iz-rerne-izgleda-kao-pohovane-palacinke-a-sir-koji-se-topi-daje-poseban-smek,csv/Historical-Report-NewsGradient-2022-09-12--2022-09-13.csv,1246
https://www.haber.ba/lifestyle/zdravlje/917227-ova-vjerovanja-o-vinu-nisu-istinita,csv/Historical-Report-NewsGradient-2022-09-12--2022-09-13.csv,1309
https://www.haber.ba/zanimljivosti/svastara/910478-ekstremno-posesivni-tri-najljubomornija-horoskopska-znaka,csv/Historical-Report-NewsGradient-2022-09-12--2022-09-13.csv,1352
https://www.haber.ba/lifestyle/hrana-i-pice/891555-starinske-buhtle-sa-cokoladom-pomalo-zaboravljeno-pecivo-bas-ovako-su-ih-nekada-pravile-nase-bake,csv/Historical-Report-NewsGradient-2022-09-12--2022-09-13.csv,1406
https://www.haber.ba/lifestyle/zdravlje/917231-evo-kako-da-znate-da-li-su-jaja-pokvarena,csv/Historical-Report-NewsGradient-2022-09-12--2022-09-13.csv,1459
https://www.haber.ba/zanimljivosti/svastara/910476-lista-od-najgoreg-do-najboljeg-horoskopskog-znaka-neki-ce-se-sigurno-uvrijediti,csv/Historical-Report-NewsGradient-2022-09-12--2022-09-13.csv,1504
https://www.haber.ba/lifestyle/hrana-i-pice/891953-brzinski-kolac-sa-keksom-samo-3-sastojka-i-20-minuta-vremena-za-slatkis-koji-moze-da-se-jede-i-topao-i-hladan,csv/Historical-Report-NewsGradient-2022-09-12--2022-09-13.csv,1559
https://www.haber.ba/sci-tech/nauka/917356-navika-koja-ubrzava-starenje-mozga,csv/Historical-Report-NewsGradient-2022-09-12--2022-09-13.csv,1608
https://www.haber.ba/zanimljivosti/svastara/912894-ne-kacite-se-sa-njima-kad-im-padne-mrak-na-oci-ovih-5-znakova-bas-lako-planu,csv/Historical-Report-NewsGradient-2022-09-12--2022-09-13.csv,1652
https://www.haber.ba/lifestyle/hrana-i-pice/914045-piletinu-ne-pohujte-u-jajima-vec-u-ovoj-smjesi-bijelo-meso-bice-socnije-i-hrskavije-nego-ikad,csv/Historical-Report-NewsGradient-2022-09-12--2022-09-13.csv,1698
https://www.haber.ba/lifestyle/hrana-i-pice/918415-evo-zbog-cega-ne-biste-trebali-sodu-bikarbonu-koristiti-umjesto-praska-za-pecivo,csv/Historical-Report-NewsGradient-2022-09-12--2022-09-13.csv,1747
https://www.haber.ba/zanimljivosti/svastara/912893-karijra-vam-je-zapsana-u-zvijezdama-evo-koji-je-idealan-posao-za-svaki-horoskopski-znak,csv/Historical-Report-NewsGradient-2022-09-12--2022-09-13.csv,1791
https://www.haber.ba/lifestyle/zdravlje/916490-narodna-medicina-ima-prirodno-rjesenje-za-anemiju,csv/Historical-Report-NewsGradient-2022-09-12--2022-09-13.csv,1840
https://www.haber.ba/zanimljivosti/svastara/916667-ovi-znakovi-zodijaka-vise-cijene-vanjsku-ljepotu-od-dobrog-srca,csv/Historical-Report-NewsGradient-2022-09-12--2022-09-13.csv,1924
https://www.haber.ba/lifestyle/hrana-i-pice/917729-musaka-u-besamel-sosu-fantasticna-je,csv/Historical-Report-NewsGradient-2022-09-12--2022-09-13.csv,1968
https://www.haber.ba/lifestyle/moda-i-ljepota/918414-da-li-je-zdravije-prati-kosu-ujutru-ili-navece,csv/Historical-Report-NewsGradient-2022-09-12--2022-09-13.csv,2021
https://www.haber.ba/zanimljivosti/svastara/917862-znakovi-zodijaka-koji-su-najgori-i-najbolji-materijal-za-prijatelja,csv/Historical-Report-NewsGradient-2022-09-12--2022-09-13.csv,2071
https://www.haber.ba/lifestyle/hrana-i-pice/920702-ukusnije-od-cipsa-priprema-krompira-na-ovaj-nacin-postat-ce-vam-omiljena,csv/Historical-Report-NewsGradient-2022-09-12--2022-09-13.csv,2110
https://www.haber.ba/lifestyle/zdravlje/918855-krvni-pritisak-trebalo-bi-mjeriti-na-obje-ruke,csv/Historical-Report-NewsGradient-2022-09-12--2022-09-13.csv,2154
https://www.haber.ba/zanimljivosti/svastara/922947-dnevni-horoskop-za-ponedeljak-12-septembar-vagama-nepr,csv/Historical-Report-NewsGradient-2022-09-12--2022-09-13.csv,2209
https://www.haber.ba/lifestyle/zdravlje/893760-caj-od-persuna-riznica-zdravlja,csv/Historical-Report-NewsGradient-2022-09-14--2022-09-15.csv,49
https://www.haber.ba/zanimljivosti/svastara/828951-placene-ubojice-najcesce-imaju-ovaj-horoskopski-znak,csv/Historical-Report-NewsGradient-2022-09-14--2022-09-15.csv,56
https://www.haber.ba/lifestyle/hrana-i-pice/826905-napravite-burek-kao-iz-buregdzinice-ovo-je-provjereni-recept,csv/Historical-Report-NewsGradient-2022-09-14--2022-09-15.csv,74
https://www.haber.ba/lifestyle/hrana-i-pice/913671-4-razloga-zbog-kojih-bi-trebalo-da-jedete-kupine,csv/Historical-Report-NewsGradient-2022-09-14--2022-09-15.csv,100
https://www.haber.ba/lifestyle/hrana-i-pice/916391-5-nezdravih-namirnica-koje-bi-trebalo-da-jedete-cesce,csv/Historical-Report-NewsGradient-2022-09-14--2022-09-15.csv,344
https://www.haber.ba/zanimljivosti/svastara/853695-ako-ste-rodjeni-ovog-datuma-ocekuju-vas-velike-stvari-u-zivotu,csv/Historical-Report-NewsGradient-2022-09-14--2022-09-15.csv,407
https://www.haber.ba/vijesti/855766-svako-ima-svoju-tajnu-ovo-horoskopski-znaci-kriju-od-drugih,csv/Historical-Report-NewsGradient-2022-09-14--2022-09-15.csv,570
https://www.haber.ba/lifestyle/zdravlje/793985-napitak-od-djumbira-i-kurkume-vitaminska-bomba-koja-bilduje-imunitet,csv/Historical-Report-NewsGradient-2022-09-14--2022-09-15.csv,615
https://www.haber.ba/zanimljivosti/svastara/856465-horoskopski-znakovi-koji-ne-vole-promjene-jeste-li-vi-jedan-od-njih,csv/Historical-Report-NewsGradient-2022-09-14--2022-09-15.csv,704
https://www.haber.ba/lifestyle/hrana-i-pice/919974-basbousa-prelijepi-griz-kolac,csv/Historical-Report-NewsGradient-2022-09-14--2022-09-15.csv,879
https://www.haber.ba/lifestyle/zdravlje/920866-3-razloga-zbog-kojih-bi-trebalo-da-jedete-kruske-svaki-dan,csv/Historical-Report-NewsGradient-2022-09-14--2022-09-15.csv,923
https://www.haber.ba/zanimljivosti/svastara/870328-u-grudima-nose-ledeno-srce-ovi-horoskopski-znakovi-su-neosjetljivi-na-tudje-probleme-a-jednu-osobinu-najvise-preziru,csv/Historical-Report-NewsGradient-2022-09-14--2022-09-15.csv,966
https://www.haber.ba/zanimljivosti/svastara/923294-spavala-sam-sa-stotinu-ozenjenih-muskaraca-i-svi-su-mi-rekli-istu-stvarOtkrila,csv/Historical-Report-NewsGradient-2022-09-14--2022-09-15.csv,1226
https://www.haber.ba/vijesti/923262-firma-iz-bih-uvela-nova-pravila-od-sada-se-radi-4-dana-sedmicno-a-plate-ce-biti-vecehttps://www.haber.ba/vijesti/923262-firma-iz-bih-uvela-nova-pravila-od-sada-se-radi-4-dana-sedmicno-a-plate-ce-biti-vece,csv/Historical-Report-NewsGradient-2022-09-14--2022-09-15.csv,1477
https://www.arhiva.haber.ba/lifestyle/moda-i-ljepota/137449-maska-od-majoneze-obnavlja-suhu-i-ostecenu-kosu-ubrzava-rast-i-vraca-prirodni-sjaj,csv/Historical-Report-NewsGradient-2022-09-14--2022-09-15.csv,2289
https://www.arhiva.haber.ba/lifestyle/moda-i-ljepota/121511-trik-koji-pali-rijesite-se-mitesera-s-cijelog-lica-za-10-minuta,csv/Historical-Report-NewsGradient-2022-09-14--2022-09-15.csv,2332
http://www.haber.ba/lifestyle/hrana-i-pice/913672-koja-hrana-uzrokuje-nadutost,csv/Historical-Report-NewsGradient-2022-09-15--2022-09-16.csv,989
http://www.haber.ba/zanimljivosti/svastara/781147-znakovi-zodijaka-koji-uvijek-dobiju-sta-zele,csv/Historical-Report-NewsGradient-2022-09-15--2022-09-16.csv,1042
https://www.haber.ba/lifestyle/hrana-i-pice/885856-karamel-torta-sa-orasima-dok-se-kora-pece-napravite-fil-a-onda-ih-premazite-uspijeva-svima,csv/Historical-Report-NewsGradient-2022-09-15--2022-09-16.csv,1096
https://www.haber.ba/zanimljivosti/svastara/914912-stavite-vlaznu-maramicu-u-masinu-dok-perete-ves-sokirat-cete-se-efektom,csv/Historical-Report-NewsGradient-2022-09-15--2022-09-16.csv,1148
https://www.haber.ba/zanimljivosti/svastara/781919-tri-znaka-zodijaka-koje-niko-ne-moze-da-nadmudri,csv/Historical-Report-NewsGradient-2022-09-15--2022-09-16.csv,1210
https://www.haber.ba/lifestyle/hrana-i-pice/888897-evo-zbog-cega-za-dorucak-treba-da-ubacite-voce,csv/Historical-Report-NewsGradient-2022-09-15--2022-09-16.csv,1274
https://www.haber.ba/zanimljivosti/svastara/766155-tri-znaka-zodijaka-koja-jednostavno-ne-mogu-da-ustede-novac,csv/Historical-Report-NewsGradient-2022-09-15--2022-09-16.csv,1371
https://www.haber.ba/vijesti/region/923453-djukanovic-vuciceva-politika-je-ista-kao-90-ih-ona-nas-je-dovela-do-rata,csv/Historical-Report-NewsGradient-2022-09-15--2022-09-16.csv,1382
https://www.haber.ba/lifestyle/hrana-i-pice/910115-par-trikova-za-savrsene-palacinke,csv/Historical-Report-NewsGradient-2022-09-15--2022-09-16.csv,1706
https://www.haber.ba/lifestyle/hrana-i-pice/918466-recept-za-proju-ili-kukuruza-sa-sirom-ukusno-starinsko-jelo,csv/Historical-Report-NewsGradient-2022-09-15--2022-09-16.csv,1850
https://www.haber.ba/vijesti/crna-hronika/923441-zivinice-muskarac-64-poginuo-prilikom-pada-sa-traktora,csv/Historical-Report-NewsGradient-2022-09-15--2022-09-16.csv,1856
https://www.haber.ba/vijesti/923438-dodik-mi-prisluskujemo-americkog-ambasadora,csv/Historical-Report-NewsGradient-2022-09-15--2022-09-16.csv,1906
https://www.haber.ba/vijesti/923428-pranje-sudova-sprecava-infarkt-uobicajene-aktivnosti-lijece-srce-jedna-ce-vas-iznenaditi,csv/Historical-Report-NewsGradient-2022-09-15--2022-09-16.csv,2059
https://www.haber.ba/vijesti/923426-ahmed-sehoic-iz-kacuna-krece-na-hadz-pjeske,csv/Historical-Report-NewsGradient-2022-09-15--2022-09-16.csv,2111
https://www.haber.ba/vijesti/svijet/923421-izbor-koji-je-izazvao-pitanja-zasto-je-kraljicu-na-posljednji-pocinak-odvezao-mercedes,csv/Historical-Report-NewsGradient-2022-09-15--2022-09-16.csv,2127
https://www.haber.ba/vijesti/svijet/923418-tip-koji-tvrdi-da-je-sin-charlesa-i-camille-trazit-ce-ih-da-idu-na-dna-test,csv/Historical-Report-NewsGradient-2022-09-15--2022-09-16.csv,2177
https://www.haber.ba/vijesti/svijet/923408-predsjednik-zelenski-se-obratio-nakon-nesrece,csv/Historical-Report-NewsGradient-2022-09-15--2022-09-16.csv,2232
https://www.haber.ba/vijesti/svijet/923406-zelenski-u-kijevu-dozivio-saobracajnu-nesrecu,csv/Historical-Report-NewsGradient-2022-09-15--2022-09-16.csv,2251
https://www.haber.ba/zanimljivosti/svastara/807329-potvrdilo-500-parova-koliko-stvarno-traje-vodjenje-ljubavi-u-duzim-vezama,csv/Historical-Report-NewsGradient-2022-09-16--2022-09-17.csv,62
https://www.haber.ba/lifestyle/zdravlje/910112-evo-sta-se-dogadja-s-vasim-tijelom-ako-mjesec-dana-pijete-sirce,csv/Historical-Report-NewsGradient-2022-09-17--2022-09-18.csv,34
https://www.haber.ba/lifestyle/hrana-i-pice/914049-zdravstvene-prednosti-paprika,csv/Historical-Report-NewsGradient-2022-09-17--2022-09-18.csv,50
https://www.haber.ba/zanimljivosti/svastara/886688-horoskopski-znaci-koji-se-privlace-a-trebalo-bi-da-se-ne-podnose,csv/Historical-Report-NewsGradient-2022-09-17--2022-09-18.csv,75
https://www.haber.ba/lifestyle/zdravlje/910767-otoci-povrede-cukljevi-sta-ortopedi-misle-o-visokim-stiklama,csv/Historical-Report-NewsGradient-2022-09-17--2022-09-18.csv,106
https://www.haber.ba/sci-tech/nauka/914056-izlozenost-stresu-mijenja-nacin-na-koji-govorimo,csv/Historical-Report-NewsGradient-2022-09-17--2022-09-18.csv,140
https://www.haber.ba/zanimljivosti/svastara/888808-lav-ribe-i-skorpija-ne-prezaju-da-povrijede-druge-da-bi-udovoljili-svojim-potrebama,csv/Historical-Report-NewsGradient-2022-09-17--2022-09-18.csv,180
https://www.haber.ba/zanimljivosti/svastara/910770-ljekovite-biljke-koje-morate-da-imate-u-kuci-one-pomazu-u-svakoj-situaciji,csv/Historical-Report-NewsGradient-2022-09-17--2022-09-18.csv,222
https://www.haber.ba/lifestyle/hrana-i-pice/915690-namirnice-koje-mogu-smanjiti-nivo-hormona-stresa,csv/Historical-Report-NewsGradient-2022-09-17--2022-09-18.csv,258
https://www.haber.ba/zanimljivosti/svastara/892215-horoskopski-znakovi-kojima-nijedna-veza-ne-traje,csv/Historical-Report-NewsGradient-2022-09-17--2022-09-18.csv,294
https://www.haber.ba/zanimljivosti/svastara/890799-ljudi-koji-su-rodjeni-u-ova-4-znaka-horoskopa-su-sebicni-budite-na-oprezu,csv/Historical-Report-NewsGradient-2022-09-17--2022-09-18.csv,295
https://www.haber.ba/lifestyle/moda-i-ljepota/911580-je-li-vasa-koza-pod-stresom-evo-kako-se-nositi-s-problemom,csv/Historical-Report-NewsGradient-2022-09-17--2022-09-18.csv,338
https://www.haber.ba/lifestyle/hrana-i-pice/917658-evo-zasto-je-dobro-da-sljive-uvrstite-u-vasu-ishranu,csv/Historical-Report-NewsGradient-2022-09-17--2022-09-18.csv,380
https://www.haber.ba/zanimljivosti/svastara/896561-cega-se-najvise-plasite-u-zivotu-horoskop-otkriva-najvece-fobije-svakog-znaka-2,csv/Historical-Report-NewsGradient-2022-09-17--2022-09-18.csv,433
https://www.haber.ba/lifestyle/zdravlje/917748-ako-bolujete-od-ovih-bolesti-morate-izbjegavati-crni-luk,csv/Historical-Report-NewsGradient-2022-09-17--2022-09-18.csv,533
https://www.haber.ba/zanimljivosti/svastara/910761-sirotani-kod-njih-nemaju-prolaz-5-najvecih-sponzorusa-zodijaka,csv/Historical-Report-NewsGradient-2022-09-17--2022-09-18.csv,571
https://www.haber.ba/lifestyle/zdravlje/911586-bijeli-luk-kao-najbolji-prirodni-antibiotik,csv/Historical-Report-NewsGradient-2022-09-17--2022-09-18.csv,616
https://www.haber.ba/vijesti/923825-parada-ponosa-ce-ipak-biti-odrzana-u-beogradu,csv/Historical-Report-NewsGradient-2022-09-17--2022-09-18.csv,774
https://www.haber.ba/lifestyle/hrana-i-pice/923785-nikad-mekse-krofne-punjene-cokoladom-pune-fila-koji-curi-kada-zagrizete-pojescete-u-slast-videohttps://www.haber.ba/lifestyle/hrana-i-pice/923785-nikad-mekse-krofne-punjene-cokoladom-pune-fila-koji-curi-kada-zagrizete-pojescete-u-slast-video,csv/Historical-Report-NewsGradient-2022-09-17--2022-09-18.csv,1104
https://www.haber.ba/zanimljivosti/svastara/923715-najveci-manipulatori-horoskopa-su-rodjeni-u-ova-3-znaka-da-li-ste-na-spiskuhttps://www.haber.ba/zanimljivosti/svastara/923715-najveci-manipulatori-horoskopa-su-rodjeni-u-ova-3-znaka-da-li-ste-na-spisku,csv/Historical-Report-NewsGradient-2022-09-17--2022-09-18.csv,1245
https://www.haber.ba/lifestyle/zdravlje/923778-boli-vas-glava-lose-ste-spavali-oglasili-se-ljekari-iz-hitne-pomoci-evo-na-sta-upozoravajuhttps://www.haber.ba/lifestyle/zdravlje/923778-boli-vas-glava-lose-ste-spavali-oglasili-se-ljekari-iz-hitne-pomoci-evo-na-sta-upozoravaju,csv/Historical-Report-NewsGradient-2022-09-17--2022-09-18.csv,1264
https://www.haber.ba/zanimljivosti/svastara/847220-voditi-ljubav-od-nepune-dvije-minute-je-norma-za-cak-43-posto-parova,csv/Historical-Report-NewsGradient-2022-09-17--2022-09-18.csv,1735
https://www.haber.ba/lifestyle/zdravlje/915323-zasto-zenama-treba-vise-sna-nego-muskarcima-2,csv/Historical-Report-NewsGradient-2022-09-18--2022-09-19.csv,894
https://www.haber.ba/zanimljivosti/svastara/824122-bajkovita-astrologija-koji-ste-znak-u-diznijevom-horoskopu,csv/Historical-Report-NewsGradient-2022-09-18--2022-09-19.csv,934
https://www.haber.ba/zanimljivosti/svastara/908533-razbijte-rutinu-dva-nacina-da-osvjezite-vezu,csv/Historical-Report-NewsGradient-2022-09-18--2022-09-19.csv,971
https://www.haber.ba/lifestyle/moda-i-ljepota/914913-ukoliko-imate-osjetljivu-i-ostecenu-kozu-probajte-ovu-namirnicu-otklanja-i-ekceme-ali-i-smanjuje-pojavu-bora,csv/Historical-Report-NewsGradient-2022-09-18--2022-09-19.csv,1015
https://www.haber.ba/lifestyle/hrana-i-pice/918077-zasto-u-suhom-vocu-ima-vise-secera-nego-u-svjezem,csv/Historical-Report-NewsGradient-2022-09-18--2022-09-19.csv,1250
https://www.haber.ba/zanimljivosti/svastara/715781-tri-horoskopska-znaka-koja-ce-vas-povrijediti-svojom-dvolicnoscu,csv/Historical-Report-NewsGradient-2022-09-18--2022-09-19.csv,1525
https://www.haber.ba/zanimljivosti/svastara/912262-10-znakova-da-ste-vi-zapravo-problem-u-vasoj-vezi,csv/Historical-Report-NewsGradient-2022-09-18--2022-09-19.csv,1569
https://www.haber.ba/lifestyle/hrana-i-pice/919175-ledena-puding-pita,csv/Historical-Report-NewsGradient-2022-09-19--2022-09-20.csv,611
https://www.haber.ba/lifestyle/zdravlje/900284-ovo-su-znakovi-koji-ukazuju-na-nedostatak-cinka,csv/Historical-Report-NewsGradient-2022-09-20--2022-09-21.csv,47
https://www.haber.ba/lifestyle/zdravlje/907424-ove-navike-jacaju-mentalno-zdravlje-2,csv/Historical-Report-NewsGradient-2022-09-20--2022-09-21.csv,54
https://www.haber.ba/lifestyle/hrana-i-pice/910928-sta-se-tacno-desava-vasem-tijelu-kad-pojedete-konzervu-tunjevine-razmislite-ubuduce,csv/Historical-Report-NewsGradient-2022-09-20--2022-09-21.csv,78
https://www.haber.ba/zanimljivosti/svastara/920705-predivni-ljudi-cetiri-horoskopska-znaka-koja-je-najlakse-voljeti,csv/Historical-Report-NewsGradient-2022-09-20--2022-09-21.csv,106
https://www.haber.ba/lifestyle/hrana-i-pice/908206-ako-se-pridrzavate-ova-cetiri-savjeta-mozete-mrsavjeti-i-kad-jedete-slatko,csv/Historical-Report-NewsGradient-2022-09-20--2022-09-21.csv,142
https://www.haber.ba/lifestyle/hrana-i-pice/835075-mrak-Recept,csv/Historical-Report-NewsGradient-2022-09-20--2022-09-21.csv,1232
https://www.haber.ba/vijesti/politika/924194-necemo-nikome-dopustiti-da-usutkuje-nas-narod-da-mu-zabrani-selam-i-utisa-ezan-share,csv/Historical-Report-NewsGradient-2022-09-20--2022-09-21.csv,1270
https://www.haber.ba/lifestyle/hrana-i-pice/885341-namirnice-koje-snizavaju-nivo-loseg-holesterola,csv/Historical-Report-NewsGradient-2022-09-21--2022-09-22.csv,1057
https://www.haber.ba/zanimljivosti/svastara/797442-najdosljedniji-znak-u-zodijaku,csv/Historical-Report-NewsGradient-2022-09-21--2022-09-22.csv,1110
https://www.haber.ba/lifestyle/zdravlje/906315-trik-kojim-cete-se-rijesiti-neugodnih-mirisa-u-unutrasnjosti-frizidera,csv/Historical-Report-NewsGradient-2022-09-21--2022-09-22.csv,1156
https://www.haber.ba/lifestyle/hrana-i-pice/909298-treba-li-jesti-prije-treninga,csv/Historical-Report-NewsGradient-2022-09-23--2022-09-24.csv,59
https://www.haber.ba/zanimljivosti/svastara/918047-horoskopski-znaci-koji-se-bore-sa-ljubomorom,csv/Historical-Report-NewsGradient-2022-09-23--2022-09-24.csv,88
https://www.haber.ba/zanimljivosti/svastara/884675-uspjeh-im-je-zagarantovan-ova-3-horoskopska-znaka-rodjena-su-da-promijene-svijet,csv/Historical-Report-NewsGradient-2022-09-23--2022-09-24.csv,131
https://www.haber.ba/lifestyle/zdravlje/904268-ovu-opasnu-tabletu-uzimaju-mnogi-i-tako-rizikuje-zivot-ljekari-otkrili-koja-je-najbolja-zamjena,csv/Historical-Report-NewsGradient-2022-09-23--2022-09-24.csv,132
https://www.haber.ba/vijesti/924713-zmajevi-savladali-crnu-goru-i-plasirali-se-u-elitni-rang-lige-nacija,csv/Historical-Report-NewsGradient-2022-09-23--2022-09-24.csv,167
https://www.haber.ba/lifestyle/hrana-i-pice/912131-ove-vrste-povrca-su-lose-za-stitnu-zlijezdu,csv/Historical-Report-NewsGradient-2022-09-23--2022-09-24.csv,186
https://www.haber.ba/lifestyle/zdravlje/920177-prepoznajte-znakove-slabog-imuniteta,csv/Historical-Report-NewsGradient-2022-09-23--2022-09-24.csv,224
https://www.haber.ba/lifestyle/hrana-i-pice/904298-3-namirnice-za-brzi-metabolizam,csv/Historical-Report-NewsGradient-2022-09-23--2022-09-24.csv,258
https://www.haber.ba/lifestyle/zdravlje/916491-evo-sta-se-desava-s-tijelom-ako-svaki-dan-trcite-pet-km,csv/Historical-Report-NewsGradient-2022-09-23--2022-09-24.csv,293
https://www.haber.ba/zanimljivosti/svastara/889703-njima-nista-nije-tesko-i-rijetko-kad-odmaraju-ovo-su-tri-najvrjednija-horoskopska-znaka,csv/Historical-Report-NewsGradient-2022-09-23--2022-09-24.csv,341
https://www.haber.ba/vijesti/924694-abas-u-un-u-izrael-pokusava-unistiti-dvodrzavno-rjesenje,csv/Historical-Report-NewsGradient-2022-09-23--2022-09-24.csv,361
https://www.haber.ba/lifestyle/hrana-i-pice/904301-trebamo-li-prati-jabuke-prije-konzumacije-evo-konacnog-odgovora,csv/Historical-Report-NewsGradient-2022-09-23--2022-09-24.csv,384
https://www.haber.ba/lifestyle/moda-i-ljepota/916503-uz-ovaj-trik-necete-nikad-kupiti-pogresnu-nijansu-pudera,csv/Historical-Report-NewsGradient-2022-09-23--2022-09-24.csv,434
https://www.haber.ba/zanimljivosti/svastara/894294-najbolji-momci-za-ozbiljnu-vezu-rodjeni-su-ova-4-znaka,csv/Historical-Report-NewsGradient-2022-09-23--2022-09-24.csv,486
https://www.haber.ba/lifestyle/hrana-i-pice/906381-jedna-od-najstarijih-osoba-na-svijetu-svakoga-dana-jela-je-isti-dorucak-evo-i-koji,csv/Historical-Report-NewsGradient-2022-09-23--2022-09-24.csv,543
https://www.haber.ba/lifestyle/zdravlje/775557-zlatno-mlijeko-lijeci-prehladu-pomaze-u-detoksikaciji-i-topi-kilograme-priprema-se-od-cetiri-sastojka,csv/Historical-Report-NewsGradient-2022-09-24--2022-09-25.csv,899
https://www.haber.ba/lifestyle/hrana-i-pice/893329-koje-tacno-ugljene-hidrate-mozete-jesti-ako-ste-na-dijeti,csv/Historical-Report-NewsGradient-2022-09-24--2022-09-25.csv,946
https://www.haber.ba/lifestyle/hrana-i-pice/889718-cokoladne-stanglice-sa-orasima-i-suhim-grozdjem-koje-nestaju-u-trenu,csv/Historical-Report-NewsGradient-2022-09-24--2022-09-25.csv,979
https://www.haber.ba/zanimljivosti/svastara/916532-ovo-su-najdosadniji-horoskopski-znakovi-bez-ljutnje,csv/Historical-Report-NewsGradient-2022-09-24--2022-09-25.csv,1016
https://www.haber.ba/zanimljivosti/svastara/844913-super-trik-sta-uciniti-kad-vam-crvena-majica-oboji-bijeli-ves,csv/Historical-Report-NewsGradient-2022-09-24--2022-09-25.csv,1058
https://www.haber.ba/lifestyle/hrana-i-pice/890104-osvjezavajuci-cokoladni-koac-sa-bananama-keks-koristite-umjesto-kore-i-poslastica-je-spremna-za-tili-cas,csv/Historical-Report-NewsGradient-2022-09-24--2022-09-25.csv,1092
https://www.haber.ba/vijesti/924811-tuzne-vijesti-iz-bih-preminula-20-godisnja-lejla-suljic,csv/Historical-Report-NewsGradient-2022-09-24--2022-09-25.csv,1098
https://www.haber.ba/lifestyle/zdravlje/916590-11-simptoma-koji-ukazuju-na-crijevne-bolesti,csv/Historical-Report-NewsGradient-2022-09-24--2022-09-25.csv,1138
https://www.haber.ba/vijesti/849378-najzdraviji-nacin-da-skuhate-kafu-i-produzite-sebi-zivot,csv/Historical-Report-NewsGradient-2022-09-24--2022-09-25.csv,1177
https://www.haber.ba/lifestyle/hrana-i-pice/895524-sok-od-tri-namirnice-koji-smanjuje-osjecaj-gladi,csv/Historical-Report-NewsGradient-2022-09-24--2022-09-25.csv,1214
https://www.haber.ba/zanimljivosti/svastara/919723-6-vidljivih-fizickih-znakova-prejedanja,csv/Historical-Report-NewsGradient-2022-09-24--2022-09-25.csv,1257
https://www.haber.ba/zanimljivosti/svastara/824849-umivajte-se-pivom-sedam-dana-ovo-ce-biti-rezultati-2,csv/Historical-Report-NewsGradient-2022-09-24--2022-09-25.csv,1312
https://www.haber.ba/lifestyle/zdravlje/860164-uzmite-zelatin-protiv-boloa-u-ledjima-vratu-nogama-rukama-i-vrlo-brzo-cete-osjetiti-poboljsanje,csv/Historical-Report-NewsGradient-2022-09-24--2022-09-25.csv,1347
https://www.haber.ba/zanimljivosti/svastara/825277-evo-zasto-vam-se-kvari-perilica-rublja-ove-stvari-bas-nikada-ne-bi-smjele-zavrsiti-u-perilici,csv/Historical-Report-NewsGradient-2022-09-24--2022-09-25.csv,1439
https://www.haber.ba/lifestyle/hrana-i-pice/918415-evo-zbog-cega-ne-biste-trebali-sodu-bikarbonu-koristiti-umjesto-praska-za-pecivo,csv/Historical-Report-NewsGradient-2022-09-24--2022-09-25.csv,1485
https://www.haber.ba/zanimljivosti/svastara/825221-ovaj-dio-tijela-nikada-ne-biste-trebali-brijati,csv/Historical-Report-NewsGradient-2022-09-24--2022-09-25.csv,1574
https://www.haber.ba/lifestyle/hrana-i-pice/893351-riba-koju-uvijek-kupujemo-je-najopasnija-po-zdravlje-nemate-pojma-sta-sadrzi-u-sebi,csv/Historical-Report-NewsGradient-2022-09-24--2022-09-25.csv,1677
https://www.haber.ba/lifestyle/moda-i-ljepota/924398-ovo-je-frizura-koja-je-osvojila-instagram-ove-jeseni-bila-je-popularna-70-i,csv/Historical-Report-NewsGradient-2022-09-25--2022-09-26.csv,203
https://www.haber.ba/zanimljivosti/svastara/732692-lijepe-spolja-i-iznutra-zene-rodjene-u-ova-3-horoskopska-znaka-posebno-zrace-i-neodoljive-su-muskom-rodu,csv/Historical-Report-NewsGradient-2022-09-26--2022-09-27.csv,55
https://www.haber.ba/lifestyle/hrana-i-pice/914468-cetiri-dorucka-koji-skidaju-salo-sa-stomaka-i-usporavaju-starenje,csv/Historical-Report-NewsGradient-2022-09-26--2022-09-27.csv,76
https://www.haber.ba/lifestyle/hrana-i-pice/883327-domaci-sir-i-surutka-od-3-sastojka-brzo-i-jednostavno-u-kucnim-uslovima-napravite-omiljeni-mlijecni-proizvod,csv/Historical-Report-NewsGradient-2022-09-26--2022-09-27.csv,110
https://www.haber.ba/zanimljivosti/svastara/732758-horoskop-nam-otkriva-da-li-ste-znali-cime-odbijate-ljude-oko-sebe,csv/Historical-Report-NewsGradient-2022-09-26--2022-09-27.csv,155
https://www.haber.ba/lifestyle/hrana-i-pice/779769-recept-za-jednostavno-i-ukusno-jelo-zapeceno-mljeveno-meso-s-pire-krompirom,csv/Historical-Report-NewsGradient-2022-09-26--2022-09-27.csv,244
https://www.haber.ba/zanimljivosti/svastara/733673-najvazniji-zivotni-principi-horoskopskih-znakova-biku-je-hrana-svetinja-blizancima-prijatelji-a-rakovima,csv/Historical-Report-NewsGradient-2022-09-26--2022-09-27.csv,288
https://www.haber.ba/lifestyle/moda-i-ljepota/917235-preporuka-dermatologa-idealna-temperatura-vode-za-umivanje,csv/Historical-Report-NewsGradient-2022-09-26--2022-09-27.csv,340
https://www.haber.ba/lifestyle/hrana-i-pice/914472-kefir-je-odlican-za-zdravlje-otkrijte-zasto,csv/Historical-Report-NewsGradient-2022-09-26--2022-09-27.csv,344
https://www.haber.ba/lifestyle/hrana-i-pice/891028-brza-napoleon-torta-od-3-sastojka-jednostavna-verzija-popularnog-deserta-jednako-hrskava-i-kremasta,csv/Historical-Report-NewsGradient-2022-09-26--2022-09-27.csv,380
https://www.haber.ba/zanimljivosti/svastara/718582-11-najboljih-ljubavnih-kombinacija-horoskopski-znakovi-koji-su-stvoreni-jedno-za-drugo,csv/Historical-Report-NewsGradient-2022-09-26--2022-09-27.csv,441
https://www.haber.ba/lifestyle/zdravlje/918061-kratak-san-ugrozava-zdravlje-za-15-posto,csv/Historical-Report-NewsGradient-2022-09-26--2022-09-27.csv,490
https://www.haber.ba/lifestyle/hrana-i-pice/916003-krompir-snizava-pritisak-i-odrzava-vitkost,csv/Historical-Report-NewsGradient-2022-09-26--2022-09-27.csv,491
https://www.haber.ba/lifestyle/hrana-i-pice/891955-brzi-kolac-sa-visnjama-od-5-sastojaka-smjesu-samo-izlijete-i-pecete-ocas-posla-a-podsjeca-na-djetinjstvo,csv/Historical-Report-NewsGradient-2022-09-26--2022-09-27.csv,550
https://www.haber.ba/zanimljivosti/svastara/719822-3-najinteligentnija-horoskopska-znaka,csv/Historical-Report-NewsGradient-2022-09-26--2022-09-27.csv,582
https://www.haber.ba/lifestyle/zdravlje/918411-detoks-napitak-od-kog-ce-vam-celulit-nestati,csv/Historical-Report-NewsGradient-2022-09-26--2022-09-27.csv,633
https://www.haber.ba/lifestyle/hrana-i-pice/895172-palacinke-od-tikvica,csv/Historical-Report-NewsGradient-2022-09-26--2022-09-27.csv,678
https://www.haber.ba/zanimljivosti/svastara/720745-tri-horoskopska-znaka-koja-nemaju-srece-u-vezama,csv/Historical-Report-NewsGradient-2022-09-26--2022-09-27.csv,736
https://www.haber.ba/lifestyle/zdravlje/919611-4-vitamina-koja-su-najkorisnija-za-imunitet,csv/Historical-Report-NewsGradient-2022-09-26--2022-09-27.csv,787
https://www.haber.ba/lifestyle/hrana-i-pice/900198-uz-pomoc-napitka-od-ova-tri-sastojka-smanjujete-osjecaj-gladi-i-poticete-mrsavljenje,csv/Historical-Report-NewsGradient-2022-09-26--2022-09-27.csv,843
https://www.haber.ba/zanimljivosti/svastara/713587-razotkriveni-strahovi-svakog-horoskopskog-znaka-astrologija-otkriva-cega-se-najvise-plasimo,csv/Historical-Report-NewsGradient-2022-09-26--2022-09-27.csv,891
https://www.haber.ba/lifestyle/zdravlje/921259-koliko-cesto-treba-mijenjati-cetkicu-za-zube-2,csv/Historical-Report-NewsGradient-2022-09-26--2022-09-27.csv,935
https://www.haber.ba/lifestyle/hrana-i-pice/917729-musaka-u-besamel-sosu-fantasticna-je,csv/Historical-Report-NewsGradient-2022-09-26--2022-09-27.csv,980
https://www.haber.ba/zanimljivosti/svastara/713932-prevarit-ce-vas-bez-razmisljanja-ovi-horoskopski-znaci-su-skloni-varanju-u-vezama,csv/Historical-Report-NewsGradient-2022-09-26--2022-09-27.csv,1033
https://www.haber.ba/vijesti/925023-zasto-su-mandarine-dobre-za-zdravlje,csv/Historical-Report-NewsGradient-2022-09-26--2022-09-27.csv,2148
https://www.haber.ba/vijesti/svijet/925277-vise-od-sto-hiljada-rusa-od-mobilizacije-pobjeglo-u-kazahsta,csv/Historical-Report-NewsGradient-2022-09-27--2022-09-28.csv,620
https://www.haber.ba/lifestyle/hrana-i-pice/911579-zasto-je-dobar-mlai-luk,csv/Historical-Report-NewsGradient-2022-09-27--2022-09-28.csv,886
https://www.haber.ba/zanimljivosti/svastara/776932-tri-najnepodnosljivija-horoskopska-znaka,csv/Historical-Report-NewsGradient-2022-09-27--2022-09-28.csv,942
https://www.haber.ba/lifestyle/moda-i-ljepota/907140-koja-boja-je-najbolja-za-tanku-i-rijetku-kosu,csv/Historical-Report-NewsGradient-2022-09-27--2022-09-28.csv,990
https://www.haber.ba/lifestyle/hrana-i-pice/911582-sumnjate-na-intoleranciju-na-gluten-ova-dva-simptoma-na-licu-ce-vam-to-potvrditi,csv/Historical-Report-NewsGradient-2022-09-27--2022-09-28.csv,1035
https://www.haber.ba/zanimljivosti/svastara/767338-koji-znakovi-najlakse-oprastaju-prevaru,csv/Historical-Report-NewsGradient-2022-09-27--2022-09-28.csv,1086
https://www.haber.ba/lifestyle/hrana-i-pice/907835-zasto-banane-bzo-potamne,csv/Historical-Report-NewsGradient-2022-09-27--2022-09-28.csv,1129
https://www.haber.ba/lifestyle/hrana-i-pice/911587-mrkva-pospjesuje-zdravlje-koze-ociju-probave-i-kostiju,csv/Historical-Report-NewsGradient-2022-09-27--2022-09-28.csv,1180
https://www.haber.ba/zanimljivosti/svastara/767770-pripadnici-tri-horoskopska-znaka-nikada-ne-odustaju,csv/Historical-Report-NewsGradient-2022-09-27--2022-09-28.csv,1230
https://www.haber.ba/lifestyle/zdravlje/909291-4-nacina-da-ishranom-izlijecite-bol-u-grlu,csv/Historical-Report-NewsGradient-2022-09-27--2022-09-28.csv,1276
https://www.haber.ba/lifestyle/hrana-i-pice/912130-zasto-smo-ljuti-kada-smo-gladni,csv/Historical-Report-NewsGradient-2022-09-27--2022-09-28.csv,1322
https://www.haber.ba/zanimljivosti/svastara/765323-5-najstidljivijih-horoskopskih-znakova,csv/Historical-Report-NewsGradient-2022-09-27--2022-09-28.csv,1372
https://www.haber.ba/lifestyle/hrana-i-pice/910114-ovo-voce-bi-ste-trebali-jesti-svaki-dan,csv/Historical-Report-NewsGradient-2022-09-27--2022-09-28.csv,1432
https://www.haber.ba/lifestyle/zdravlje/912417-5-simptoma-hipertenzije,csv/Historical-Report-NewsGradient-2022-09-27--2022-09-28.csv,1478
https://www.haber.ba/zanimljivosti/svastara/762939-koja-zanimanja-najvise-odgovaraju-horoskopskim-znacima,csv/Historical-Report-NewsGradient-2022-09-27--2022-09-28.csv,1534
https://www.haber.ba/lifestyle/zdravlje/910389-moze-li-bijeli-sum-pomoci-i-odraslima-kod-nesanice,csv/Historical-Report-NewsGradient-2022-09-27--2022-09-28.csv,1587
https://www.haber.ba/lifestyle/zdravlje/915759-ova-tri-zacina-ciste-pluca-pusacima,csv/Historical-Report-NewsGradient-2022-09-27--2022-09-28.csv,1631
https://www.haber.ba/lifestyle/moda-i-ljepota/914148-tiktok-trik-za-nanosenje-rumenila,csv/Historical-Report-NewsGradient-2022-09-27--2022-09-28.csv,1634
https://www.haber.ba/zanimljivosti/svastara/744628-horoskop-pripadnici-ovih-horoskopskih-znakova-nemaju-srece-u-ljubavi,csv/Historical-Report-NewsGradient-2022-09-27--2022-09-28.csv,1686
https://www.haber.ba/lifestyle/hrana-i-pice/910393-insulin-dijeta-jedini-nacin-ishrane-koji-zauvijek-skida-visak-kilograma,csv/Historical-Report-NewsGradient-2022-09-27--2022-09-28.csv,1753
https://www.haber.ba/zanimljivosti/svastara/915761-najgora-nocna-mora-sta-zaista-znaci-ako-sanjate-da-vam-ispadaju-zubi,csv/Historical-Report-NewsGradient-2022-09-27--2022-09-28.csv,1798
https://www.haber.ba/zanimljivosti/svastara/734432-ovo-su-najveci-strahovi-horoskopskih-znakova-a-evo-koliko-su-realni,csv/Historical-Report-NewsGradient-2022-09-27--2022-09-28.csv,1859
https://www.haber.ba/lifestyle/hrana-i-pice/911578-5-najvaznjih-razloga-da-u-ishrani-koristite-tikvice,csv/Historical-Report-NewsGradient-2022-09-27--2022-09-28.csv,1905
https://www.haber.ba/lifestyle/moda-i-ljepota/916477-koju-hranu-je-najbolje-jesti-kako-biste-imali-blistavu-i-zdravu-kozu,csv/Historical-Report-NewsGradient-2022-09-27--2022-09-28.csv,1954
https://www.haber.ba/vijesti/region/925417-ebrd-smanjio-prognozu-rasta-bdp-a-srbije-u-2023-za-0-7-postohttps://www.haber.ba/vijesti/region/925417-ebrd-smanjio-prognozu-rasta-bdp-a-srbije-u-2023-za-0-7-posto,csv/Historical-Report-NewsGradient-2022-09-28--2022-09-29.csv,417
https://www.haber.ba/lifestyle/zdravlje/895618-koje-namirnice-mogu-da-budu-krive-za-ispucale-usne,csv/Historical-Report-NewsGradient-2022-09-29--2022-09-30.csv,45
https://www.haber.ba/lifestyle/zdravlje/890670-evo-sta-ce-se-desiti-vasem-tijelu-ako-naglo-prestanete-piti-kafu,csv/Historical-Report-NewsGradient-2022-09-29--2022-09-30.csv,914
https://www.haber.ba/vijesti/bih/925717-prva-reakcija-iz-bih-na-rusku-aneksiju-ukrajine-odbacujemo-odluku-moskve-kao-nistavn,csv/Historical-Report-NewsGradient-2022-09-30--2022-10-01.csv,320
https://www.haber.ba/lifestyle/hrana-i-pice/920702-ukusnije-od-cipsa-priprema-krompira-na-ovaj-nacin-postat-ce-vam-omiljena,csv/Historical-Report-NewsGradient-2022-09-30--2022-10-01.csv,1371
https://www.haber.ba/lifestyle/zdravlje/830306-sta-je-fibromialgija-gadna-bolest-koja-moze-dovesti-do-velikih-problema,csv/Historical-Report-NewsGradient-2022-09-30--2022-10-01.csv,1682
https://www.haber.ba/showbiz/estrada/925846-bomba-jelena-karleusa-objavila-provokativan-snimak-u-vrelom-Sve,csv/Historical-Report-NewsGradient-2022-10-01--2022-10-02.csv,169
https://www.haber.ba/vijesti/region/925838-objavljeni-detalji-oko-gradnje-peljeskog-mosta-evo-koliko-je-vozila-proslo-u-dva-mjeseca-share,csv/Historical-Report-NewsGradient-2022-10-01--2022-10-02.csv,380
https://www.haber.ba/vijesti/925813-erdogan-ponovo-prijeti-da-ce-blokirati-pristup-svedske-i-finske-nato-uhttps://www.haber.ba/vijesti/925813-erdogan-ponovo-prijeti-da-ce-blokirati-pristup-svedske-i-finske-nato-u,csv/Historical-Report-NewsGradient-2022-10-01--2022-10-02.csv,652
https://www.haber.ba/vijesti/926051-novi-presjek-becirovic-ima-skoro-48-hiljada-glasova-prednosti-ispred-izetbegovica,csv/Historical-Report-NewsGradient-2022-10-02--2022-10-03.csv,748
https://www.haber.ba/vijesti/926047-prema-dosadasnjim-informacijama-ovo-je-trenutni-izgled-predsjednisva,csv/Historical-Report-NewsGradient-2022-10-02--2022-10-03.csv,810
https://www.haber.ba/vijesti/926045-becirovic-ubjedljivo-vodi-mozemo-slobodno-reci-da-ce-nas-kandidat-denis-becirovic-biti-buduci-clan-predsjednistva-bih,csv/Historical-Report-NewsGradient-2022-10-02--2022-10-03.csv,873
https://www.haber.ba/vijesti/926038-novi-presjek-stanja-denis-becirovic-preuzeo-prednost-u-odnosu-na-bakira-izetbegovica,csv/Historical-Report-NewsGradient-2022-10-02--2022-10-03.csv,993
https://www.haber.ba/vijesti/925997-do-15-sati-u-bih-glasao-1-164-261-birac,csv/Historical-Report-NewsGradient-2022-10-02--2022-10-03.csv,1594
