https://www.jabuka.tv/aktivisti-u-cak-devet-drzava-ispuhali-gume-na-rekordnom-broju-vozila,csv/Historical-Report-NewsGradient-2022-09-02--2022-09-09.csv,59
https://www.jabuka.tv/vinska-cesta-hercegovine-primljena-u-kulturnu-rutu-vijeca-europe,csv/Historical-Report-NewsGradient-2022-09-02--2022-09-09.csv,126
https://www.jabuka.tv/sjajna-hrvatska-u-finalu-europskog-prvenstva,csv/Historical-Report-NewsGradient-2022-09-02--2022-09-09.csv,223
https://www.jabuka.tv/erdogan-nikad-nismo-odvajali-mostar-od-rizea,csv/Historical-Report-NewsGradient-2022-09-02--2022-09-09.csv,307
https://www.jabuka.tv/charles-novi-britanski-kralj-krenule-operacije-jednorog-i-londonski-most,csv/Historical-Report-NewsGradient-2022-09-02--2022-09-09.csv,436
https://www.jabuka.tv/preminula-kraljica-elizabeta-ii,csv/Historical-Report-NewsGradient-2022-09-02--2022-09-09.csv,597
https://www.jabuka.tv/na-23-mediteran-film-festivalu-natjecat-ce-se-20-dokumentaraca,csv/Historical-Report-NewsGradient-2022-09-02--2022-09-09.csv,701
https://www.jabuka.tv/horde-zla-najavile-derbi-i-sirokom-brijegu-promijenile-ime,csv/Historical-Report-NewsGradient-2022-09-02--2022-09-09.csv,833
https://www.jabuka.tv/prije-tocno-21-godinu-evo-kako-je-gospin-kip-postavljen-na-brdo-ukazanja,csv/Historical-Report-NewsGradient-2022-09-02--2022-09-09.csv,896
https://www.jabuka.tv/hrvatska-pobijedila-ukrajinu-i-vjerojatno-izbjegla-srbiju,csv/Historical-Report-NewsGradient-2022-09-02--2022-09-09.csv,1001
https://www.jabuka.tv/kupnjom-slikovnice-mala-iva-u-carstvu-stiva-pomazete-prvoj-osnovnoj-skoli,csv/Historical-Report-NewsGradient-2022-09-02--2022-09-09.csv,1140
https://www.jabuka.tv/zoran-milanovic-sljedeci-tjedan-dolazi-u-bih,csv/Historical-Report-NewsGradient-2022-09-02--2022-09-09.csv,1255
https://www.jabuka.tv/potrosacka-kosarica-poskupjela-za-232-km,csv/Historical-Report-NewsGradient-2022-09-02--2022-09-09.csv,1371
https://www.jabuka.tv/erdogan-nije-zadovoljan-daytonom-milanovic-istice-da-je-napravio-sto-je-mogao,csv/Historical-Report-NewsGradient-2022-09-02--2022-09-09.csv,1481
https://www.jabuka.tv/po-prvi-put-mostar-ce-ugostiti-festival-zanimljive-hrane-mo-ba,csv/Historical-Report-NewsGradient-2022-09-02--2022-09-09.csv,1581
https://www.jabuka.tv/skola-matematike-matka-vrsi-upis-novih-clanova,csv/Historical-Report-NewsGradient-2022-09-02--2022-09-09.csv,1692
https://www.jabuka.tv/preminuo-ljubusak-kojeg-je-pretukao-zet,csv/Historical-Report-NewsGradient-2022-09-02--2022-09-09.csv,1860
https://www.jabuka.tv/ax-soling-ustedite-i-do-300-km,csv/Historical-Report-NewsGradient-2022-09-02--2022-09-09.csv,1881
https://www.jabuka.tv/muskarac-ranjen-u-pucnjavi-u-mostaru-skrivio-prometnu-nesrecu,csv/Historical-Report-NewsGradient-2022-09-02--2022-09-09.csv,1995
https://www.jabuka.tv/stizu-nam-oblaci-i-kisa,csv/Historical-Report-NewsGradient-2022-09-02--2022-09-09.csv,2086
https://www.jabuka.tv/perisic-asistirao-u-pobjedi-protiv-tudorovog-marseillea,csv/Historical-Report-NewsGradient-2022-09-02--2022-09-09.csv,2393
https://www.jabuka.tv/sluzbeno-stjepan-loncar-ima-novi-klub,csv/Historical-Report-NewsGradient-2022-09-02--2022-09-09.csv,2422
https://www.jabuka.tv/u-peppu-pig-stigao-junak-koji-ima-dvije-mame,csv/Historical-Report-NewsGradient-2022-09-02--2022-09-09.csv,2461
https://www.jabuka.tv/predstavljen-novi-iphone-14,csv/Historical-Report-NewsGradient-2022-09-02--2022-09-09.csv,2637
https://www.jabuka.tv/u-pucnjavi-u-mostaru-ranjena-jedna-osoba,csv/Historical-Report-NewsGradient-2022-09-02--2022-09-09.csv,2769
https://www.jabuka.tv/premijera-dokumentarca-o-miroslavu-ciri-blazevicu,csv/Historical-Report-NewsGradient-2022-09-02--2022-09-09.csv,2884
https://www.jabuka.tv/mljekari-u-bih-traze-povecanje-otkupne-cijene-za-50-posto,csv/Historical-Report-NewsGradient-2022-09-02--2022-09-09.csv,2988
https://www.jabuka.tv/zrinjski-u-zaostaloj-utakmici-bolji-od-slobode,csv/Historical-Report-NewsGradient-2022-09-02--2022-09-09.csv,3097
https://www.jabuka.tv/na-podrucju-hnz-inspektori-izrekli-novcane-kazne-u-iznosu-od-29-100-km,csv/Historical-Report-NewsGradient-2022-09-02--2022-09-09.csv,3235
https://www.jabuka.tv/doniraj-i-ti-humanitarna-subota-udruge-mlado-sunce-2,csv/Historical-Report-NewsGradient-2022-09-02--2022-09-09.csv,3361
https://www.jabuka.tv/cak-196-tvrtki-zeli-graditi-tunel-prenj,csv/Historical-Report-NewsGradient-2022-09-02--2022-09-09.csv,3468
https://www.jabuka.tv/barber-shop-puskanovic-raspisuje-natjecaj-za-posao-frizer-za-muskarce,csv/Historical-Report-NewsGradient-2022-09-02--2022-09-09.csv,3591
https://www.jabuka.tv/ipress-d-o-o-siroki-brijeg-trazi-vise-izvrsitelja,csv/Historical-Report-NewsGradient-2022-09-02--2022-09-09.csv,3716
https://www.jabuka.tv/kviz-koliko-dobro-vam-ide-zemljopis,csv/Historical-Report-NewsGradient-2022-09-02--2022-09-09.csv,3860
https://www.jabuka.tv/nova-funkcija-na-google-mapsu-ustedit-ce-vam-gorivo,csv/Historical-Report-NewsGradient-2022-09-02--2022-09-09.csv,3977
https://www.jabuka.tv/u-skb-mostar-izvedene-jos-dvije-kardiokirurske-operacije-na-djecjem-srcu,csv/Historical-Report-NewsGradient-2022-09-02--2022-09-09.csv,4156
https://www.jabuka.tv/siroki-brijeg-policija-kod-citlucanina-pronasla-dvije-vrste-droga,csv/Historical-Report-NewsGradient-2022-09-02--2022-09-09.csv,4272
https://www.jabuka.tv/produzen-pritvor-optuzenom-za-ubojstvo-u-kocerinu,csv/Historical-Report-NewsGradient-2022-09-02--2022-09-09.csv,4403
https://www.jabuka.tv/nastavnici-srednjih-skola-u-zzh-opet-idu-u-generalni-strajk,csv/Historical-Report-NewsGradient-2022-09-02--2022-09-09.csv,4541
https://www.jabuka.tv/posusje-biljezi-blagi-porast-broja-djece-obitelji-se-vracaju-iz-njemacke,csv/Historical-Report-NewsGradient-2022-09-02--2022-09-09.csv,4615
https://www.jabuka.tv/italija-pred-domacim-navijacima-slavila-protiv-hrvatske,csv/Historical-Report-NewsGradient-2022-09-02--2022-09-09.csv,4824
https://www.jabuka.tv/snoop-dogg-osmislio-crtic-za-djecu,csv/Historical-Report-NewsGradient-2022-09-02--2022-09-09.csv,4934
https://www.jabuka.tv/hercegovacke-plantaze-obiluju-grozdem,csv/Historical-Report-NewsGradient-2022-09-02--2022-09-09.csv,4989
https://www.jabuka.tv/dinamo-srusio-chelsea,csv/Historical-Report-NewsGradient-2022-09-02--2022-09-09.csv,5116
https://www.jabuka.tv/evo-koliko-je-dinamo-zaradio-pobjedom-protiv-chelseaja,csv/Historical-Report-NewsGradient-2022-09-02--2022-09-09.csv,5117
https://www.jabuka.tv/na-racune-gradova-i-opcina-u-fbih-legla-32-milijuna-km,csv/Historical-Report-NewsGradient-2022-09-02--2022-09-09.csv,5235
https://www.jabuka.tv/s-trzista-bih-povlace-se-opasne-ogradice-za-djecje-krevete,csv/Historical-Report-NewsGradient-2022-09-02--2022-09-09.csv,5322
https://www.jabuka.tv/nastavljeni-radovi-na-uredenju-povijesne-zgrade-u-ljubuskom,csv/Historical-Report-NewsGradient-2022-09-02--2022-09-09.csv,5483
https://www.jabuka.tv/vlada-hnz-uputila-javni-poziv-za-prijam-150-vjezbenika,csv/Historical-Report-NewsGradient-2022-09-02--2022-09-09.csv,5618
https://www.jabuka.tv/privedeni-huligani-koji-su-izazvali-nered-u-mostaru,csv/Historical-Report-NewsGradient-2022-09-02--2022-09-09.csv,5790
https://www.jabuka.tv/pogledajte-spektakularne-snimke-manitog-vrila-u-sirokobrijeskom-borku,csv/Historical-Report-NewsGradient-2022-09-02--2022-09-09.csv,5934
https://www.jabuka.tv/najavljen-strajk-upozorenja-u-srednjim-skolama-u-zzh,csv/Historical-Report-NewsGradient-2022-09-02--2022-09-09.csv,6065
https://www.jabuka.tv/otvorene-prijave-za-turnir-rekreativaca-u-stolnom-tenisu-u-grudama,csv/Historical-Report-NewsGradient-2022-09-02--2022-09-09.csv,6102
https://www.jabuka.tv/facebook-uveo-stroga-pravila-za-bih,csv/Historical-Report-NewsGradient-2022-09-02--2022-09-09.csv,6214
https://www.jabuka.tv/gp-gabela-polje-i-preko-zime-ostaje-otvoren-za-medunarodni-promet,csv/Historical-Report-NewsGradient-2022-09-02--2022-09-09.csv,6343
https://www.jabuka.tv/zbog-manje-potraznje-nize-cijene-zeljeza,csv/Historical-Report-NewsGradient-2022-09-02--2022-09-09.csv,6448
https://www.jabuka.tv/sopran-nikoline-hrkac-iz-sirokog-brijega-obasjava-slusatelje-radoscu,csv/Historical-Report-NewsGradient-2022-09-02--2022-09-09.csv,6565
https://www.jabuka.tv/najskuplji-sir-na-svijetu-dolazi-iz-srbije,csv/Historical-Report-NewsGradient-2022-09-02--2022-09-09.csv,6669
https://www.jabuka.tv/pricajmo,csv/Historical-Report-NewsGradient-2022-09-02--2022-09-09.csv,6802
https://www.jabuka.tv/lukovice-cvijeca-vjesnici-proljeca-koji-se-sade-u-jesen,csv/Historical-Report-NewsGradient-2022-09-02--2022-09-09.csv,6969
https://www.jabuka.tv/walk-and-talk-kroz-razgovor-i-setnju-rijesite-se-anksioznosti,csv/Historical-Report-NewsGradient-2022-09-02--2022-09-09.csv,7095
https://www.jabuka.tv/poslusajte-novu-pjesmu-zorana-begica-i-navijaca-hercegovine,csv/Historical-Report-NewsGradient-2022-09-02--2022-09-09.csv,7205
https://www.jabuka.tv/drama-na-nebu-iznad-dubrovnika-pilot-obracanjem-preplasio-putnike,csv/Historical-Report-NewsGradient-2022-09-02--2022-09-09.csv,7304
https://www.jabuka.tv/znate-li-tko-su-najpopularniji-glazbenici-iz-europe,csv/Historical-Report-NewsGradient-2022-09-02--2022-09-09.csv,7419
https://www.jabuka.tv/javni-poziv-za-sve-obrtnike-s-podrucja-sirokog-brijega,csv/Historical-Report-NewsGradient-2022-09-02--2022-09-09.csv,7525
https://www.jabuka.tv/zbog-schengena-promjene-na-hrvatskim-granicama,csv/Historical-Report-NewsGradient-2022-09-02--2022-09-09.csv,7805
https://www.jabuka.tv/izabrana-miss-federacije-bih-za-2022-godinu,csv/Historical-Report-NewsGradient-2022-09-02--2022-09-09.csv,7915
https://www.jabuka.tv/pogledajte-cijene-goriva-u-hercegovini,csv/Historical-Report-NewsGradient-2022-09-02--2022-09-09.csv,8037
https://www.jabuka.tv/koronavirus-u-hercegovini-u-zzh-cijepljene-prve-osobe-cetvrtom-dozom,csv/Historical-Report-NewsGradient-2022-09-02--2022-09-09.csv,8140
https://www.jabuka.tv/vise-od-50-muskaraca-na-duhovnoj-obnovi-u-masnoj-luci,csv/Historical-Report-NewsGradient-2022-09-02--2022-09-09.csv,8267
https://www.jabuka.tv/siroki-brijeg-ucenike-docekali-radovi-na-kruznom-toku,csv/Historical-Report-NewsGradient-2022-09-02--2022-09-09.csv,8381
https://www.jabuka.tv/wagnerova-gospodska-cestitka-bilbiji,csv/Historical-Report-NewsGradient-2022-09-02--2022-09-09.csv,8536
https://www.jabuka.tv/huliganski-neredi-u-mostaru,csv/Historical-Report-NewsGradient-2022-09-02--2022-09-09.csv,8701
https://www.jabuka.tv/siroki-brijeg-odrzan-prvi-sat-i-sveta-misa-za-ucenike-i-nastavnike,csv/Historical-Report-NewsGradient-2022-09-02--2022-09-09.csv,8816
https://www.jabuka.tv/evo-koliko-kosta-outfit-antoniette-samo-je-sat-preko-35-000-km,csv/Historical-Report-NewsGradient-2022-09-02--2022-09-09.csv,8956
https://www.jabuka.tv/sedmorica-kandidata-u-sirokom-brijegu-polozila-dozivotne-zavjete-u-redu-manje-brace,csv/Historical-Report-NewsGradient-2022-09-02--2022-09-09.csv,9232
https://www.jabuka.tv/zrinjski-uvjerljiv-protiv-sarajeva,csv/Historical-Report-NewsGradient-2022-09-02--2022-09-09.csv,9458
https://www.jabuka.tv/siroki-pobjedom-nad-borcem-ponovno-izbio-na-vrh-ljestvice,csv/Historical-Report-NewsGradient-2022-09-02--2022-09-09.csv,9534
https://www.jabuka.tv/bivsi-predsjednik-amerike-osvojio-je-nagradu-emmy,csv/Historical-Report-NewsGradient-2022-09-02--2022-09-09.csv,9583
https://www.jabuka.tv/bilbija-najbolji-strijelac-u-povijesti-premijer-lige-bih,csv/Historical-Report-NewsGradient-2022-09-02--2022-09-09.csv,9727
https://www.jabuka.tv/cuvajte-kune-i-lipe-jer-bi-se-mogle-isplatiti,csv/Historical-Report-NewsGradient-2022-09-02--2022-09-09.csv,9881
https://www.jabuka.tv/dinamo-rasprodao-sve-ulaznice-za-utakmicu-sa-chelseaom,csv/Historical-Report-NewsGradient-2022-09-02--2022-09-09.csv,9978
https://www.jabuka.tv/ivan-pavao-i-u-rimu-proglasen-blazenim,csv/Historical-Report-NewsGradient-2022-09-02--2022-09-09.csv,10099
https://www.jabuka.tv/pogledajte-reakciju-covjeka-koji-je-osvojio-milijun-kuna,csv/Historical-Report-NewsGradient-2022-09-02--2022-09-09.csv,10204
https://www.jabuka.tv/u-hrvatskoj-obavezno-iskazivanje-cijena-u-kunama-i-eurima,csv/Historical-Report-NewsGradient-2022-09-02--2022-09-09.csv,10299
https://www.jabuka.tv/covic-hrvati-ce-imati-legitimne-predstavnike-na-svim-razinama-vlasti,csv/Historical-Report-NewsGradient-2022-09-02--2022-09-09.csv,10405
https://www.jabuka.tv/u-iducem-razdoblju-moglo-bi-doci-do-stabilizacije-cijena-goriva,csv/Historical-Report-NewsGradient-2022-09-02--2022-09-09.csv,10501
https://www.jabuka.tv/pogledajte-kako-predsjednik-hrvatskog-sabora-plese-na-techno-glazbu,csv/Historical-Report-NewsGradient-2022-09-02--2022-09-09.csv,10601
https://www.jabuka.tv/na-beer-festu-u-ljubuskom-uzivalo-vise-tisuca-posjetitelja,csv/Historical-Report-NewsGradient-2022-09-02--2022-09-09.csv,10690
https://www.jabuka.tv/u-prometnoj-nesreci-na-m-17-ozlijedene-cetiri-osobe,csv/Historical-Report-NewsGradient-2022-09-02--2022-09-09.csv,10787
https://www.jabuka.tv/hoce-li-kabiri-preuzeti-mostarski-aerodrom,csv/Historical-Report-NewsGradient-2022-09-02--2022-09-09.csv,10915
https://www.jabuka.tv/u-ovom-mjestu-sunce-ne-zalazi-puna-cetiri-mjeseca,csv/Historical-Report-NewsGradient-2022-09-02--2022-09-09.csv,11046
https://www.jabuka.tv/nasa-drugi-put-u-pet-dana-otkazala-pokusaj-lansiranja-raketa-ne-mjesec,csv/Historical-Report-NewsGradient-2022-09-02--2022-09-09.csv,11125
https://www.jabuka.tv/netflix-predstavio-glumce-koji-ce-glumiti-princa-williama-i-kate-u-seriji-the-crown,csv/Historical-Report-NewsGradient-2022-09-02--2022-09-09.csv,11250
https://www.jabuka.tv/jakirovic-pred-sarajevo-moramo-biti-na-visokom-nivou-ako-zelimo-parirati-sarajevu,csv/Historical-Report-NewsGradient-2022-09-02--2022-09-09.csv,11345
https://www.jabuka.tv/u-organiziranom-cyber-napadu-na-rtv-hb-unisteno-vise-od-100-000-datoteka,csv/Historical-Report-NewsGradient-2022-09-02--2022-09-09.csv,11462
https://www.jabuka.tv/nastavnici-iz-bih-svake-godine-strahuju-hoce-li-ostati-bez-posla,csv/Historical-Report-NewsGradient-2022-09-02--2022-09-09.csv,11575
https://www.jabuka.tv/preminuo-bivsi-igrac-sirokog-josip-leko,csv/Historical-Report-NewsGradient-2022-09-02--2022-09-09.csv,11704
https://www.jabuka.tv/navijaci-na-sp-u-u-kataru-moci-ce-kupovati-pivo,csv/Historical-Report-NewsGradient-2022-09-02--2022-09-09.csv,11802
https://www.jabuka.tv/street-arts-festival-mostar-vec-11-godina-stvara-scenu-urbane-kulture-i-ulicne-umjetnosti,csv/Historical-Report-NewsGradient-2022-09-02--2022-09-09.csv,11894
https://www.jabuka.tv/iznenada-preminuo-dugogodisnji-trener-i-igrac-hkk-tomislav,csv/Historical-Report-NewsGradient-2022-09-02--2022-09-09.csv,11998
https://www.jabuka.tv/ove-prehrambene-navike-mogle-bi-pridonijeti-vasem-mentalnom-zdravlju,csv/Historical-Report-NewsGradient-2022-09-02--2022-09-09.csv,12099
https://www.jabuka.tv/vjetrenica-ce-premasiti-rekordnu-2019-godinu-sa-brojem-posjetitelja,csv/Historical-Report-NewsGradient-2022-09-02--2022-09-09.csv,12197
https://www.jabuka.tv/mladi-bi-odustali-i-od-fakulteta-samo-da-postanu-influenceri,csv/Historical-Report-NewsGradient-2022-09-02--2022-09-09.csv,12286
https://www.jabuka.tv/od-iduceg-tjedna-suncano-vrijeme,csv/Historical-Report-NewsGradient-2022-09-02--2022-09-09.csv,12388
https://www.jabuka.tv/ovoj-hrani-tesko-odolijevamo-ali-mogla-bi-povecati-rizik-od-raka-debelog-crijeva,csv/Historical-Report-NewsGradient-2022-09-02--2022-09-09.csv,12494
https://www.jabuka.tv/grabar-kitarovic-pitam-se-trebamo-li-novi-rat-da-bih-napreduje-prema-eu,csv/Historical-Report-NewsGradient-2022-09-02--2022-09-09.csv,12570
https://www.jabuka.tv/u-ljubuskom-otvoren-prvi-beerfest,csv/Historical-Report-NewsGradient-2022-09-02--2022-09-09.csv,12655
https://www.jabuka.tv/na-veletrznici-u-tasovcicima-bogata-ponuda-povrca-za-zimnicu,csv/Historical-Report-NewsGradient-2022-09-02--2022-09-09.csv,12741
https://www.jabuka.tv/mostarka-pobijedila-u-borbi-karijere-i-osvojila-ares-ov-naslov-prvaka,csv/Historical-Report-NewsGradient-2022-09-02--2022-09-09.csv,12835
https://www.jabuka.tv/postoji-mjesto-u-europi-gdje-sunce-ne-zalazi-puna-cetiri-mjeseca,csv/Historical-Report-NewsGradient-2022-09-02--2022-09-09.csv,12919
https://www.jabuka.tv/jesenja-sadnja-luka-2,csv/Historical-Report-NewsGradient-2022-09-02--2022-09-09.csv,13026
https://www.jabuka.tv/rimac-otkrio-zanimljivosti-o-neveri-ali-i-najavio-nove-modele,csv/Historical-Report-NewsGradient-2022-09-02--2022-09-09.csv,13130
https://www.jabuka.tv/nastavak-kultnog-filma-proglasen-najkompliciranijim-filmom-ikad-snimljenim,csv/Historical-Report-NewsGradient-2022-09-02--2022-09-09.csv,13161
https://www.jabuka.tv/nije-sala-ina-objavila-oglas-traze-nekoga-tko-ce-sprijeciti-pranje-novca,csv/Historical-Report-NewsGradient-2022-09-02--2022-09-09.csv,13252
https://www.jabuka.tv/gazprom-ipak-necemo-jos-pustiti-plin-europi,csv/Historical-Report-NewsGradient-2022-09-02--2022-09-09.csv,13338
https://www.jabuka.tv/najskuplji-auti-stigli-u-zagreb-jedan-se-sudario-s-ford-fiestom,csv/Historical-Report-NewsGradient-2022-09-02--2022-09-09.csv,13440
https://www.jabuka.tv/vikend-uz-tv-pregrst-dobrih-filmova,csv/Historical-Report-NewsGradient-2022-09-02--2022-09-09.csv,13531
https://www.jabuka.tv/dvica-i-stipe-pogledajte-filmove-koje-su-snimili-mladi-sirokobrijezani,csv/Historical-Report-NewsGradient-2022-09-02--2022-09-09.csv,13630
https://www.jabuka.tv/eminentni-svjetski-ginekolozi-stigli-u-hercegovinu,csv/Historical-Report-NewsGradient-2022-09-02--2022-09-09.csv,13745
https://www.jabuka.tv/siroki-brijeg-predstavio-novog-napadaca,csv/Historical-Report-NewsGradient-2022-09-02--2022-09-09.csv,13850
https://www.jabuka.tv/dino-coric-lijep-se-osjecaj-vratiti-na-pecaru,csv/Historical-Report-NewsGradient-2022-09-02--2022-09-09.csv,13952
https://www.jabuka.tv/bojan-bogdanovic-dobio-sina,csv/Historical-Report-NewsGradient-2022-09-02--2022-09-09.csv,14048
https://www.jabuka.tv/za-obnovu-zgrade-gradske-galerije-ljubuski-ce-izdvojiti-82-000-km,csv/Historical-Report-NewsGradient-2022-09-02--2022-09-09.csv,14184
https://www.jabuka.tv/nesvakidasnja-prosidba-priredio-show-sa-250-dronova-kako-bi-zaprosio-djevojku,csv/Historical-Report-NewsGradient-2022-09-02--2022-09-09.csv,14303
https://www.jabuka.tv/za-rekonstrukciju-i-prosirenje-pomocnog-stadiona-mokri-dolac-izdvojeno-210-000-km,csv/Historical-Report-NewsGradient-2022-09-02--2022-09-09.csv,14426
https://www.jabuka.tv/nastava-u-prvoj-i-drugoj-o-s-siroki-brijeg-pocinje-iduci-tjedan,csv/Historical-Report-NewsGradient-2022-09-02--2022-09-09.csv,14514
https://www.jabuka.tv/maloljetnik-ozlijeden-pri-spustanju-s-velikog-vrana,csv/Historical-Report-NewsGradient-2022-09-02--2022-09-09.csv,14621
https://www.jabuka.tv/u-bih-sluzbeno-pocela-izborna-kampanja-za-opce-izbore,csv/Historical-Report-NewsGradient-2022-09-02--2022-09-09.csv,14721
https://www.jabuka.tv/u-ovim-europskim-zemljama-zivi-najveci-broj-starije-populacije,csv/Historical-Report-NewsGradient-2022-09-02--2022-09-09.csv,14827
https://www.jabuka.tv/u-poslijepodnevnim-satima-stize-razvedravanje,csv/Historical-Report-NewsGradient-2022-09-02--2022-09-09.csv,14937
https://www.jabuka.tv/od-iduceg-tjedna-krece-isplata-mirovina-za-kolovoz,csv/Historical-Report-NewsGradient-2022-09-02--2022-09-09.csv,15033
https://www.jabuka.tv/nakon-zavrsenih-procjena-stete-od-potresa-hercegovci-i-dalje-cekaju-na-obnovu,csv/Historical-Report-NewsGradient-2022-09-02--2022-09-09.csv,15140
https://www.jabuka.tv/kada-je-pravo-vrijeme-za-berbu-grozda,csv/Historical-Report-NewsGradient-2022-09-02--2022-09-09.csv,15192
https://www.jabuka.tv/najbolje-vrste-voca-i-povrca-koje-mozete-jesti-u-rujnu,csv/Historical-Report-NewsGradient-2022-09-09--2022-09-12.csv,56
https://www.jabuka.tv/propast-ovog-filma-izazvala-je-kraj-jedne-od-najkreativnijih-holivudskih-era,csv/Historical-Report-NewsGradient-2022-09-09--2022-09-12.csv,116
https://www.jabuka.tv/ozbiljne-probleme-moze-uzrokovati-prekomjeran-unos-proteina,csv/Historical-Report-NewsGradient-2022-09-09--2022-09-12.csv,189
https://www.jabuka.tv/sarajevo-i-siroki-brijeg-podijelili-bodove-na-bilinom-polju,csv/Historical-Report-NewsGradient-2022-09-09--2022-09-12.csv,341
https://www.jabuka.tv/senzacija-srbija-ispala-s-eurobasketa,csv/Historical-Report-NewsGradient-2022-09-09--2022-09-12.csv,437
https://www.jabuka.tv/gaf-kandidata-sda-imat-cemo-nulti-stupanj-u-borbi-protiv-korupcije,csv/Historical-Report-NewsGradient-2022-09-09--2022-09-12.csv,522
https://www.jabuka.tv/u-hercegovackoj-obitelji-krsteno-deseto-dijete,csv/Historical-Report-NewsGradient-2022-09-09--2022-09-12.csv,631
https://www.jabuka.tv/zrinjski-svladao-posusje-na-mokrom-docu,csv/Historical-Report-NewsGradient-2022-09-09--2022-09-12.csv,725
https://www.jabuka.tv/poraz-hrvatske-u-osmini-finala-eurobasketa,csv/Historical-Report-NewsGradient-2022-09-09--2022-09-12.csv,842
https://www.jabuka.tv/grude-odrzan-prvi-kulinarski-show-321-kuhaj,csv/Historical-Report-NewsGradient-2022-09-09--2022-09-12.csv,1022
https://www.jabuka.tv/vino-kao-moguci-generator-razvoja-hercegovine,csv/Historical-Report-NewsGradient-2022-09-09--2022-09-12.csv,1120
https://www.jabuka.tv/mostar-zavrsava-se-izgradnja-moderne-pedijatrije-vrijedne-192-milijuna-km,csv/Historical-Report-NewsGradient-2022-09-09--2022-09-12.csv,1206
https://www.jabuka.tv/jakirovic-u-posusju-su-podijeljeni-vole-i-zrinjski-ali-naravno-navijaju-za-svoje,csv/Historical-Report-NewsGradient-2022-09-09--2022-09-12.csv,1291
https://www.jabuka.tv/objavljeno-koliko-su-teritorija-oslobodili-ukrajinci,csv/Historical-Report-NewsGradient-2022-09-09--2022-09-12.csv,1394
https://www.jabuka.tv/u-bih-se-povecava-broj-ljudi-koji-obrok-traze-u-javnim-kuhinjama,csv/Historical-Report-NewsGradient-2022-09-09--2022-09-12.csv,1490
https://www.jabuka.tv/prije-sest-godina-uhicen-je-i-prozvan-orjunasem-koji-mrzi-hrvatsku-a-sada-ju-je-odveo-do-zlata,csv/Historical-Report-NewsGradient-2022-09-09--2022-09-12.csv,1585
https://www.jabuka.tv/iako-je-jesen-klimatoloski-stigla-neum-i-dalje-pun-turista,csv/Historical-Report-NewsGradient-2022-09-09--2022-09-12.csv,1672
https://www.jabuka.tv/vremenska-prognoza-za-pocetak-sljedeceg-tjedna,csv/Historical-Report-NewsGradient-2022-09-09--2022-09-12.csv,1763
https://www.jabuka.tv/kako-pravilno-obaviti-sumporenje-mosta-i-vina,csv/Historical-Report-NewsGradient-2022-09-09--2022-09-12.csv,1843
https://www.jabuka.tv/instagram-testira-novu-znacajku,csv/Historical-Report-NewsGradient-2022-09-09--2022-09-12.csv,1982
https://www.jabuka.tv/barakude-na-tronu-europe,csv/Historical-Report-NewsGradient-2022-09-09--2022-09-12.csv,2104
https://www.jabuka.tv/snoop-dogg-otkrio-kako-ga-je-kraljica-spasila-od-izbacivanja-iz-ujedinjenog-kraljevstva,csv/Historical-Report-NewsGradient-2022-09-09--2022-09-12.csv,2194
https://www.jabuka.tv/luka-modric-pokazao-kako-je-proslavio-37-rodendan,csv/Historical-Report-NewsGradient-2022-09-09--2022-09-12.csv,2321
https://www.jabuka.tv/procurio-razlog-zbog-kojeg-meghan-nije-otisla-kod-kraljice,csv/Historical-Report-NewsGradient-2022-09-09--2022-09-12.csv,2446
https://www.jabuka.tv/vrijeme-je-za-pripremu-zimnice-tajna-dobrog-ajvara-lezi-u-pecenoj-paprici,csv/Historical-Report-NewsGradient-2022-09-09--2022-09-12.csv,2561
https://www.jabuka.tv/na-prosvjedu-u-zagrebu-priveden-maloljetnik-s-molotovljevim-koktelima-i-bombom,csv/Historical-Report-NewsGradient-2022-09-09--2022-09-12.csv,2697
https://www.jabuka.tv/kviz-znate-li-ove-dalmatinske-izraze,csv/Historical-Report-NewsGradient-2022-09-09--2022-09-12.csv,2778
https://www.jabuka.tv/kutle-postoji-problem-cije-se-posljedice-osjecaju-i-u-bih,csv/Historical-Report-NewsGradient-2022-09-09--2022-09-12.csv,2869
https://www.jabuka.tv/prosvjed-u-zagrebu-dajemo-vam-otkaz,csv/Historical-Report-NewsGradient-2022-09-09--2022-09-12.csv,2949
https://www.jabuka.tv/sirokobrijezanka-i-mostarka-predstavile-izlozbu-u-sibeniku,csv/Historical-Report-NewsGradient-2022-09-09--2022-09-12.csv,3059
https://www.jabuka.tv/mostarska-policija-uz-pomoc-gradana-sprijecila-novi-huliganski-pohod,csv/Historical-Report-NewsGradient-2022-09-09--2022-09-12.csv,3150
https://www.jabuka.tv/charles-iii-sluzbeno-proglasen-kraljem-velike-britanije,csv/Historical-Report-NewsGradient-2022-09-09--2022-09-12.csv,3238
https://www.jabuka.tv/doniraj-i-ti-humanitarna-subota-udruge-mlado-sunce-2,csv/Historical-Report-NewsGradient-2022-09-09--2022-09-12.csv,3354
https://www.jabuka.tv/odreden-pritvor-ljubusaku-osumnjicenom-za-ubojstvo-punca,csv/Historical-Report-NewsGradient-2022-09-09--2022-09-12.csv,3446
https://www.jabuka.tv/izetbegovic-kada-umrem-zelim-da-kazu-da-sam-dobro-isao-za-babom,csv/Historical-Report-NewsGradient-2022-09-09--2022-09-12.csv,3538
https://www.jabuka.tv/bageri-na-krovu-zgrade-zitoprometa-u-mostaru,csv/Historical-Report-NewsGradient-2022-09-09--2022-09-12.csv,3633
https://www.jabuka.tv/sudar-vlakova-u-hrvatskoj-tri-osobe-poginule-vise-ozlijedenih,csv/Historical-Report-NewsGradient-2022-09-09--2022-09-12.csv,3731
https://www.jabuka.tv/pogledajte-kako-je-snazan-vjetar-u-tomislavgradu-unistavao-sve-pred-sobom,csv/Historical-Report-NewsGradient-2022-09-09--2022-09-12.csv,4000
https://www.jabuka.tv/u-jednom-gradu-policajci-vise-ne-smiju-pisati-kazne,csv/Historical-Report-NewsGradient-2022-09-09--2022-09-12.csv,4109
https://www.jabuka.tv/vlada-hnz-izdvojit-ce-400-000-km-za-potresom-pogodena-podrucja,csv/Historical-Report-NewsGradient-2022-09-09--2022-09-12.csv,4186
https://www.jabuka.tv/sa-75-godina-ostvario-san-prvi-put-vozio-preko-320-km-h,csv/Historical-Report-NewsGradient-2022-09-09--2022-09-12.csv,4387
https://www.jabuka.tv/vikend-uz-tv-zestoka-akcija-i-film-toma-cekaju-na-vas,csv/Historical-Report-NewsGradient-2022-09-09--2022-09-12.csv,4429
https://www.jabuka.tv/pijavica-pogodila-tomislavgrad-i-napravila-veliku-materijalnu-stetu,csv/Historical-Report-NewsGradient-2022-09-09--2022-09-12.csv,4495
https://www.jabuka.tv/izlozba-matka-trebotica-u-franjevackom-muzeju-i-galeriji-u-sirokom-brijegu,csv/Historical-Report-NewsGradient-2022-09-09--2022-09-12.csv,4586
https://www.jabuka.tv/nogometni-savez-bih-potvrdio-da-ce-igrati-prijateljsku-utakmicu-protiv-rusije,csv/Historical-Report-NewsGradient-2022-09-09--2022-09-12.csv,4684
https://www.jabuka.tv/borjana-kristo-od-schmidta-ocekujem-ukidanje-mjera-koje-su-isle-na-stetu-hrvata,csv/Historical-Report-NewsGradient-2022-09-09--2022-09-12.csv,4775
https://www.jabuka.tv/pocetak-naplate-parkinga-u-jos-jednom-kvartu-u-mostaru,csv/Historical-Report-NewsGradient-2022-09-09--2022-09-12.csv,4880
https://www.jabuka.tv/obiljezena-29-godisnjica-zlocina-nad-hrvatima-u-grabovici,csv/Historical-Report-NewsGradient-2022-09-09--2022-09-12.csv,4983
https://www.jabuka.tv/ivankovic-i-dujmovic-pojacavaju-klub-iz-hercegovine,csv/Historical-Report-NewsGradient-2022-09-09--2022-09-12.csv,5090
https://www.jabuka.tv/bih-u-hladnjaci-iza-povrca-pronadena-krijumcarena-roba,csv/Historical-Report-NewsGradient-2022-09-09--2022-09-12.csv,5190
https://www.jabuka.tv/glavna-sestra-skb-a-mostar-mi-skolujemo-medicinske-sestre-za-inozemstvo,csv/Historical-Report-NewsGradient-2022-09-09--2022-09-12.csv,5311
https://www.jabuka.tv/pub-i-lounge-bar-garden-otvara-svoja-vrata-u-sirokom-brijegu,csv/Historical-Report-NewsGradient-2022-09-09--2022-09-12.csv,5434
https://www.jabuka.tv/grabovica-29-godina-od-stravicnog-zlocina-nad-hrvatima,csv/Historical-Report-NewsGradient-2022-09-09--2022-09-12.csv,5529
https://www.jabuka.tv/davis-cup-u-sirokom-brijegu,csv/Historical-Report-NewsGradient-2022-09-09--2022-09-12.csv,5650
https://www.jabuka.tv/vrhunska-vina-predstavljena-u-hercegovini,csv/Historical-Report-NewsGradient-2022-09-09--2022-09-12.csv,5719
https://www.jabuka.tv/njemacka-uvodi-zelenu-kartu,csv/Historical-Report-NewsGradient-2022-09-09--2022-09-12.csv,5825
https://www.jabuka.tv/hrvatski-kosarkasi-doznali-protivnika-u-osmini-finala-eura,csv/Historical-Report-NewsGradient-2022-09-09--2022-09-12.csv,5927
https://www.jabuka.tv/uloga-enzima-u-proizvodnji-vina,csv/Historical-Report-NewsGradient-2022-09-09--2022-09-12.csv,5983
https://www.jabuka.tv/potpuno-novi-nacin-kupovine-iphonea,csv/Historical-Report-NewsGradient-2022-09-12--2022-09-13.csv,49
https://www.jabuka.tv/poznata-americka-pjevacica-iznenadila-obozavatelje-izgledom,csv/Historical-Report-NewsGradient-2022-09-12--2022-09-13.csv,106
https://www.jabuka.tv/bizaran-intervju-muskarca-koji-nije-imao-pojma-da-je-kraljica-umrla,csv/Historical-Report-NewsGradient-2022-09-12--2022-09-13.csv,168
https://www.jabuka.tv/ukrajinci-ogorceni-reprezentacijom-bih-zalosno-je-da-igrate-s-agresorima,csv/Historical-Report-NewsGradient-2022-09-12--2022-09-13.csv,263
https://www.jabuka.tv/hnz-ce-za-radare-izdvojiti-300-tisuca-km,csv/Historical-Report-NewsGradient-2022-09-12--2022-09-13.csv,358
https://www.jabuka.tv/dukin-ako-hocete-jesti-sljedece-godine-glasujte-za-dodika-i-cvijanovic,csv/Historical-Report-NewsGradient-2022-09-12--2022-09-13.csv,474
https://www.jabuka.tv/prsut-je-uvijek-bio-luksuz-u-hercegovini-poskupio-za-20,csv/Historical-Report-NewsGradient-2022-09-12--2022-09-13.csv,655
https://www.jabuka.tv/nije-usvojena-deklaracija-bosnjacima-zasmetao-jedan-pojam,csv/Historical-Report-NewsGradient-2022-09-12--2022-09-13.csv,762
https://www.jabuka.tv/strajk-u-srednjim-skolama-zzh-vlada-ovlastila-clana-mirovnog-vijeca,csv/Historical-Report-NewsGradient-2022-09-12--2022-09-13.csv,949
https://www.jabuka.tv/dambrauskas-dobio-otkaz-bivsi-igrac-sirokog-i-zrinjskog-novi-trener-hajduka,csv/Historical-Report-NewsGradient-2022-09-12--2022-09-13.csv,1060
https://www.jabuka.tv/tjedni-korona-izvjestaj-za-zzh-i-trodnevni-za-hnz-5,csv/Historical-Report-NewsGradient-2022-09-12--2022-09-13.csv,1074
https://www.jabuka.tv/sve-smo-blize-ukidanju-trosarina-na-gorivo,csv/Historical-Report-NewsGradient-2022-09-12--2022-09-13.csv,1216
https://www.jabuka.tv/nevenko-herceg-s-izaslanstvom-vlade-hnz-posjetio-capljinu,csv/Historical-Report-NewsGradient-2022-09-12--2022-09-13.csv,1347
https://www.jabuka.tv/guzve-zbog-radova-na-izgradnji-kruznog-toka-u-sirokom-brijegu,csv/Historical-Report-NewsGradient-2022-09-12--2022-09-13.csv,1492
https://www.jabuka.tv/trener-posusja-mislim-da-je-siroki-momcad-za-sredinu-tablice,csv/Historical-Report-NewsGradient-2022-09-12--2022-09-13.csv,1602
https://www.jabuka.tv/pjesak-ozlijeden-u-prometnoj-nesreci-u-mostaru,csv/Historical-Report-NewsGradient-2022-09-12--2022-09-13.csv,1702
https://www.jabuka.tv/u-osnovnim-skolama-sve-vise-djece-ciji-su-se-roditelji-vratili-iz-inozemstva,csv/Historical-Report-NewsGradient-2022-09-12--2022-09-13.csv,1816
https://www.jabuka.tv/otrov-proizveden-u-bih-prodaje-se-za-50-tisuca-eura,csv/Historical-Report-NewsGradient-2022-09-12--2022-09-13.csv,1942
https://www.jabuka.tv/stanove-u-bih-najvise-kupuju-mlade-obitelji-i-dijaspora,csv/Historical-Report-NewsGradient-2022-09-12--2022-09-13.csv,2050
https://www.jabuka.tv/zzh-preuzima-projekt-plinovoda,csv/Historical-Report-NewsGradient-2022-09-12--2022-09-13.csv,2151
https://www.jabuka.tv/prosle-su-dvije-godine-od-kada-nas-je-napustio-kolega-mario-pinjuh,csv/Historical-Report-NewsGradient-2022-09-12--2022-09-13.csv,2216
https://www.jabuka.tv/bayern-pokazao-snagu-protiv-barcelone-poraz-tudora,csv/Historical-Report-NewsGradient-2022-09-13--2022-09-14.csv,58
https://www.jabuka.tv/poskupljuju-i-zimske-gume,csv/Historical-Report-NewsGradient-2022-09-13--2022-09-14.csv,124
https://www.jabuka.tv/natjecateljica-milijunasa-slucajno-odala-tajnu-showa,csv/Historical-Report-NewsGradient-2022-09-13--2022-09-14.csv,193
https://www.jabuka.tv/hrt-trazi-ovrhu-mladena-grdovica-on-porucuje-gledam-svemirce,csv/Historical-Report-NewsGradient-2022-09-13--2022-09-14.csv,295
https://www.jabuka.tv/menalo-moj-stav-je-jasan-protiv-sam-toga,csv/Historical-Report-NewsGradient-2022-09-13--2022-09-14.csv,387
https://www.jabuka.tv/zracna-luka-mostar-potpisala-vazan-ugovor-s-wizz-airom,csv/Historical-Report-NewsGradient-2022-09-13--2022-09-14.csv,497
https://www.jabuka.tv/ukinuta-presuda-filipu-zavadlavu,csv/Historical-Report-NewsGradient-2022-09-13--2022-09-14.csv,594
https://www.jabuka.tv/sirokobrijezanin-proslavio-105-rodendan,csv/Historical-Report-NewsGradient-2022-09-13--2022-09-14.csv,700
https://www.jabuka.tv/bih-cijena-peleta-bi-mogla-ici-do-1-000-km-po-toni,csv/Historical-Report-NewsGradient-2022-09-13--2022-09-14.csv,785
https://www.jabuka.tv/mosor-misa-povodom-76-godisnjice-smrti-skripara,csv/Historical-Report-NewsGradient-2022-09-13--2022-09-14.csv,890
https://www.jabuka.tv/kod-capljine-pronadene-93-stabljike-marihuane,csv/Historical-Report-NewsGradient-2022-09-13--2022-09-14.csv,967
https://www.jabuka.tv/pogledajte-kako-je-ministrant-drijemao-na-misi,csv/Historical-Report-NewsGradient-2022-09-13--2022-09-14.csv,1081
https://www.jabuka.tv/davis-cup-tenisaci-bih-i-meksika-zadovoljni-uvjetima-u-sirokom-brijegu,csv/Historical-Report-NewsGradient-2022-09-13--2022-09-14.csv,1195
https://www.jabuka.tv/u-sirokom-brijegu-uhicen-mostarac-kod-kojeg-je-pronaden-kokain,csv/Historical-Report-NewsGradient-2022-09-13--2022-09-14.csv,1396
https://www.jabuka.tv/u-grudama-odrzan-sastanak-za-pripremu-realizacije-projekta-brze-ceste,csv/Historical-Report-NewsGradient-2022-09-13--2022-09-14.csv,1472
https://www.jabuka.tv/zbog-energetske-krize-ugasit-ce-se-svjetla-na-eiffelovu-tornju,csv/Historical-Report-NewsGradient-2022-09-13--2022-09-14.csv,1587
https://www.jabuka.tv/za-povijesni-uspjeh-bih-zasluzan-i-frizer-iz-posusja,csv/Historical-Report-NewsGradient-2022-09-13--2022-09-14.csv,1687
https://www.jabuka.tv/kakva-sudbina-ceka-konvertibilnu-marku,csv/Historical-Report-NewsGradient-2022-09-13--2022-09-14.csv,1803
https://www.jabuka.tv/27-godina-od-oslobodenja-hrvatskog-kraljevskog-grada-jajca,csv/Historical-Report-NewsGradient-2022-09-13--2022-09-14.csv,1948
https://www.jabuka.tv/fbih-udzbenici-za-informatiku-pisani-prije-pojave-pametnih-telefona,csv/Historical-Report-NewsGradient-2022-09-13--2022-09-14.csv,2044
https://www.jabuka.tv/sjetva-i-uspjesan-uzgoj-spinata,csv/Historical-Report-NewsGradient-2022-09-13--2022-09-14.csv,2157
https://www.jabuka.tv/za-utorak-najavljeno-vise-iskljucenja-struje-u-zzh,csv/Historical-Report-NewsGradient-2022-09-13--2022-09-14.csv,2223
https://www.jabuka.tv/falio-mu-pajdo-u-svatovima-pa-se-snasao,csv/Historical-Report-NewsGradient-2022-09-14--2022-09-15.csv,163
https://www.jabuka.tv/ispred-san-sira-uboden-navijac-dinama,csv/Historical-Report-NewsGradient-2022-09-14--2022-09-15.csv,216
https://www.jabuka.tv/hnz-sve-opcine-povezane-su-magistralnim-pravcima,csv/Historical-Report-NewsGradient-2022-09-14--2022-09-15.csv,276
https://www.jabuka.tv/milan-zabio-tri-komada-i-nanio-poraz-dinamu,csv/Historical-Report-NewsGradient-2022-09-14--2022-09-15.csv,398
https://www.jabuka.tv/zrinjski-porazen-od-sloge-iz-doboja,csv/Historical-Report-NewsGradient-2022-09-14--2022-09-15.csv,511
https://www.jabuka.tv/u-punom-jeku-berba-hercegovacke-rajcice-i-rog-paprike,csv/Historical-Report-NewsGradient-2022-09-14--2022-09-15.csv,647
https://www.jabuka.tv/who-istice-da-je-kraj-pandemije-na-vidiku,csv/Historical-Report-NewsGradient-2022-09-14--2022-09-15.csv,758
https://www.jabuka.tv/vlada-hnz-izdvojila-vise-od-pola-milijuna-km-za-sport-i-kulturu,csv/Historical-Report-NewsGradient-2022-09-14--2022-09-15.csv,845
https://www.jabuka.tv/zovko-to-je-milanovicev-osobni-izbor,csv/Historical-Report-NewsGradient-2022-09-14--2022-09-15.csv,992
https://www.jabuka.tv/lovro-kristo-osvojio-jedan-od-najvisih-europskih-vrhova,csv/Historical-Report-NewsGradient-2022-09-14--2022-09-15.csv,1103
https://www.jabuka.tv/policija-u-milanu-privela-vise-dinamovih-navijaca,csv/Historical-Report-NewsGradient-2022-09-14--2022-09-15.csv,1220
https://www.jabuka.tv/na-uzdolu-obiljezena-29-godisnjica-stradanja-hrvata,csv/Historical-Report-NewsGradient-2022-09-14--2022-09-15.csv,1331
https://www.jabuka.tv/hsk-posusje-povijesni-projekt-na-mokrom-docu,csv/Historical-Report-NewsGradient-2022-09-14--2022-09-15.csv,1446
https://www.jabuka.tv/eu-odustaje-od-mjere-koja-je-razbjesnila-putina,csv/Historical-Report-NewsGradient-2022-09-14--2022-09-15.csv,1563
https://www.jabuka.tv/bosco-kebab-grill-raspisao-je-natjecaj-za-vise-djelatnika,csv/Historical-Report-NewsGradient-2022-09-14--2022-09-15.csv,1683
https://www.jabuka.tv/30-godisnjak-nestao-na-podrucju-gruda,csv/Historical-Report-NewsGradient-2022-09-14--2022-09-15.csv,1842
https://www.jabuka.tv/skb-mostar-prvi-u-bih-poceo-proizvodnju-kapi-za-oci-iz-autolognog-seruma,csv/Historical-Report-NewsGradient-2022-09-14--2022-09-15.csv,1921
https://www.jabuka.tv/sindikat-djelatnika-srednjih-skola-uputio-otvoreno-pismo-zastupnicima-u-skupstini-zzh,csv/Historical-Report-NewsGradient-2022-09-14--2022-09-15.csv,2052
https://www.jabuka.tv/izgradena-replika-medugorske-crkve,csv/Historical-Report-NewsGradient-2022-09-14--2022-09-15.csv,2161
https://www.jabuka.tv/najavljena-dva-iskljucenja-struje-u-sirokom-brijegu,csv/Historical-Report-NewsGradient-2022-09-14--2022-09-15.csv,2271
https://www.jabuka.tv/google-za-sljedecu-godinu-priprema-nesto-novo-i-veoma-zanimljivo,csv/Historical-Report-NewsGradient-2022-09-14--2022-09-15.csv,2321
https://www.jabuka.tv/trailer-za-novi-disneyjev-film-ima-1-5-milijuna-dislajkova-na-youtubeu,csv/Historical-Report-NewsGradient-2022-09-15--2022-09-16.csv,45
https://www.jabuka.tv/hrvatska-pjevacica-koja-se-bori-s-multiplom-sklerozom-odusevila-pratitelje,csv/Historical-Report-NewsGradient-2022-09-15--2022-09-16.csv,78
https://www.jabuka.tv/umjetnicko-djelo-mlade-livanjke-u-rukama-vratara-svijeta,csv/Historical-Report-NewsGradient-2022-09-15--2022-09-16.csv,152
https://www.jabuka.tv/grom-udario-u-avion-na-letu-dubrovnik-zagreb,csv/Historical-Report-NewsGradient-2022-09-15--2022-09-16.csv,248
https://www.jabuka.tv/sudac-ponistio-gol-nakon-sto-mu-je-navijac-pokazao-snimku-na-mobitelu,csv/Historical-Report-NewsGradient-2022-09-15--2022-09-16.csv,466
https://www.jabuka.tv/siroki-brijeg-gimnazija-samostan-crkva-i-alu-mogli-bi-biti-u-sredistu-grada,csv/Historical-Report-NewsGradient-2022-09-15--2022-09-16.csv,561
https://www.jabuka.tv/covic-s-predsjednicima-stranaka-pozivamo-hrvate-da-izadu-na-izbore,csv/Historical-Report-NewsGradient-2022-09-15--2022-09-16.csv,657
https://www.jabuka.tv/kviz-nezgodna-pitanja-iz-svijeta-filma,csv/Historical-Report-NewsGradient-2022-09-15--2022-09-16.csv,768
https://www.jabuka.tv/cijena-glasa-od-100-km-do-100-eura,csv/Historical-Report-NewsGradient-2022-09-15--2022-09-16.csv,903
https://www.jabuka.tv/roger-federer-objavio-kraj-karijere,csv/Historical-Report-NewsGradient-2022-09-15--2022-09-16.csv,1018
https://www.jabuka.tv/novi-dresovi-vatrenih,csv/Historical-Report-NewsGradient-2022-09-15--2022-09-16.csv,1152
https://www.jabuka.tv/na-kravici-odrzan-zdrijeb-parova-za-davis-cup,csv/Historical-Report-NewsGradient-2022-09-15--2022-09-16.csv,1289
https://www.jabuka.tv/pogledajte-cijene-goriva-u-hercegovini,csv/Historical-Report-NewsGradient-2022-09-15--2022-09-16.csv,1370
https://www.jabuka.tv/u-uzaricima-odrzana-akcija-dobrovoljnog-darivanja-krvi,csv/Historical-Report-NewsGradient-2022-09-15--2022-09-16.csv,1481
https://www.jabuka.tv/begic-za-jabuka-tv-tada-sam-odlucio-otici-iz-sirokog,csv/Historical-Report-NewsGradient-2022-09-15--2022-09-16.csv,1576
https://www.jabuka.tv/tragican-zavrsetak-potrage-u-grudama,csv/Historical-Report-NewsGradient-2022-09-15--2022-09-16.csv,1701
https://www.jabuka.tv/u-sirokom-brijegu-osvanuo-zanimljiv-grafit-cija-je-meda,csv/Historical-Report-NewsGradient-2022-09-15--2022-09-16.csv,1724
https://www.jabuka.tv/u-njemackoj-se-ne-priznaju-vozacke-dozvole-iz-bih,csv/Historical-Report-NewsGradient-2022-09-15--2022-09-16.csv,1825
https://www.jabuka.tv/radovi-na-mostu-kod-capljine-bit-ce-gotovi-do-ljeta-2023-godine,csv/Historical-Report-NewsGradient-2022-09-15--2022-09-16.csv,1939
https://www.jabuka.tv/brojnim-aktivnostima-mostar-ce-obiljeziti-europski-tjedan-mobilnosti,csv/Historical-Report-NewsGradient-2022-09-15--2022-09-16.csv,2109
https://www.jabuka.tv/u-prometnoj-nesreci-ozlijeden-predsjednik-ukrajine,csv/Historical-Report-NewsGradient-2022-09-15--2022-09-16.csv,2198
https://www.jabuka.tv/najavljena-iskljucenja-struje-u-posusju-i-sirokom-brijegu,csv/Historical-Report-NewsGradient-2022-09-15--2022-09-16.csv,2263
https://www.jabuka.tv/najpoznatiji-pisac-horor-bestselera-preporucuje-novi-netflixov-film,csv/Historical-Report-NewsGradient-2022-09-16--2022-09-17.csv,61
https://www.jabuka.tv/najodaniji-sluga-ovo-je-cuvar-kraljicinih-tajni,csv/Historical-Report-NewsGradient-2022-09-16--2022-09-17.csv,119
https://www.jabuka.tv/u-dva-tjedna-rimca-napustile-dvije-vazne-osobe,csv/Historical-Report-NewsGradient-2022-09-16--2022-09-17.csv,196
https://www.jabuka.tv/za-projekt-hercegovackog-duhana-zainteresirane-dvije-velike-tvrtke,csv/Historical-Report-NewsGradient-2022-09-16--2022-09-17.csv,307
https://www.jabuka.tv/velic-dogodile-su-se-dvije-velike-tragedije-koje-su-nenadoknadive-za-sve-nas,csv/Historical-Report-NewsGradient-2022-09-16--2022-09-17.csv,416
https://www.jabuka.tv/vikend-uz-tv-pregrst-sjajnih-filmova,csv/Historical-Report-NewsGradient-2022-09-16--2022-09-17.csv,508
https://www.jabuka.tv/milanovic-hrvatska-ce-ici-u-misiju-u-bih-nato-u-je-bolje-da-nam-se-ne-suprotstavlja,csv/Historical-Report-NewsGradient-2022-09-16--2022-09-17.csv,599
https://www.jabuka.tv/predizborna-debata-kandidata-i-kandidatkinja-za-skupstinu-zzh,csv/Historical-Report-NewsGradient-2022-09-16--2022-09-17.csv,710
https://www.jabuka.tv/siroki-brijeg-dzumhur-donio-bih-i-drugi-bod,csv/Historical-Report-NewsGradient-2022-09-16--2022-09-17.csv,807
https://www.jabuka.tv/dodik-razgovarat-cu-s-putinom-najbolje-je-da-eufor-ostane-u-bih,csv/Historical-Report-NewsGradient-2022-09-16--2022-09-17.csv,888
https://www.jabuka.tv/bih-povela-protiv-meksika-u-sirokom-brijegu,csv/Historical-Report-NewsGradient-2022-09-16--2022-09-17.csv,990
https://www.jabuka.tv/u-bih-samo-19-posto-majki-doji-svoju-djecu-do-sestog-mjeseca-starosti,csv/Historical-Report-NewsGradient-2022-09-16--2022-09-17.csv,1095
https://www.jabuka.tv/do-kraja-godine-bit-ce-zavrsena-izgradnja-nove-zgrade-pedijatrije-skb-mostar,csv/Historical-Report-NewsGradient-2022-09-16--2022-09-17.csv,1209
https://www.jabuka.tv/capljina-63-mladih-potpisalo-ugovore-o-subvenciji-prve-stambene-nekretnine,csv/Historical-Report-NewsGradient-2022-09-16--2022-09-17.csv,1360
https://www.jabuka.tv/vlada-fbih-zainteresirana-za-kupnju-terminala-za-naftu-i-naftne-derivate-u-capljini,csv/Historical-Report-NewsGradient-2022-09-16--2022-09-17.csv,1472
https://www.jabuka.tv/capljina-otkriveno-16-stabljika-indijske-konoplje,csv/Historical-Report-NewsGradient-2022-09-16--2022-09-17.csv,1573
https://www.jabuka.tv/stolac-domacin-manifestacije-hercegovacki-plodovi-mediterana,csv/Historical-Report-NewsGradient-2022-09-16--2022-09-17.csv,1628
https://www.jabuka.tv/odeon-d-o-o-raspisuje-natjecaj-za-posao-2,csv/Historical-Report-NewsGradient-2022-09-16--2022-09-17.csv,1734
https://www.jabuka.tv/zarko-santic-predstavit-ce-knjigu-kako-zdravije-i-dulje-zivjeti,csv/Historical-Report-NewsGradient-2022-09-16--2022-09-17.csv,1847
https://www.jabuka.tv/mostar-zbog-posjedovanja-nedozvoljenih-sredstava-uhicene-dvije-osobe,csv/Historical-Report-NewsGradient-2022-09-16--2022-09-17.csv,1956
https://www.jabuka.tv/od-ovih-bolesti-stanovnistvo-zzh-najvise-obolijeva,csv/Historical-Report-NewsGradient-2022-09-16--2022-09-17.csv,2046
https://www.jabuka.tv/situacija-je-alarmantna-drva-za-ogrjev-propadaju-u-skladistima,csv/Historical-Report-NewsGradient-2022-09-16--2022-09-17.csv,2194
https://www.jabuka.tv/zasto-je-vazno-koristiti-enzime-prilikom-prerade-grozda,csv/Historical-Report-NewsGradient-2022-09-16--2022-09-17.csv,2264
https://www.jabuka.tv/maja-suput-mislila-sam-da-me-vise-nista-ne-moze-iznenaditi-na-vjencanjima,csv/Historical-Report-NewsGradient-2022-09-17--2022-09-18.csv,97
https://www.jabuka.tv/pao-prvi-snijeg-u-bih,csv/Historical-Report-NewsGradient-2022-09-17--2022-09-18.csv,147
https://www.jabuka.tv/profesor-upozorio-da-ne-zagrijavamo-hranu-u-plasticnim-posudama,csv/Historical-Report-NewsGradient-2022-09-17--2022-09-18.csv,240
https://www.jabuka.tv/schmidtova-ostra-poruka-bh-politicarima,csv/Historical-Report-NewsGradient-2022-09-17--2022-09-18.csv,361
https://www.jabuka.tv/ljubusak-i-grudanin-postat-ce-dakoni-u-chicagu,csv/Historical-Report-NewsGradient-2022-09-17--2022-09-18.csv,513
https://www.jabuka.tv/pizzeria-ajduk-trazi-pizza-majstora-poznata-pocetna-placa,csv/Historical-Report-NewsGradient-2022-09-17--2022-09-18.csv,656
https://www.jabuka.tv/u-mostaru-obiljezena-29-obljetnica-pogibije-osam-mladih-livnjaka,csv/Historical-Report-NewsGradient-2022-09-17--2022-09-18.csv,783
https://www.jabuka.tv/u-prosloj-skolskoj-godini-broj-prvasica-u-bih-bio-manji-za-19,csv/Historical-Report-NewsGradient-2022-09-17--2022-09-18.csv,1007
https://www.jabuka.tv/barbaric-svaka-momcad-zasluzuje-veliko-postovanje-pa-tako-i-posusje,csv/Historical-Report-NewsGradient-2022-09-17--2022-09-18.csv,1145
https://www.jabuka.tv/ne-dozvolite-da-vam-vino-ostane-slatko,csv/Historical-Report-NewsGradient-2022-09-17--2022-09-18.csv,1265
https://www.jabuka.tv/brkic-i-basic-pomeli-meksikance-za-uvjerljiv-prolazak-bih,csv/Historical-Report-NewsGradient-2022-09-17--2022-09-18.csv,1390
https://www.jabuka.tv/u-hercegovini-cvjeta-turizam,csv/Historical-Report-NewsGradient-2022-09-17--2022-09-18.csv,1446
https://www.jabuka.tv/na-sto-se-grijati-ove-zime,csv/Historical-Report-NewsGradient-2022-09-17--2022-09-18.csv,1565
https://www.jabuka.tv/objavljen-najnoviji-podatak-o-prosjecnoj-placi-u-fbih,csv/Historical-Report-NewsGradient-2022-09-17--2022-09-18.csv,1686
https://www.jabuka.tv/kakvo-nas-vrijeme-ocekuje,csv/Historical-Report-NewsGradient-2022-09-17--2022-09-18.csv,1750
https://www.jabuka.tv/komsic-milanovic-nece-docekati-slanje-vojske-u-bih,csv/Historical-Report-NewsGradient-2022-09-17--2022-09-18.csv,1913
https://www.jabuka.tv/odlicna-atmosfera-na-pecari-pogledajte-koga-smo-sve-zabiljezili,csv/Historical-Report-NewsGradient-2022-09-18--2022-09-19.csv,199
https://www.jabuka.tv/pecara-neosvojiva-tvrdava-siroki-se-pobjedom-nad-posusjem-vratio-na-prvo-mjesto,csv/Historical-Report-NewsGradient-2022-09-18--2022-09-19.csv,308
https://www.jabuka.tv/tecaj-za-trudnice-u-mostaru-dobrodosli-su-i-buduci-ocevi,csv/Historical-Report-NewsGradient-2022-09-18--2022-09-19.csv,436
https://www.jabuka.tv/siroki-brijeg-obiljezena-76-godisnjica-ubojstva-skripara,csv/Historical-Report-NewsGradient-2022-09-18--2022-09-19.csv,611
https://www.jabuka.tv/izlozba-kristine-cavar-u-sirokom-brijegu,csv/Historical-Report-NewsGradient-2022-09-18--2022-09-19.csv,706
https://www.jabuka.tv/svecanim-mimohodom-obiljezen-dan-branitelja-opcine-citluk,csv/Historical-Report-NewsGradient-2022-09-18--2022-09-19.csv,861
https://www.jabuka.tv/bogdanovic-bi-mogao-zaigrati-s-lebronom-jamesom,csv/Historical-Report-NewsGradient-2022-09-18--2022-09-19.csv,953
https://www.jabuka.tv/tko-je-pozvan-a-tko-nije-na-kraljicin-pogreb,csv/Historical-Report-NewsGradient-2022-09-18--2022-09-19.csv,1070
https://www.jabuka.tv/porasle-cijene-najma-stanova-u-hrvatskim-studentskim-gradovima,csv/Historical-Report-NewsGradient-2022-09-18--2022-09-19.csv,1186
https://www.jabuka.tv/opet-ce-rasti-cijene-mlijeka-u-bih,csv/Historical-Report-NewsGradient-2022-09-18--2022-09-19.csv,1322
https://www.jabuka.tv/sjajni-luka-dolo-presao-u-futsal-velikana-iz-hrvatske,csv/Historical-Report-NewsGradient-2022-09-18--2022-09-19.csv,1440
https://www.jabuka.tv/fbih-dobiva-zakon-o-najnizem-osobnom-primanju,csv/Historical-Report-NewsGradient-2022-09-18--2022-09-19.csv,1535
https://www.jabuka.tv/sto-je-radio-centar-za-socijalni-rad-u-ljubuskom,csv/Historical-Report-NewsGradient-2022-09-18--2022-09-19.csv,1698
https://www.jabuka.tv/pogledajte-kako-domisljati-vozac-stedi-gorivo,csv/Historical-Report-NewsGradient-2022-09-18--2022-09-19.csv,1748
https://www.jabuka.tv/evo-koliko-cucnjeva-i-trbusnjaka-treba-napraviti-da-bi-se-vidjeli-rezultati,csv/Historical-Report-NewsGradient-2022-09-18--2022-09-19.csv,1841
https://www.jabuka.tv/najvece-curenje-podataka-u-povijesti-industrije-videoigara,csv/Historical-Report-NewsGradient-2022-09-19--2022-09-20.csv,103
https://www.jabuka.tv/besplatan-javni-prijevoz-u-mostaru,csv/Historical-Report-NewsGradient-2022-09-19--2022-09-20.csv,215
https://www.jabuka.tv/kviz-provjerite-svoje-znanje-kroz-10-pitanja,csv/Historical-Report-NewsGradient-2022-09-19--2022-09-20.csv,347
https://www.jabuka.tv/prva-zrtva-nedovrsenog-kruznog-toka-u-sirokom-brijegu,csv/Historical-Report-NewsGradient-2022-09-19--2022-09-20.csv,451
https://www.jabuka.tv/siroki-brijeg-predstavljanje-slikovnice-mala-iva-u-carstvu-stiva,csv/Historical-Report-NewsGradient-2022-09-19--2022-09-20.csv,568
https://www.jabuka.tv/pogledajte-cijene-goriva-u-hercegovini,csv/Historical-Report-NewsGradient-2022-09-19--2022-09-20.csv,704
https://www.jabuka.tv/zanimljiv-foto-natjecaj-u-sirokom-brijegu,csv/Historical-Report-NewsGradient-2022-09-19--2022-09-20.csv,817
https://www.jabuka.tv/na-kruznom-toku-u-zagrebu-se-pojavila-wc-skoljka-sa-zanimljivom-porukom,csv/Historical-Report-NewsGradient-2022-09-19--2022-09-20.csv,982
https://www.jabuka.tv/sjajna-nedjelja-iza-nk-siroki-brijeg,csv/Historical-Report-NewsGradient-2022-09-19--2022-09-20.csv,1096
https://www.jabuka.tv/kabiri-zaposlenici-aluminija-imaju-najvecu-prosjecnu-neto-placu-u-bih,csv/Historical-Report-NewsGradient-2022-09-19--2022-09-20.csv,1222
https://www.jabuka.tv/provjerite-sto-vas-sve-ceka-na-prvom-street-food-festivalu-u-mostaru,csv/Historical-Report-NewsGradient-2022-09-19--2022-09-20.csv,1337
https://www.jabuka.tv/presudio-mu-siroki-milin-vise-nije-trener-posusja,csv/Historical-Report-NewsGradient-2022-09-19--2022-09-20.csv,1451
https://www.jabuka.tv/korona-brojke-za-hercegovinu-preminula-zena-iz-sirokog-brijega,csv/Historical-Report-NewsGradient-2022-09-19--2022-09-20.csv,1566
https://www.jabuka.tv/pekarnica-superpek-otvara-novu-poslovnicu-i-raspisuje-natjecaj-za-vise-izvrsitelja,csv/Historical-Report-NewsGradient-2022-09-19--2022-09-20.csv,1677
https://www.jabuka.tv/opljackana-benzinska-u-stocu-pokusaj-pljacke-u-mostaru,csv/Historical-Report-NewsGradient-2022-09-19--2022-09-20.csv,1801
https://www.jabuka.tv/policijska-potjera-u-mostaru,csv/Historical-Report-NewsGradient-2022-09-19--2022-09-20.csv,1892
https://www.jabuka.tv/nogometas-dinama-objavio-novu-pjesmu,csv/Historical-Report-NewsGradient-2022-09-19--2022-09-20.csv,2013
https://www.jabuka.tv/institucije-bih-nemaju-dovoljno-novca-za-rezije,csv/Historical-Report-NewsGradient-2022-09-19--2022-09-20.csv,2136
https://www.jabuka.tv/u-ponedjeljak-sprovod-kraljice-elizabete-poznati-su-i-svi-detalji,csv/Historical-Report-NewsGradient-2022-09-19--2022-09-20.csv,2240
https://www.jabuka.tv/je-li-dobro-iskljucivati-motor-auta-kada-stojite-na-semaforu,csv/Historical-Report-NewsGradient-2022-09-19--2022-09-20.csv,2299
https://www.jabuka.tv/iphone-14-pro-modeli-imaju-problem-s-kamerom,csv/Historical-Report-NewsGradient-2022-09-20--2022-09-21.csv,65
https://www.jabuka.tv/tyson-objasnio-zabrinjavajuce-fotografije,csv/Historical-Report-NewsGradient-2022-09-20--2022-09-21.csv,143
https://www.jabuka.tv/turistkinja-usla-u-apartman-a-u-spavacoj-sobi-ju-docekalo-iznenadenje,csv/Historical-Report-NewsGradient-2022-09-20--2022-09-21.csv,234
https://www.jabuka.tv/nova-knjiga-zarka-santica-predstavljena-u-sirokom-brijegu,csv/Historical-Report-NewsGradient-2022-09-20--2022-09-21.csv,327
https://www.jabuka.tv/karamatic-covic-je-dobar-za-bosnjake-ali-nisam-siguran-da-je-dobar-za-hrvate,csv/Historical-Report-NewsGradient-2022-09-20--2022-09-21.csv,422
https://www.jabuka.tv/nestasica-slicica-za-svjetsko-prvenstvo,csv/Historical-Report-NewsGradient-2022-09-20--2022-09-21.csv,524
https://www.jabuka.tv/silvana-maric-tokic-predstavila-novu-knjigu,csv/Historical-Report-NewsGradient-2022-09-20--2022-09-21.csv,636
https://www.jabuka.tv/dodik-se-susreo-s-putinom-poznato-o-cemu-su-razgovarali,csv/Historical-Report-NewsGradient-2022-09-20--2022-09-21.csv,761
https://www.jabuka.tv/ljubusaci-darovali-krv,csv/Historical-Report-NewsGradient-2022-09-20--2022-09-21.csv,870
https://www.jabuka.tv/zabranjen-izvoz-odredenih-sumskih-sortimenata-i-proizvoda-od-drveta,csv/Historical-Report-NewsGradient-2022-09-20--2022-09-21.csv,971
https://www.jabuka.tv/lazna-americka-vojnikinja-prevarila-60-godisnjaka-iz-bih,csv/Historical-Report-NewsGradient-2022-09-20--2022-09-21.csv,1089
https://www.jabuka.tv/neka-modna-jesen-pocne-ove-cipele-sigurno-cete-pozeljeti-nositi,csv/Historical-Report-NewsGradient-2022-09-20--2022-09-21.csv,1182
https://www.jabuka.tv/zzh-nema-vise-testiranja-na-koronavirus-u-domovima-zdravlja,csv/Historical-Report-NewsGradient-2022-09-20--2022-09-21.csv,1315
https://www.jabuka.tv/adidas-i-nike-oduzet-tekstil-vrijedan-70-000-km,csv/Historical-Report-NewsGradient-2022-09-20--2022-09-21.csv,1472
https://www.jabuka.tv/na-jahorini-pao-prvi-snijeg-ove-sezone,csv/Historical-Report-NewsGradient-2022-09-20--2022-09-21.csv,1686
https://www.jabuka.tv/feal-raspisao-javni-natjecaj-za-posao,csv/Historical-Report-NewsGradient-2022-09-20--2022-09-21.csv,1764
https://www.jabuka.tv/dijelovi-sirokoga-brijega-posusja-i-tomislavgrada-ostat-ce-bez-struje,csv/Historical-Report-NewsGradient-2022-09-20--2022-09-21.csv,1891
https://www.jabuka.tv/velika-rasprodaja-sportske-opreme-u-dak-sportu,csv/Historical-Report-NewsGradient-2022-09-20--2022-09-21.csv,1999
https://www.jabuka.tv/novi-park-na-ulazu-u-ljubuski-poprima-obrise,csv/Historical-Report-NewsGradient-2022-09-20--2022-09-21.csv,2109
https://www.jabuka.tv/drazen-barbaric-cijela-bih-se-treba-mostarizirati,csv/Historical-Report-NewsGradient-2022-09-20--2022-09-21.csv,2226
https://www.jabuka.tv/apple-obecao-popraviti-problem-s-kamerom,csv/Historical-Report-NewsGradient-2022-09-21--2022-09-22.csv,68
https://www.jabuka.tv/luka-modric-nece-nositi-traku-u-duginim-bojama-na-sp-u,csv/Historical-Report-NewsGradient-2022-09-21--2022-09-22.csv,214
https://www.jabuka.tv/bmw-zavrsio-u-neretvi-vozac-imao-srecu-u-nesrecu,csv/Historical-Report-NewsGradient-2022-09-21--2022-09-22.csv,355
https://www.jabuka.tv/siroki-brijeg-na-debati-samo-kandidati-opozicije-los-odaziv-gradana,csv/Historical-Report-NewsGradient-2022-09-21--2022-09-22.csv,466
https://www.jabuka.tv/uskoro-rekonstrukcija-naftnih-terminala-u-mostaru,csv/Historical-Report-NewsGradient-2022-09-21--2022-09-22.csv,634
https://www.jabuka.tv/dzaferovic-u-un-u-zapad-zbog-rata-u-ukrajini-ne-smije-zaboraviti-na-bih,csv/Historical-Report-NewsGradient-2022-09-21--2022-09-22.csv,771
https://www.jabuka.tv/mostarka-objavila-prvu-fotografiju-s-antom-rebicem,csv/Historical-Report-NewsGradient-2022-09-21--2022-09-22.csv,882
https://www.jabuka.tv/pocinje-prvi-street-food-festival-u-mostaru,csv/Historical-Report-NewsGradient-2022-09-21--2022-09-22.csv,902
https://www.jabuka.tv/pocela-isplata-jednokratne-pomoci-nezaposlenima-u-hnz-u,csv/Historical-Report-NewsGradient-2022-09-21--2022-09-22.csv,997
https://www.jabuka.tv/restoran-lavanda-zaposljava-vise-studenata,csv/Historical-Report-NewsGradient-2022-09-21--2022-09-22.csv,1108
https://www.jabuka.tv/vlada-zzh-uplatila-drugu-transu-za-sufinanciranje-prijevoza-ucenika,csv/Historical-Report-NewsGradient-2022-09-21--2022-09-22.csv,1197
https://www.jabuka.tv/stankovic-zanimljivom-najavom-otkrio-da-mu-gostuje-hercegovacki-politicar,csv/Historical-Report-NewsGradient-2022-09-21--2022-09-22.csv,1337
https://www.jabuka.tv/hvalevrijedan-projekt-predstavljen-u-sirokom-brijegu,csv/Historical-Report-NewsGradient-2022-09-21--2022-09-22.csv,1471
https://www.jabuka.tv/ovo-su-najgledaniji-klubovi-u-premijer-ligi-bih,csv/Historical-Report-NewsGradient-2022-09-21--2022-09-22.csv,1589
https://www.jabuka.tv/zanimljiv-prilog-zasto-se-iskrivljuju-povijesne-cinjenice,csv/Historical-Report-NewsGradient-2022-09-21--2022-09-22.csv,1712
https://www.jabuka.tv/izmijenjena-trasa-brze-ceste-kroz-siroki-brijeg,csv/Historical-Report-NewsGradient-2022-09-21--2022-09-22.csv,1842
https://www.jabuka.tv/oba-su-pala-prije-31-godinu-jedan-je-uzvik-probudio-nadu-u-milijunima-ljudi,csv/Historical-Report-NewsGradient-2022-09-21--2022-09-22.csv,1955
https://www.jabuka.tv/pobjeda-novoformirane-hrvatske-reprezentacije-igrao-i-nogometas-posusja,csv/Historical-Report-NewsGradient-2022-09-21--2022-09-22.csv,2077
https://www.jabuka.tv/putin-se-obratio-naciji-i-uputio-prijetnju-ne-blefiram,csv/Historical-Report-NewsGradient-2022-09-21--2022-09-22.csv,2195
https://www.jabuka.tv/akcija-pocela-je-skolska-godina-u-sirokom-brijegu,csv/Historical-Report-NewsGradient-2022-09-21--2022-09-22.csv,2306
https://www.jabuka.tv/dijelovi-sirokoga-brijega-posusja-i-tomislavgrada-ostat-ce-bez-struje,csv/Historical-Report-NewsGradient-2022-09-21--2022-09-22.csv,2368
https://www.jabuka.tv/razbio-auto-samo-da-bi-isprobao-novu-opciju-na-iphoneu-14,csv/Historical-Report-NewsGradient-2022-09-22--2022-09-23.csv,65
https://www.jabuka.tv/hrvatska-srusila-dansku-i-stigla-na-korak-do-final-foura,csv/Historical-Report-NewsGradient-2022-09-22--2022-09-23.csv,134
https://www.jabuka.tv/poznati-prvi-detalji-o-najnovijem-bondu,csv/Historical-Report-NewsGradient-2022-09-22--2022-09-23.csv,248
https://www.jabuka.tv/rimac-objavio-fotografije-ovdje-ce-raditi-2500-ljudi,csv/Historical-Report-NewsGradient-2022-09-22--2022-09-23.csv,345
https://www.jabuka.tv/nisu-ga-ni-okrunili-a-vec-mu-poceli-planirati-sprovod,csv/Historical-Report-NewsGradient-2022-09-22--2022-09-23.csv,445
https://www.jabuka.tv/posusanin-objavio-novi-singl,csv/Historical-Report-NewsGradient-2022-09-22--2022-09-23.csv,541
https://www.jabuka.tv/dodik-s-milanovicem-dijelim-neke-poglede-na-bih,csv/Historical-Report-NewsGradient-2022-09-22--2022-09-23.csv,646
https://www.jabuka.tv/oslobodeni-hrvat-stigao-u-zagreb-lijecnik-otkrio-u-kakvom-je-stanju,csv/Historical-Report-NewsGradient-2022-09-22--2022-09-23.csv,776
https://www.jabuka.tv/bojan-bogdanovic-ima-novi-klub,csv/Historical-Report-NewsGradient-2022-09-22--2022-09-23.csv,892
https://www.jabuka.tv/u-hrvatskoj-se-povecao-broj-ateista-a-smanjio-broj-vjernika,csv/Historical-Report-NewsGradient-2022-09-22--2022-09-23.csv,980
https://www.jabuka.tv/akcija-fup-a-u-hercegovini-uhiceno-i-ispitano-vise-osoba,csv/Historical-Report-NewsGradient-2022-09-22--2022-09-23.csv,1111
https://www.jabuka.tv/siroki-brijeg-neplanski-dobio-vodoskok,csv/Historical-Report-NewsGradient-2022-09-22--2022-09-23.csv,1229
https://www.jabuka.tv/svi-nezaposleni-u-fbih-dobit-ce-jednokratnu-novcanu-pomoc,csv/Historical-Report-NewsGradient-2022-09-22--2022-09-23.csv,1305
https://www.jabuka.tv/velic-momcad-je-dozivjela-velike-promjene-ivanov-morate-biti-strpljivi,csv/Historical-Report-NewsGradient-2022-09-22--2022-09-23.csv,1375
https://www.jabuka.tv/opasna-bakterija-u-hrenovkama-wudy-na-trzistu-bih,csv/Historical-Report-NewsGradient-2022-09-22--2022-09-23.csv,1486
https://www.jabuka.tv/sipa-u-hercegovini-uhitila-granicnog-policajca,csv/Historical-Report-NewsGradient-2022-09-22--2022-09-23.csv,1599
https://www.jabuka.tv/u-mostaru-poceo-prvi-moba-street-food-festival,csv/Historical-Report-NewsGradient-2022-09-22--2022-09-23.csv,1708
https://www.jabuka.tv/mostar-bjezao-policiji-bacio-drogu-i-izazvao-prometnu-drugi-mirno-predao-drogu-i-pistolje,csv/Historical-Report-NewsGradient-2022-09-22--2022-09-23.csv,1816
https://www.jabuka.tv/ostvarite-ustede-i-do-100-km-u-ax-solingu-2,csv/Historical-Report-NewsGradient-2022-09-22--2022-09-23.csv,1916
https://www.jabuka.tv/fbih-ocekuje-cetvrto-ovogodisnje-poskupljenje-plina,csv/Historical-Report-NewsGradient-2022-09-22--2022-09-23.csv,2036
https://www.jabuka.tv/rajska-djevo-kraljice-hrvata-odjeknula-vatikanom,csv/Historical-Report-NewsGradient-2022-09-22--2022-09-23.csv,2158
https://www.jabuka.tv/ljutika-ili-luk-kozjak-sve-trazenija-vrsta-luka,csv/Historical-Report-NewsGradient-2022-09-22--2022-09-23.csv,2285
https://www.jabuka.tv/jedna-drzava-zeli-zabraniti-voznju-muskarcima-do-21-godine,csv/Historical-Report-NewsGradient-2022-09-23--2022-09-24.csv,99
https://www.jabuka.tv/smjestajni-kapaciteti-u-neumu-popunjeni-do-sredine-studenog,csv/Historical-Report-NewsGradient-2022-09-23--2022-09-24.csv,208
https://www.jabuka.tv/na-netflix-stigla-serija-o-zloglasnom-jeffreyju-dahmeru,csv/Historical-Report-NewsGradient-2022-09-23--2022-09-24.csv,288
https://www.jabuka.tv/pogledajte-kakva-nas-jesen-ceka,csv/Historical-Report-NewsGradient-2022-09-23--2022-09-24.csv,385
https://www.jabuka.tv/raspao-se-najpoznatiji-nogometni-brak,csv/Historical-Report-NewsGradient-2022-09-23--2022-09-24.csv,498
https://www.jabuka.tv/dva-hrvatska-grada-na-listi-najpopularnijih-destinacija,csv/Historical-Report-NewsGradient-2022-09-23--2022-09-24.csv,603
https://www.jabuka.tv/vikend-uz-tv-izdvojili-smo-najbolje-za-vas,csv/Historical-Report-NewsGradient-2022-09-23--2022-09-24.csv,716
https://www.jabuka.tv/hnz-markica-za-2023-godinu-ostaje-20-km,csv/Historical-Report-NewsGradient-2022-09-23--2022-09-24.csv,817
https://www.jabuka.tv/poznata-svjetska-novinarka-otkazala-intervju-zbog-zahtjeva-predsjednik-irana,csv/Historical-Report-NewsGradient-2022-09-23--2022-09-24.csv,835
https://www.jabuka.tv/englezi-i-spanjolci-se-ukljucili-u-borbu-za-mladog-hercegovca,csv/Historical-Report-NewsGradient-2022-09-23--2022-09-24.csv,932
https://www.jabuka.tv/tri-kandidata-za-komesara-policije-u-hnz-u,csv/Historical-Report-NewsGradient-2022-09-23--2022-09-24.csv,1023
https://www.jabuka.tv/u-nastavku-fup-ove-akcije-hercegovini-pronadeno-vise-od-4-kg-eksploziva-i-oruzje,csv/Historical-Report-NewsGradient-2022-09-23--2022-09-24.csv,1157
https://www.jabuka.tv/pogledajte-kako-je-bilo-druge-veceri-moba-street-food-festivala-u-mostaru,csv/Historical-Report-NewsGradient-2022-09-23--2022-09-24.csv,1230
https://www.jabuka.tv/feal-raspisao-javni-poziv-za-stipendiranje-studenata,csv/Historical-Report-NewsGradient-2022-09-23--2022-09-24.csv,1358
https://www.jabuka.tv/krajnje-je-vrijeme-da-se-ukinu-zdravstvene-markice-u-zzh,csv/Historical-Report-NewsGradient-2022-09-23--2022-09-24.csv,1520
https://www.jabuka.tv/hakeri-napali-institucije-u-bih-tisuce-zaposlenika-vec-dva-tjedna-ne-rade-nista,csv/Historical-Report-NewsGradient-2022-09-23--2022-09-24.csv,1663
https://www.jabuka.tv/hercegovac-uhicen-s-37-kilograma-marihuane,csv/Historical-Report-NewsGradient-2022-09-23--2022-09-24.csv,1783
https://www.jabuka.tv/izetbegovic-jelka-milicevic-bi-bila-dobra-predsjedateljica-vijeca-ministara,csv/Historical-Report-NewsGradient-2022-09-23--2022-09-24.csv,1940
https://www.jabuka.tv/sirokobrijeska-akademska-slikarica-nagradena-u-hong-kongu,csv/Historical-Report-NewsGradient-2022-09-23--2022-09-24.csv,2064
https://www.jabuka.tv/pogledajte-kako-bakir-parla-engleski,csv/Historical-Report-NewsGradient-2022-09-23--2022-09-24.csv,2183
https://www.jabuka.tv/tona-peleta-u-bih-skocila-s-280-na-750-km,csv/Historical-Report-NewsGradient-2022-09-23--2022-09-24.csv,2282
https://www.jabuka.tv/nema-zime-uz-stihl-motorne-pile,csv/Historical-Report-NewsGradient-2022-09-23--2022-09-24.csv,2354
https://www.jabuka.tv/oboren-guinessov-rekord-najbrze-voznje-u-rikverc,csv/Historical-Report-NewsGradient-2022-09-24--2022-09-25.csv,77
https://www.jabuka.tv/hkk-siroki-je-pobjednik-memorijalnog-turnira-siroki-2022,csv/Historical-Report-NewsGradient-2022-09-24--2022-09-25.csv,227
https://www.jabuka.tv/kilogram-pravog-hercegovackog-meda-kosta-30-km,csv/Historical-Report-NewsGradient-2022-09-24--2022-09-25.csv,291
https://www.jabuka.tv/isplata-jednokratne-pomoci-radnicima,csv/Historical-Report-NewsGradient-2022-09-24--2022-09-25.csv,385
https://www.jabuka.tv/papa-franjo-pozvao-svijet-da-odbaci-fosilna-goriva,csv/Historical-Report-NewsGradient-2022-09-24--2022-09-25.csv,489
https://www.jabuka.tv/unatoc-izumiranju-posla-kupci-dolaze-na-blidinje-i-kupuju-sir,csv/Historical-Report-NewsGradient-2022-09-24--2022-09-25.csv,589
https://www.jabuka.tv/metoda-spavanja-10-3-2-1-0-postaje-sve-popularnija,csv/Historical-Report-NewsGradient-2022-09-24--2022-09-25.csv,722
https://www.jabuka.tv/sest-tipova-narcizma,csv/Historical-Report-NewsGradient-2022-09-24--2022-09-25.csv,811
https://www.jabuka.tv/novalic-struja-ove-godine-nece-poskupjeti,csv/Historical-Report-NewsGradient-2022-09-24--2022-09-25.csv,901
https://www.jabuka.tv/siroki-pobijedio-osijek-na-memorijalnom-turniru-u-vukovaru,csv/Historical-Report-NewsGradient-2022-09-24--2022-09-25.csv,996
https://www.jabuka.tv/hoce-li-doci-do-izgradnje-mosta-duzeg-od-peljeskog,csv/Historical-Report-NewsGradient-2022-09-24--2022-09-25.csv,1075
https://www.jabuka.tv/milanovic-o-schmidtu-neka-2-000-srba-dodje-u-sarajevo-ili-hrvata-iz-mostara-pa-da-vidimo-kako-ce-proci,csv/Historical-Report-NewsGradient-2022-09-24--2022-09-25.csv,1164
https://www.jabuka.tv/iskoristite-sezonu-mandarina-jer-jacaju-imunitet-i-cuvaju-srce,csv/Historical-Report-NewsGradient-2022-09-24--2022-09-25.csv,1255
https://www.jabuka.tv/pratite-prijenos-izvlacenja-velike-namexove-nagradne-igre,csv/Historical-Report-NewsGradient-2022-09-24--2022-09-25.csv,1351
https://www.jabuka.tv/u-mostaru-izgorio-osobni-automobil,csv/Historical-Report-NewsGradient-2022-09-24--2022-09-25.csv,1394
https://www.jabuka.tv/pratite-prijenos-izvlacenja-velike-namexove-nagradne-igre,csv/Historical-Report-NewsGradient-2022-09-24--2022-09-25.csv,1572
https://www.jabuka.tv/siroki-i-sentjur-u-finalu-memorijalnog-turnira-siroki-2022,csv/Historical-Report-NewsGradient-2022-09-24--2022-09-25.csv,1624
https://www.jabuka.tv/plenkovic-pozvao-schmidta-da-upotrijebi-bonske-ovlasti,csv/Historical-Report-NewsGradient-2022-09-24--2022-09-25.csv,1715
https://www.jabuka.tv/vikend-na-veletrznici-u-tasovcicima-povrce-za-zimnicu-je-najtrazenije,csv/Historical-Report-NewsGradient-2022-09-24--2022-09-25.csv,1826
https://www.jabuka.tv/zelite-li-kvalitetan-cesnjak-sadite-ga-u-jesen,csv/Historical-Report-NewsGradient-2022-09-24--2022-09-25.csv,1923
https://www.jabuka.tv/hrvatska-se-plasirala-na-final-four-lige-nacija,csv/Historical-Report-NewsGradient-2022-09-25--2022-09-26.csv,75
https://www.jabuka.tv/instagram-radi-na-blokiranju-nezeljenih-fotografija-golotinje-u-porukama,csv/Historical-Report-NewsGradient-2022-09-25--2022-09-26.csv,134
https://www.jabuka.tv/nastavak-velikog-netflixovog-hita-u-16-sati-skupio-milijun-pregleda,csv/Historical-Report-NewsGradient-2022-09-25--2022-09-26.csv,252
https://www.jabuka.tv/knjiga-iz-1923-puna-je-bizarnih-savjeta-za-zenidbu,csv/Historical-Report-NewsGradient-2022-09-25--2022-09-26.csv,381
https://www.jabuka.tv/siroki-osmi-put-osvojio-memorijal-u-vukovaru,csv/Historical-Report-NewsGradient-2022-09-25--2022-09-26.csv,579
https://www.jabuka.tv/mladi-ljubusak-andeoskim-glasom-osvojio-srca-zirija-i-publike-supertalenta,csv/Historical-Report-NewsGradient-2022-09-25--2022-09-26.csv,813
https://www.jabuka.tv/raguz-hrvatski-narod-u-bih-je-neravnopravan-bih-nema-odlike-suverene-drzave,csv/Historical-Report-NewsGradient-2022-09-25--2022-09-26.csv,911
https://www.jabuka.tv/ovaj-hrvatski-grad-povrsinom-je-veci-od-pariza-barcelone-i-berlina,csv/Historical-Report-NewsGradient-2022-09-25--2022-09-26.csv,1022
https://www.jabuka.tv/europi-nedostaje-400-000-vozaca-kamiona,csv/Historical-Report-NewsGradient-2022-09-25--2022-09-26.csv,1142
https://www.jabuka.tv/u-teskoj-prometnoj-nesreci-kod-mostara-poginule-cetiri-osobe,csv/Historical-Report-NewsGradient-2022-09-25--2022-09-26.csv,1256
https://www.jabuka.tv/slijedi-nam-oblacno-vrijeme-s-kisom,csv/Historical-Report-NewsGradient-2022-09-25--2022-09-26.csv,1394
https://www.jabuka.tv/uskoro-vlakom-do-zagreba-pogledajte-koliko-ce-kostati-karta,csv/Historical-Report-NewsGradient-2022-09-25--2022-09-26.csv,1495
https://www.jabuka.tv/kako-ce-bih-prezivjeti-ovu-zimu,csv/Historical-Report-NewsGradient-2022-09-25--2022-09-26.csv,1616
https://www.jabuka.tv/teska-prometna-nesreca-kod-bune-poginule-cetiri-osobe,csv/Historical-Report-NewsGradient-2022-09-25--2022-09-26.csv,1713
https://www.jabuka.tv/znate-li-koji-automobil-trosi-najvise-goriva,csv/Historical-Report-NewsGradient-2022-09-25--2022-09-26.csv,1748
https://www.jabuka.tv/sve-vise-mladih-ljudi-obolijeva-od-karcinoma,csv/Historical-Report-NewsGradient-2022-09-25--2022-09-26.csv,1826
https://www.jabuka.tv/nogometasi-bih-porazeni-u-bukurestu,csv/Historical-Report-NewsGradient-2022-09-26--2022-09-27.csv,61
https://www.jabuka.tv/poznat-datum-pocetka-nove-akademske-godine-na-sum-u,csv/Historical-Report-NewsGradient-2022-09-26--2022-09-27.csv,105
https://www.jabuka.tv/volkswagen-planira-preseliti-proizvodnju-iz-njemacke,csv/Historical-Report-NewsGradient-2022-09-26--2022-09-27.csv,220
https://www.jabuka.tv/vise-od-77-posto-gradana-podrzalo-clanstvo-bih-u-eu,csv/Historical-Report-NewsGradient-2022-09-26--2022-09-27.csv,327
https://www.jabuka.tv/mostar-ce-biti-domacin-sedmog-strip-festivala,csv/Historical-Report-NewsGradient-2022-09-26--2022-09-27.csv,504
https://www.jabuka.tv/strane-tvrtke-zele-graditi-tunel-prenj,csv/Historical-Report-NewsGradient-2022-09-26--2022-09-27.csv,603
https://www.jabuka.tv/ove-trendi-vjencanice-obiljezit-ce-2023-godinu,csv/Historical-Report-NewsGradient-2022-09-26--2022-09-27.csv,723
https://www.jabuka.tv/mostar-organizira-manifestaciju-dani-srca,csv/Historical-Report-NewsGradient-2022-09-26--2022-09-27.csv,840
https://www.jabuka.tv/molitva-krunice-bozjeg-milosrda-u-tri-hercegovacka-grada,csv/Historical-Report-NewsGradient-2022-09-26--2022-09-27.csv,947
https://www.jabuka.tv/pocinje-naplata-parkinga-u-jos-jednom-mostarskom-kvartu,csv/Historical-Report-NewsGradient-2022-09-26--2022-09-27.csv,1062
https://www.jabuka.tv/sve-su-cesca-pojava-u-hercegovini-a-zakon-im-ne-moze-nista,csv/Historical-Report-NewsGradient-2022-09-26--2022-09-27.csv,1200
https://www.jabuka.tv/korona-u-hercegovini-skoro-gotova,csv/Historical-Report-NewsGradient-2022-09-26--2022-09-27.csv,1347
https://www.jabuka.tv/peticija-za-jeftinije-cijene-vrtica-u-sirokom-brijegu,csv/Historical-Report-NewsGradient-2022-09-26--2022-09-27.csv,1508
https://www.jabuka.tv/tuziteljstvo-hnz-a-o-stravicnoj-prometnoj-nesreci-kod-mostara,csv/Historical-Report-NewsGradient-2022-09-26--2022-09-27.csv,1617
https://www.jabuka.tv/oglasili-se-mostarska-bolnica-o-stanju-trogodisnjakinje,csv/Historical-Report-NewsGradient-2022-09-26--2022-09-27.csv,1710
https://www.jabuka.tv/mostar-proglasio-dan-zalosti,csv/Historical-Report-NewsGradient-2022-09-26--2022-09-27.csv,1883
https://www.jabuka.tv/dodik-u-sarajevu-ne-jedem-i-ne-pijem-njihovu-vodu,csv/Historical-Report-NewsGradient-2022-09-26--2022-09-27.csv,1923
https://www.jabuka.tv/cijena-tone-peleta-vec-blizu-1-000-km,csv/Historical-Report-NewsGradient-2022-09-26--2022-09-27.csv,2118
https://www.jabuka.tv/kordic-o-tragicnoj-nesreci-u-mostaru-napravit-cemo-sve-kako-bismo-pomogli-obitelji,csv/Historical-Report-NewsGradient-2022-09-26--2022-09-27.csv,2295
https://www.jabuka.tv/premijer-liga-bih-tri-susreta-igraju-se-u-petak-tri-u-subotu,csv/Historical-Report-NewsGradient-2022-09-26--2022-09-27.csv,2372
https://www.jabuka.tv/audicija-za-koncert-umro-sam-al-sam-ziv-u-ljubuskom,csv/Historical-Report-NewsGradient-2022-09-27--2022-09-28.csv,96
https://www.jabuka.tv/novi-tezi-sudar-kod-mostara,csv/Historical-Report-NewsGradient-2022-09-27--2022-09-28.csv,180
https://www.jabuka.tv/mostarci-zapalili-svijece-za-obitelj-krstic,csv/Historical-Report-NewsGradient-2022-09-27--2022-09-28.csv,208
https://www.jabuka.tv/skrinkflacija-u-bih-cijena-ista-ali-gramaza-manja,csv/Historical-Report-NewsGradient-2022-09-27--2022-09-28.csv,282
https://www.jabuka.tv/bih-zbog-bizarnog-propusta-igrala-u-kataloskim-dresovima-iz-2018,csv/Historical-Report-NewsGradient-2022-09-27--2022-09-28.csv,356
https://www.jabuka.tv/sazvana-hitna-sjednica-na-kojoj-bi-se-ukinule-trosarine-na-gorivo-i-umanjio-pdv,csv/Historical-Report-NewsGradient-2022-09-27--2022-09-28.csv,520
https://www.jabuka.tv/pogledajte-cijene-goriva-u-hercegovini,csv/Historical-Report-NewsGradient-2022-09-27--2022-09-28.csv,654
https://www.jabuka.tv/eliksir-d-o-o-posusje-raspisao-natjecaj-za-posao,csv/Historical-Report-NewsGradient-2022-09-27--2022-09-28.csv,746
https://www.jabuka.tv/mostar-se-oprostio-od-tragicno-preminule-obitelji-krstic,csv/Historical-Report-NewsGradient-2022-09-27--2022-09-28.csv,832
https://www.jabuka.tv/mijenja-se-zakon-o-radu-u-zzh,csv/Historical-Report-NewsGradient-2022-09-27--2022-09-28.csv,962
https://www.jabuka.tv/poznati-pustolov-otkrio-poznate-zanimljivosti-o-ljubuskom,csv/Historical-Report-NewsGradient-2022-09-27--2022-09-28.csv,1077
https://www.jabuka.tv/glazbena-skola-posusje-skolsku-godinu-zapocela-s-najvecim-brojem-upisa-do-sada,csv/Historical-Report-NewsGradient-2022-09-27--2022-09-28.csv,1181
https://www.jabuka.tv/ovih-10-dokumentaraca-se-nalazi-u-fokusu-23-mediteran-film-festivala,csv/Historical-Report-NewsGradient-2022-09-27--2022-09-28.csv,1287
https://www.jabuka.tv/jak-udar-groma-ostetio-cestu-u-grudama,csv/Historical-Report-NewsGradient-2022-09-27--2022-09-28.csv,1387
https://www.jabuka.tv/frizeri-iz-gruda-u-finalu-prestiznog-natjecanja-u-londonu,csv/Historical-Report-NewsGradient-2022-09-27--2022-09-28.csv,1522
https://www.jabuka.tv/strajk-upozorenja-u-svim-osnovnim-skolama-u-zzh,csv/Historical-Report-NewsGradient-2022-09-27--2022-09-28.csv,1637
https://www.jabuka.tv/dvoje-kandidata-iz-hercegovine-kuhaju-u-kulinarskom-showu-masterchef,csv/Historical-Report-NewsGradient-2022-09-27--2022-09-28.csv,1767
https://www.jabuka.tv/vocari-iz-bih-bi-mogli-pretrpjeti-milijunske-gubitke,csv/Historical-Report-NewsGradient-2022-09-27--2022-09-28.csv,1889
https://www.jabuka.tv/dan-zalosti-u-mostaru-i-posljednji-ispracaj-tragicno-stradalih-u-prometnoj-nesreci,csv/Historical-Report-NewsGradient-2022-09-27--2022-09-28.csv,2026
https://www.jabuka.tv/prvi-put-nastup-trofejnih-sportasica-iz-sirokog-brijega-za-reprezentaciju-bih-u-sarajevu,csv/Historical-Report-NewsGradient-2022-09-27--2022-09-28.csv,2143
https://www.jabuka.tv/procurili-prvi-sluzbeni-renderi-samsung-galaxyja-s23,csv/Historical-Report-NewsGradient-2022-09-28--2022-09-29.csv,98
https://www.jabuka.tv/koji-kruh-je-najzdraviji,csv/Historical-Report-NewsGradient-2022-09-28--2022-09-29.csv,166
https://www.jabuka.tv/znanstvenici-objasnili-kako-uspavati-bebu-u-13-minuta,csv/Historical-Report-NewsGradient-2022-09-28--2022-09-29.csv,253
https://www.jabuka.tv/grupa-pravda-za-obitelj-krstic-nismo-dobili-dozvolu-za-prosvjed,csv/Historical-Report-NewsGradient-2022-09-28--2022-09-29.csv,361
https://www.jabuka.tv/predstavljena-knjiga-mistopisi-na-jugozapadu-sirokoga-briga,csv/Historical-Report-NewsGradient-2022-09-28--2022-09-29.csv,550
https://www.jabuka.tv/novo-ponizenje-za-princa-harryja-i-meghan,csv/Historical-Report-NewsGradient-2022-09-28--2022-09-29.csv,738
https://www.jabuka.tv/bih-ogranicava-iznose-kamatnih-stopa,csv/Historical-Report-NewsGradient-2022-09-28--2022-09-29.csv,963
https://www.jabuka.tv/u-kinu-borak-promocija-knjige-mistopisi-na-jugozapadu-sirokog-briga,csv/Historical-Report-NewsGradient-2022-09-28--2022-09-29.csv,1064
https://www.jabuka.tv/u-hrvatskoj-uskoro-krece-gradnja-jos-jednog-mosta-koji-je-slican-peljeskom,csv/Historical-Report-NewsGradient-2022-09-28--2022-09-29.csv,1166
https://www.jabuka.tv/guma-m-isporucila-flotu-dacia-vozila-kompaniji-podravka-bih,csv/Historical-Report-NewsGradient-2022-09-28--2022-09-29.csv,1279
https://www.jabuka.tv/pravda-za-obitelj-krstic-najavljeni-prosvjedi-u-mostaru,csv/Historical-Report-NewsGradient-2022-09-28--2022-09-29.csv,1376
https://www.jabuka.tv/predstavljen-turisticki-potencijal-grada-stoca,csv/Historical-Report-NewsGradient-2022-09-28--2022-09-29.csv,1496
https://www.jabuka.tv/poruka-ostavljena-na-automobilu-u-splitu-odusevila-drustvene-mreze,csv/Historical-Report-NewsGradient-2022-09-28--2022-09-29.csv,1602
https://www.jabuka.tv/jesenska-prodajna-akcija-geo-spektar,csv/Historical-Report-NewsGradient-2022-09-28--2022-09-29.csv,1698
https://www.jabuka.tv/velika-akcija-u-hrvatskoj-uhicenja-zbog-laznih-covid-potvrda,csv/Historical-Report-NewsGradient-2022-09-28--2022-09-29.csv,1797
https://www.jabuka.tv/hrvatski-reper-snimio-pjesmu-o-mati-rimcu,csv/Historical-Report-NewsGradient-2022-09-28--2022-09-29.csv,1894
https://www.jabuka.tv/bih-posljednja-u-europi-po-digitalnoj-kvaliteti-zivota,csv/Historical-Report-NewsGradient-2022-09-28--2022-09-29.csv,2002
https://www.jabuka.tv/izmedu-proslosti-i-buducnosti-u-sirokom-brijegu,csv/Historical-Report-NewsGradient-2022-09-28--2022-09-29.csv,2096
https://www.jabuka.tv/endivija-gorak-okus-zdravlja,csv/Historical-Report-NewsGradient-2022-09-28--2022-09-29.csv,2146
https://www.jabuka.tv/u-svojoj-trazilici-i-kartama-google-najavio-nove-opcije,csv/Historical-Report-NewsGradient-2022-09-29--2022-09-30.csv,85
https://www.jabuka.tv/otvorene-prijave-za-mff-school-filmsku-radionicu,csv/Historical-Report-NewsGradient-2022-09-29--2022-09-30.csv,163
https://www.jabuka.tv/odrzan-seminar-za-suce-i-delegate-saveza-ks-hb,csv/Historical-Report-NewsGradient-2022-09-29--2022-09-30.csv,255
https://www.jabuka.tv/bruce-willis-postao-prvi-glumac-koji-je-prodao-prava-na-svog-digitalnog-blizanca,csv/Historical-Report-NewsGradient-2022-09-29--2022-09-30.csv,342
https://www.jabuka.tv/povijesna-epizoda-kviza-potjera-ovo-nitko-do-sad-nije-uspio,csv/Historical-Report-NewsGradient-2022-09-29--2022-09-30.csv,428
https://www.jabuka.tv/pogledajte-trailer-o-sudenju-johnnyja-deppa-i-amber-heard,csv/Historical-Report-NewsGradient-2022-09-29--2022-09-30.csv,503
https://www.jabuka.tv/nove-ucionice-dobili-ucenici-podrucne-skole-posuski-gradac,csv/Historical-Report-NewsGradient-2022-09-29--2022-09-30.csv,596
https://www.jabuka.tv/vlada-hnz-a-priprema-proracun-do-2025-godine,csv/Historical-Report-NewsGradient-2022-09-29--2022-09-30.csv,687
https://www.jabuka.tv/plenkovic-zelimo-da-hrvate-u-bih-predstavljaju-njihovi-legitimni-predstavnici,csv/Historical-Report-NewsGradient-2022-09-29--2022-09-30.csv,779
https://www.jabuka.tv/filozofski-fakultet-sveucilista-u-mostaru-ima-novog-dekana,csv/Historical-Report-NewsGradient-2022-09-29--2022-09-30.csv,879
https://www.jabuka.tv/azurirajte-aplikaciju-whatsapp-ispravio-vrlo-opasan-bug,csv/Historical-Report-NewsGradient-2022-09-29--2022-09-30.csv,1012
https://www.jabuka.tv/schmidt-reforma-izbornog-zakona-nakon-opcih-izbora,csv/Historical-Report-NewsGradient-2022-09-29--2022-09-30.csv,1147
https://www.jabuka.tv/split-donirao-mostaru-22-autobusa,csv/Historical-Report-NewsGradient-2022-09-29--2022-09-30.csv,1273
https://www.jabuka.tv/150-obljetnica-zupe-rasno-osiguran-prijenos-sredisnjeg-misnog-slavlja,csv/Historical-Report-NewsGradient-2022-09-29--2022-09-30.csv,1410
https://www.jabuka.tv/mostar-okicen-zastavicama-herceg-bosne,csv/Historical-Report-NewsGradient-2022-09-29--2022-09-30.csv,1554
https://www.jabuka.tv/grude-kamionom-u-benzinsku-postaju,csv/Historical-Report-NewsGradient-2022-09-29--2022-09-30.csv,1679
https://www.jabuka.tv/novih-pet-artikala-i-ovoga-petka-na-akciji-u-ax-solingu,csv/Historical-Report-NewsGradient-2022-09-29--2022-09-30.csv,1731
https://www.jabuka.tv/marijan-knezovic-gostovao-u-bujici-bilo-je-svega,csv/Historical-Report-NewsGradient-2022-09-29--2022-09-30.csv,1858
https://www.jabuka.tv/marijana-mikulic-nakon-danasnje-procjene-sina-sam-potonula,csv/Historical-Report-NewsGradient-2022-09-29--2022-09-30.csv,1965
https://www.jabuka.tv/viralni-video-kako-cvrkucu-ptice-u-mostaru,csv/Historical-Report-NewsGradient-2022-09-29--2022-09-30.csv,2089
https://www.jabuka.tv/markovina-covic-je-izabrao-losu-kandidatkinju-da-se-ne-bi-dogodilo-da-pobijedi,csv/Historical-Report-NewsGradient-2022-09-29--2022-09-30.csv,2195
https://www.jabuka.tv/ucenici-iz-hbz-a-ici-ce-na-terensku-nastavu-u-vukovar,csv/Historical-Report-NewsGradient-2022-09-29--2022-09-30.csv,2254
https://www.jabuka.tv/glazba-je-za-mentalno-zdravlje-jednako-vazna-kao-i-vjezbanje,csv/Historical-Report-NewsGradient-2022-09-30--2022-10-01.csv,75
https://www.jabuka.tv/rimac-podijelio-snimku-iz-proizvodnje-i-pokazao-kako-se-pakiraju-nevere,csv/Historical-Report-NewsGradient-2022-09-30--2022-10-01.csv,141
https://www.jabuka.tv/zrinjski-novom-pobjedom-nastavio-niz-neporazenosti-protiv-slobode,csv/Historical-Report-NewsGradient-2022-09-30--2022-10-01.csv,224
https://www.jabuka.tv/proslavljena-bh-redateljica-o-glasanju-za-komsica-evo-sto-mi-je-rekao-prijatelj-iz-sirokog,csv/Historical-Report-NewsGradient-2022-09-30--2022-10-01.csv,342
https://www.jabuka.tv/knjiga-generala-cosica-predstavljena-u-sirokom-brijegu,csv/Historical-Report-NewsGradient-2022-09-30--2022-10-01.csv,431
https://www.jabuka.tv/vikend-uz-tv-raznovrsna-ponuda-filmova-za-vas,csv/Historical-Report-NewsGradient-2022-09-30--2022-10-01.csv,533
https://www.jabuka.tv/hercegovacki-plodovi-mediterana-okupili-proizvodace-iz-cijele-regije,csv/Historical-Report-NewsGradient-2022-09-30--2022-10-01.csv,617
https://www.jabuka.tv/evo-kako-mozete-provjeriti-svoje-glasacko-mjesto,csv/Historical-Report-NewsGradient-2022-09-30--2022-10-01.csv,733
https://www.jabuka.tv/velez-i-posusje-remizirali-u-zanimljivoj-utakmici,csv/Historical-Report-NewsGradient-2022-09-30--2022-10-01.csv,855
https://www.jabuka.tv/milanovic-pozvao-hrvate-u-bih-da-izadu-na-izbore-sitit-cemo-vas,csv/Historical-Report-NewsGradient-2022-09-30--2022-10-01.csv,978
https://www.jabuka.tv/capljina-gradi-djecji-vrtic-kakvog-nema-u-regiji,csv/Historical-Report-NewsGradient-2022-09-30--2022-10-01.csv,1076
https://www.jabuka.tv/listopad-u-znaku-didakovih-dana,csv/Historical-Report-NewsGradient-2022-09-30--2022-10-01.csv,1203
https://www.jabuka.tv/bih-u-kolovozu-posjetilo-vise-od-143-tisuce-turista,csv/Historical-Report-NewsGradient-2022-09-30--2022-10-01.csv,1314
https://www.jabuka.tv/capljina-po-prvi-put-u-bih-gradonacelnik-se-obratio-putem-holograma,csv/Historical-Report-NewsGradient-2022-09-30--2022-10-01.csv,1417
https://www.jabuka.tv/u-mostaru-predstavljanje-monografije-na-olimpu-herceg-bosne,csv/Historical-Report-NewsGradient-2022-09-30--2022-10-01.csv,1535
https://www.jabuka.tv/kviz-kako-biste-vi-rijesili-zavrsnu-potjeru,csv/Historical-Report-NewsGradient-2022-09-30--2022-10-01.csv,1654
https://www.jabuka.tv/bih-u-prvih-osam-mjeseci-izvezla-proizvode-u-vrijednosti-od-11-milijardi-i-889-milijuna-km,csv/Historical-Report-NewsGradient-2022-09-30--2022-10-01.csv,1749
https://www.jabuka.tv/cesta-capljina-mostar-od-listopada-ce-bit-zatvorena-dva-puta-dnevno-po-par-sati,csv/Historical-Report-NewsGradient-2022-09-30--2022-10-01.csv,1851
https://www.jabuka.tv/antonija-banozic-bit-cemo-pokretaci-pozitivnih-promjena-u-skupstini-zzh,csv/Historical-Report-NewsGradient-2022-09-30--2022-10-01.csv,1954
https://www.jabuka.tv/usponom-na-veliku-vlajnu-i-cabulju-hpd-prenj-1933-organizira-dan-otvorenih-vrata,csv/Historical-Report-NewsGradient-2022-09-30--2022-10-01.csv,2023
https://www.jabuka.tv/putin-priznao-ukrajinski-herson-i-zaporizju-kao-neovisne-drzave,csv/Historical-Report-NewsGradient-2022-09-30--2022-10-01.csv,2106
https://www.jabuka.tv/pogledajte-kakvo-nas-vrijeme-ocekuje-za-vikend-4,csv/Historical-Report-NewsGradient-2022-09-30--2022-10-01.csv,2185
https://www.jabuka.tv/ovo-je-haljina-o-kojoj-bruji-cijeli-svijet,csv/Historical-Report-NewsGradient-2022-10-01--2022-10-02.csv,21
https://www.jabuka.tv/netflix-snimio-dokumentarac-o-zatvoru-u-zenici,csv/Historical-Report-NewsGradient-2022-10-01--2022-10-02.csv,50
https://www.jabuka.tv/alan-hrzica-ja-sam-ljudima-poslan-od-boga,csv/Historical-Report-NewsGradient-2022-10-01--2022-10-02.csv,114
https://www.jabuka.tv/predstavljena-monografija-na-olimpu-herceg-bosne,csv/Historical-Report-NewsGradient-2022-10-01--2022-10-02.csv,201
https://www.jabuka.tv/siroki-brijeg-se-pobjedom-protiv-igmana-vratio-na-prvo-mjesto,csv/Historical-Report-NewsGradient-2022-10-01--2022-10-02.csv,290
https://www.jabuka.tv/schmidt-vasa-djeca-ce-odgovoriti-tako-sto-ce-otici-iz-drzave,csv/Historical-Report-NewsGradient-2022-10-01--2022-10-02.csv,413
https://www.jabuka.tv/papa-franjo-imenovao-novog-nuncija-u-bih,csv/Historical-Report-NewsGradient-2022-10-01--2022-10-02.csv,531
https://www.jabuka.tv/kampus-sum-a-ponovno-na-meti-vandala,csv/Historical-Report-NewsGradient-2022-10-01--2022-10-02.csv,633
https://www.jabuka.tv/biopharm-zaposljava-vise-osoba,csv/Historical-Report-NewsGradient-2022-10-01--2022-10-02.csv,743
https://www.jabuka.tv/31-godina-od-napada-na-ravno-i-pocetka-rata-u-bih,csv/Historical-Report-NewsGradient-2022-10-01--2022-10-02.csv,831
https://www.jabuka.tv/mostarski-strip-vikend-okupio-rekordan-broj-umjetnika-iz-regije-i-svijeta,csv/Historical-Report-NewsGradient-2022-10-01--2022-10-02.csv,918
https://www.jabuka.tv/polozen-kamen-temeljac-za-edukacijsko-obucni-kompleks-mup-a-zzh,csv/Historical-Report-NewsGradient-2022-10-01--2022-10-02.csv,1008
https://www.jabuka.tv/misa-za-roditelje-nerodene-djece,csv/Historical-Report-NewsGradient-2022-10-01--2022-10-02.csv,1104
https://www.jabuka.tv/jaka-eksplozija-u-splitu-ima-ozlijedenih,csv/Historical-Report-NewsGradient-2022-10-01--2022-10-02.csv,1202
https://www.jabuka.tv/predstavljanje-monografije-na-olimpu-herceg-bosne,csv/Historical-Report-NewsGradient-2022-10-01--2022-10-02.csv,1281
https://www.jabuka.tv/domaca-zadaca-skolarca-iz-imotskog-postala-hit,csv/Historical-Report-NewsGradient-2022-10-01--2022-10-02.csv,1384
https://www.jabuka.tv/medunarodni-je-dan-kave-donosimo-nekoliko-zanimljivosti-o-ovom-napitku,csv/Historical-Report-NewsGradient-2022-10-01--2022-10-02.csv,1483
https://www.jabuka.tv/sveuciliste-u-zagrebu-ima-novog-rektora,csv/Historical-Report-NewsGradient-2022-10-01--2022-10-02.csv,1592
https://www.jabuka.tv/pogledajte-dramu-na-treningu-za-vn-singapura,csv/Historical-Report-NewsGradient-2022-10-01--2022-10-02.csv,1696
https://www.jabuka.tv/salem-maric-podnio-kaznenu-prijavu-zbog-hnk-mostar,csv/Historical-Report-NewsGradient-2022-10-01--2022-10-02.csv,1795
https://www.jabuka.tv/pocela-je-izborna-sutnja,csv/Historical-Report-NewsGradient-2022-10-01--2022-10-02.csv,1894
https://www.jabuka.tv/kaos-u-rs-i-dodik-i-trivic-proglasili-pobjedu,csv/Historical-Report-NewsGradient-2022-10-02--2022-10-03.csv,82
https://www.jabuka.tv/potres-pogodio-hercegovinu-3,csv/Historical-Report-NewsGradient-2022-10-02--2022-10-03.csv,145
https://www.jabuka.tv/objavljeni-prvi-preliminarni-rezultati-za-predsjednistvo-bih,csv/Historical-Report-NewsGradient-2022-10-02--2022-10-03.csv,190
https://www.jabuka.tv/kristo-ovo-je-pobjeda-hrvatskog-naroda-u-bih,csv/Historical-Report-NewsGradient-2022-10-02--2022-10-03.csv,246
https://www.jabuka.tv/donosimo-izlaznost-u-zzh-hnz-i-hbz-u,csv/Historical-Report-NewsGradient-2022-10-02--2022-10-03.csv,264
https://www.jabuka.tv/komsic-dobrodosli-u-gradansku-drzavu,csv/Historical-Report-NewsGradient-2022-10-02--2022-10-03.csv,394
https://www.jabuka.tv/raspudic-u-izmjenama-se-krije-opasnost-za-hrvate,csv/Historical-Report-NewsGradient-2022-10-02--2022-10-03.csv,501
https://www.jabuka.tv/motornom-pilom-pokusao-utjecati-na-birace,csv/Historical-Report-NewsGradient-2022-10-02--2022-10-03.csv,672
https://www.jabuka.tv/raguz-o-schmidtovoj-odluci-nisu-mi-jasne-dvije-stvari,csv/Historical-Report-NewsGradient-2022-10-02--2022-10-03.csv,841
https://www.jabuka.tv/guzve-na-granicnim-prijelazima-izmedu-bih-i-hrvatske,csv/Historical-Report-NewsGradient-2022-10-02--2022-10-03.csv,1000
https://www.jabuka.tv/schmidt-ce-odmah-nametnuti-izmjene-izbornog-zakona,csv/Historical-Report-NewsGradient-2022-10-02--2022-10-03.csv,1228
https://www.jabuka.tv/iz-minute-u-minutu-pratite-izborni-dan-u-bih,csv/Historical-Report-NewsGradient-2022-10-02--2022-10-03.csv,1360
https://www.jabuka.tv/kruna-elizabete-ii-vrijedi-900-000-dolara-poznato-tko-ce-je-naslijediti,csv/Historical-Report-NewsGradient-2022-10-02--2022-10-03.csv,1528
https://www.jabuka.tv/iz-minute-u-minutu-pratite-izborni-dan-u-bih,csv/Historical-Report-NewsGradient-2022-10-02--2022-10-03.csv,1684
https://www.jabuka.tv/u-nedjelju-navecer-krece-borba-hrvatskih-televizija,csv/Historical-Report-NewsGradient-2022-10-02--2022-10-03.csv,1717
https://www.jabuka.tv/uzivo-prijenos-mise-povodom-150-obljetnice-zupe-rasno,csv/Historical-Report-NewsGradient-2022-10-02--2022-10-03.csv,1878
https://www.jabuka.tv/biracki-odbor-se-smjestio-na-pogresnoj-adresi,csv/Historical-Report-NewsGradient-2022-10-02--2022-10-03.csv,1918
https://www.jabuka.tv/policija-objavila-detalje-eksplozije-u-splitu,csv/Historical-Report-NewsGradient-2022-10-02--2022-10-03.csv,2005
https://www.jabuka.tv/milanovic-shvatio-sam-da-su-ljudi-poput-komsica-prevaranti,csv/Historical-Report-NewsGradient-2022-10-02--2022-10-03.csv,2113
https://www.jabuka.tv/kristo-ocekujem-masovan-izlazak-i-pobjedu,csv/Historical-Report-NewsGradient-2022-10-02--2022-10-03.csv,2237
https://www.jabuka.tv/vitez-dvije-osobe-ranjene-u-pucnjavi-u-ugostiteljskom-objektu,csv/Historical-Report-NewsGradient-2022-10-02--2022-10-03.csv,2362
https://www.jabuka.tv/na-nogometnoj-utakmici-u-stampedu-i-neredima-174-poginulih,csv/Historical-Report-NewsGradient-2022-10-02--2022-10-03.csv,2470
https://www.jabuka.tv/izborne-nepravilnosti-donijeli-dva-bunta-oznacenih-glasackih-listica,csv/Historical-Report-NewsGradient-2022-10-02--2022-10-03.csv,2583
https://www.jabuka.tv/covic-glasovao-u-mostaru-nadam-se-da-je-ovo-dobar-primjer,csv/Historical-Report-NewsGradient-2022-10-02--2022-10-03.csv,2714
https://www.jabuka.tv/iz-minute-u-minutu-pratite-izborni-dan-u-bih,csv/Historical-Report-NewsGradient-2022-10-02--2022-10-03.csv,2780
https://www.jabuka.tv/150-obljetnica-zupe-rasno-osiguran-prijenos-sredisnjeg-misnog-slavlja,csv/Historical-Report-NewsGradient-2022-10-02--2022-10-03.csv,2956
https://www.jabuka.tv/evo-kako-mozete-provjeriti-svoje-glasacko-mjesto,csv/Historical-Report-NewsGradient-2022-10-02--2022-10-03.csv,3063
https://www.jabuka.tv/otvorena-biralista-u-bih,csv/Historical-Report-NewsGradient-2022-10-02--2022-10-03.csv,3131
