https://m.novi.ba/clanak/373098/kajganic-poslao-poruku-pozivam-sve-gradane-da-prijave-nudenje-novca-ili-upucivanja-prijetnji-radi-glasanja,csv/Historical-Report-NewsGradient-2022-09-02--2022-09-09.csv,1497
https://novi.ba/clanak/373091/ogranicena-cijena-pileta-mljevenog-mesa-ulja-pogledajte-cijene-u-hrvatskoj-foto,csv/Historical-Report-NewsGradient-2022-09-02--2022-09-09.csv,1645
https://m.novi.ba/clanak/373058/znacajan-pad-nakon-dugo-vremena-cijela-barela-nafte-ispod-90-dolara,csv/Historical-Report-NewsGradient-2022-09-02--2022-09-09.csv,2021
https://m.novi.ba/clanak/373040/zelenski-imamo-dobre-vijesti,csv/Historical-Report-NewsGradient-2022-09-02--2022-09-09.csv,2231
https://m.novi.ba/clanak/373024/prije-spavanja-popijte-ovaj-napitak-nema-te-masti-koja-ce-se-lijepiti-za-bokove-poslije-ovoga,csv/Historical-Report-NewsGradient-2022-09-02--2022-09-09.csv,2415
https://m.novi.ba/clanak/373028/erdogan-stigao-u-zagreb-grad-blokiran-uvedene-posebne-mjere-sigurnosti,csv/Historical-Report-NewsGradient-2022-09-02--2022-09-09.csv,2433
https://m.novi.ba/clanak/373017/osuden-u-bih-na-15-godina-robije-darko-elez-prebacen-u-srbiju,csv/Historical-Report-NewsGradient-2022-09-02--2022-09-09.csv,2439
https://m.novi.ba/clanak/373018/znate-li-u-koje-zemlje-gradani-bih-mogu-putovati-sa-licnom-kartom,csv/Historical-Report-NewsGradient-2022-09-02--2022-09-09.csv,2453
https://m.novi.ba/clanak/373020/nakon-posjeta-bih-i-srbiji-turski-predsjednik-erdogan-doputovao-u-hrvatsku,csv/Historical-Report-NewsGradient-2022-09-02--2022-09-09.csv,2508
https://sport.novi.ba/clanak/299720/ouuuuu-kakva-akcija-bayerna-i-gol-inter-sokiran-usetali-su-im-se-u-mrezu,csv/Historical-Report-NewsGradient-2022-09-02--2022-09-09.csv,2639
https://m.novi.ba/clanak/373010/lagumdzija-vojin-mijatovic-je-dodikov-kandidat,csv/Historical-Report-NewsGradient-2022-09-02--2022-09-09.csv,2684
https://sport.novi.ba/clanak/299713/pada-rekord-barcelona-i-manchester-city-dogovorili-najveci-transfer-u-historiji,csv/Historical-Report-NewsGradient-2022-09-02--2022-09-09.csv,2765
https://m.novi.ba/clanak/372996/na-protestima-ispred-ohr-a-zatrazen,csv/Historical-Report-NewsGradient-2022-09-02--2022-09-09.csv,2902
https://m.novi.ba/clanak/372994/u-gorazdu-napadnuta-kandidatkinja-za-izbore-sa-liste-bh-demokrata-dobila-udarce-u-glavu,csv/Historical-Report-NewsGradient-2022-09-02--2022-09-09.csv,2939
https://m.novi.ba/clanak/372995/preminuo-u-ukc-rs-nakon-tri-dana-haski-tribunal-uskratio-lijecenje-brdaninu,csv/Historical-Report-NewsGradient-2022-09-02--2022-09-09.csv,2976
https://m.novi.ba/clanak/372986/protesti-ispred-ohr-a-poruka-visokom-predstavniku,csv/Historical-Report-NewsGradient-2022-09-02--2022-09-09.csv,3171
https://m.novi.ba/clanak/372983/nevrijeme-pogodilo-zagreb-u-nekoliko-minuta-poplavilo-sve-vjetar-nosi-sve-pred-sobom,csv/Historical-Report-NewsGradient-2022-09-02--2022-09-09.csv,3200
https://m.novi.ba/clanak/372982/sarovic-necemo-podrzati-dodikov-veto-u-vezi-s-agremanom-njemackom-ambasadoru,csv/Historical-Report-NewsGradient-2022-09-02--2022-09-09.csv,3292
https://m.novi.ba/clanak/372976/kako-odrzavati-stan-toplim-bez-grijanja,csv/Historical-Report-NewsGradient-2022-09-02--2022-09-09.csv,3520
https://m.novi.ba/clanak/372972/putin-se-zalio-na-umor-a-sad-se-pojavio-snimak-kako-drijema-na-sastanku-video,csv/Historical-Report-NewsGradient-2022-09-02--2022-09-09.csv,3545
https://m.novi.ba/clanak/372968/predsjednik-vucic-o-putinovom-govoru-ova-zima-ce-biti-hladna-a-sljedeca-polarna,csv/Historical-Report-NewsGradient-2022-09-02--2022-09-09.csv,3649
https://m.novi.ba/clanak/372960/novi-detalji-napada-ajkule-na-luksuznom-ostvru-evo-zasto-je-dosla-do-turista,csv/Historical-Report-NewsGradient-2022-09-02--2022-09-09.csv,3850
https://m.novi.ba/clanak/372952/bizarna-svecanost-u-zivinicama-uz-presijecanje-vrpce-i-balone-otvoren-lift,csv/Historical-Report-NewsGradient-2022-09-02--2022-09-09.csv,3971
https://m.novi.ba/clanak/372947/preminuo-ratni-zlocinac-radoslav-brdanin,csv/Historical-Report-NewsGradient-2022-09-02--2022-09-09.csv,4243
https://m.novi.ba/clanak/372942/putin-svijetu-prijeti-katastrofa-bez-presedana,csv/Historical-Report-NewsGradient-2022-09-02--2022-09-09.csv,4377
https://m.novi.ba/clanak/372935/jutros-u-bih-suncano-evo-sta-nas-ceka-do-nedjelje,csv/Historical-Report-NewsGradient-2022-09-02--2022-09-09.csv,4490
https://m.novi.ba/clanak/372925/zaposlenici-trgovina-savjetuju-ovo-je-13-trikova-za-ustedu-novca,csv/Historical-Report-NewsGradient-2022-09-02--2022-09-09.csv,4778
https://sport.novi.ba/clanak/299672/ovo-je-mladi-sportista-koji-je-poginuo-u-crnoj-gori,csv/Historical-Report-NewsGradient-2022-09-02--2022-09-09.csv,4854
https://m.novi.ba/clanak/372916/novi-detalji-smrti-specijalca-na-obuci-sazvana-presica-u-mup-u-pozlilo-jos-trojici,csv/Historical-Report-NewsGradient-2022-09-02--2022-09-09.csv,5085
https://m.novi.ba/clanak/372906/nato-najavio-novu-pomoc-bosni-i-hercegovini-za-jacanje-oruzanih-snaga,csv/Historical-Report-NewsGradient-2022-09-02--2022-09-09.csv,5353
https://m.novi.ba/clanak/372901/dodik-ne-mozete-stalno-nesto-kukati-obecacu-asfaltiranje-puta-ali-se-ne-mogu-sjetiti-kojeg,csv/Historical-Report-NewsGradient-2022-09-02--2022-09-09.csv,5498
https://m.novi.ba/clanak/372900/preminuo-30-godisnji-specijalac-otac-dvoje-djece-bio-je-jedan-od-najboljih,csv/Historical-Report-NewsGradient-2022-09-02--2022-09-09.csv,5525
https://sport.novi.ba/clanak/299651/beciragic-nasmijao-sve-u-press-sali-ako-imas-kakvog-dobrog-dilera-da-nas-malo-pogura-za-sutra,csv/Historical-Report-NewsGradient-2022-09-02--2022-09-09.csv,5531
https://m.novi.ba/clanak/372896/sta-ce-hrvati-sad-reci-nakon-ovih-rijeci-erdogana-turski-predstavnik-govorio-o-nametanju-izmjena-izbornog-zakona,csv/Historical-Report-NewsGradient-2022-09-02--2022-09-09.csv,5611
https://m.novi.ba/clanak/372895/dodik-treba-otjerati-schmidta-iz-bih-evo-kako-je-erdogan-reagovao,csv/Historical-Report-NewsGradient-2022-09-02--2022-09-09.csv,5627
https://m.novi.ba/clanak/372894/usaglasena-trasa-autoceste-sarajevo-beograd,csv/Historical-Report-NewsGradient-2022-09-02--2022-09-09.csv,5636
https://sport.novi.ba/clanak/299643/zmajevi-u-egalu-sa-sjajnim-francuzima-u-dvorani-haos-brojni-litvanci-dosli-u-dvoranu-i-navijaju-protiv-bih-njihova-podrska-podgrijala-bh-navijace,csv/Historical-Report-NewsGradient-2022-09-02--2022-09-09.csv,5743
https://sport.novi.ba/clanak/299608/nba-francuz-pred-duel-sa-zmajevima-progovorio-bosanski-evo-sta-je-porucio-video,csv/Historical-Report-NewsGradient-2022-09-02--2022-09-09.csv,7202
https://sport.novi.ba/clanak/299602/slovenski-mediji-otkrivaju-sta-je-tacno-luka-doncic-rekao-na-time-outu,csv/Historical-Report-NewsGradient-2022-09-02--2022-09-09.csv,7626
https://m.novi.ba/clanak/372769/dodik-zbog-imenovanja-njemackog-ambasadora-pokrece-vitalni-interes,csv/Historical-Report-NewsGradient-2022-09-02--2022-09-09.csv,8508
https://sport.novi.ba/clanak/299583/buuuum-senzacionalan-povratak-brazilca-u-premier-ligu-diego-costa-mijenja-sjajnog-spica-srpskih-korijena,csv/Historical-Report-NewsGradient-2022-09-02--2022-09-09.csv,8725
https://m.novi.ba/clanak/372755/misteriozni-avion-preletio-evropu-pa-se-srusio-kod-latvije-pratili-ga-lovci-nato-a,csv/Historical-Report-NewsGradient-2022-09-02--2022-09-09.csv,8902
https://m.novi.ba/clanak/372754/od-danas-ljepse-vrijeme-bez-kise,csv/Historical-Report-NewsGradient-2022-09-02--2022-09-09.csv,9121
https://sport.novi.ba/clanak/299570/au-kakav-skandal-turci-se-povlace-s-evrobasketa-tvrde-da-je-njihov-igrac-pretucen-i-postavili-su-ovaj-uslov-za-fiba-u,csv/Historical-Report-NewsGradient-2022-09-02--2022-09-09.csv,9303
https://sport.novi.ba/clanak/299563/veliki-kosarkas-ali-i-ne-bas-sjajan-covjek-luka-doncic-razbjesnio-bih-izjavom-na-posljednjem-time-outu,csv/Historical-Report-NewsGradient-2022-09-02--2022-09-09.csv,9420
https://sport.novi.ba/clanak/299558/nakon-sto-su-dobili-sloveniju-b-h-kapiten-se-popeo-medu-navijace-i-porucio-ko-su-prvaci-svijeta-da-i-njih-dobijemo,csv/Historical-Report-NewsGradient-2022-09-02--2022-09-09.csv,9601
https://sport.novi.ba/clanak/299556/nurkic-nakon-senzacionalne-pobjede-nad-doncicem-i-druzinom-bog-zna-da-sam-obecao,csv/Historical-Report-NewsGradient-2022-09-02--2022-09-09.csv,9674
https://sport.novi.ba/clanak/299555/senzacijaaaaaaa-zmajevi-dobili-evropske-prvake-bosna-i-hercegovina-je-u-drugom-krugu,csv/Historical-Report-NewsGradient-2022-09-02--2022-09-09.csv,9755
https://sport.novi.ba/clanak/299550/united-vodi-na-poluvremenu-ali-svi-pricaju-o-reakciji-ronalda-nakon-gola-kamere-su-sve-uhvatile,csv/Historical-Report-NewsGradient-2022-09-02--2022-09-09.csv,9886
https://sport.novi.ba/clanak/299549/goooooooooooool-u-velikom-derbiju-zabio-je-decko-od-95-miliona-strasna-kontra-uniteda-i-topnici-su-na-koljenima,csv/Historical-Report-NewsGradient-2022-09-02--2022-09-09.csv,9937
https://sport.novi.ba/clanak/299547/je-li-arsenal-tesko-pokraden-upravo-na-old-traffordu-kontra-iz-snova-i-strasan-pogodak-a-onda-se-nakon-protesta-domacih-ukljucio-var,csv/Historical-Report-NewsGradient-2022-09-02--2022-09-09.csv,9998
https://sport.novi.ba/clanak/299544/on-zaista-nije-s-ove-planete-pogledajte-modricevu-cetiri-sekunde-dugu-akciju-kojom-je-izbacio-dva-protivnika,csv/Historical-Report-NewsGradient-2022-09-02--2022-09-09.csv,10072
https://sport.novi.ba/clanak/299542/nestvaran-propust-ferrarija-mehanicar-zaboravio-gumu-u-garazi-i-sainzu-unistio-trku,csv/Historical-Report-NewsGradient-2022-09-02--2022-09-09.csv,10190
https://m.novi.ba/clanak/372701/muskarac-upao-u-crkvu-u-beogradu-i-vjernike-napao-nozem-dvoje-povrijedenih,csv/Historical-Report-NewsGradient-2022-09-02--2022-09-09.csv,10259
https://m.novi.ba/clanak/372699/igk-odluka-o-pustanju-brdanina-na-slobodu-nepravedna-i-sramna,csv/Historical-Report-NewsGradient-2022-09-02--2022-09-09.csv,10305
https://m.novi.ba/clanak/372697/dobre-vijesti-za-vozace-u-bih-ocekujemo-stabilizaciju-i-pad-cijena-goriva,csv/Historical-Report-NewsGradient-2022-09-02--2022-09-09.csv,10371
https://m.novi.ba/clanak/372698/scholz-i-macron-pisali-aleksandru-vucicu-presudan-trenutak-za-stabilnost-zapadnog-balkana,csv/Historical-Report-NewsGradient-2022-09-02--2022-09-09.csv,10418
https://m.novi.ba/clanak/372691/za-funkciju-glavnog-tuzioca-bih-u-najuzem-krugu-tri-kandidata,csv/Historical-Report-NewsGradient-2022-09-02--2022-09-09.csv,10448
https://m.novi.ba/clanak/372692/ukc-rs-o-zdravstvenom-stanju-osudenog-ratnog-zlocinca-radoslava-brdanina,csv/Historical-Report-NewsGradient-2022-09-02--2022-09-09.csv,10476
https://m.novi.ba/clanak/372695/sejdic-i-finci-nakon-sastanka-u-ohr-u-schmidt-istakao-da-mu-cilj-nije-etnicka-podjela,csv/Historical-Report-NewsGradient-2022-09-02--2022-09-09.csv,10498
https://m.novi.ba/clanak/372689/dzaferovic-turska-je-voljna-da-ekonomski-saraduje-s-nama-a-mi-imamo-interes,csv/Historical-Report-NewsGradient-2022-09-02--2022-09-09.csv,10757
https://m.novi.ba/clanak/372687/ko-je-ramzan-kadirov-kazu-da-je-putinov-omiljeni-ratnik,csv/Historical-Report-NewsGradient-2022-09-02--2022-09-09.csv,10782
https://m.novi.ba/clanak/372688/van-zivotne-opasnost-svih-pet-osoba-koje-su-povrijedene-u-saobracajnoj-nesreci-kod-konjica,csv/Historical-Report-NewsGradient-2022-09-02--2022-09-09.csv,10861
https://m.novi.ba/clanak/372686/osudeni-ratni-zlocinac-radoslav-brdanin-smjesten-na-ukc-rs-u-teskom-je-stanju,csv/Historical-Report-NewsGradient-2022-09-02--2022-09-09.csv,11009
https://m.novi.ba/clanak/372681/sudije-pojasnile-radoslav-brdanin-osloboden-uz-odredene-uslove-1,csv/Historical-Report-NewsGradient-2022-09-02--2022-09-09.csv,11042
https://m.novi.ba/clanak/372682/utopio-se-mladic-19-u-rijeci-drini-tijelo-jos-nije-pronadeno,csv/Historical-Report-NewsGradient-2022-09-02--2022-09-09.csv,11121
https://m.novi.ba/clanak/372680/danas-oblacno-vrijeme-s-kisom-u-bih-od-sutra-krece-suncani-period,csv/Historical-Report-NewsGradient-2022-09-02--2022-09-09.csv,11142
https://sport.novi.ba/clanak/299517/oooooo-edin-dzekoooo-rafael-leao-je-dao-golcinu-a-onda-se-pojavio-dijamant-gledamo-strasan-derbi,csv/Historical-Report-NewsGradient-2022-09-02--2022-09-09.csv,11635
https://m.novi.ba/clanak/372548/potukle-se-profesorice-na-fakultetu-unistile-inventar,csv/Historical-Report-NewsGradient-2022-09-02--2022-09-09.csv,14031
https://m.novi.ba/clanak/372553/suspendovana-sutkinja-suda-bih-dalida-burzic,csv/Historical-Report-NewsGradient-2022-09-02--2022-09-09.csv,14050
https://m.novi.ba/clanak/372544/ajkuli-uskocila-u-brod-zamalo-udarila-ribare,csv/Historical-Report-NewsGradient-2022-09-02--2022-09-09.csv,14063
https://m.novi.ba/clanak/372547/kolaps-u-vogosci-saobracaj-otezan-zbog-saobracajne-nesrece,csv/Historical-Report-NewsGradient-2022-09-02--2022-09-09.csv,14074
https://m.novi.ba/clanak/372550/anketa-da-imate-priliku-da-li-biste-napustili-bih-i-otisli-zivjeti-u-neku-drugu-drzavu,csv/Historical-Report-NewsGradient-2022-09-02--2022-09-09.csv,14101
https://m.novi.ba/clanak/372542/najpopularniji-namaz-na-drustvenim-mrezama-ima-preko-2-miliona-pregleda-kombinacija-ova-dva-sastojka-je-carobna,csv/Historical-Report-NewsGradient-2022-09-02--2022-09-09.csv,14119
https://m.novi.ba/clanak/372545/opljackani-radnici-benziske-pumpe-kod-tuzle,csv/Historical-Report-NewsGradient-2022-09-02--2022-09-09.csv,14177
https://m.novi.ba/clanak/372540/njemacki-ambasador-dobio-agreman-da-li-ce-dodik-iskoristiti-vitalni-nacionalni-interes,csv/Historical-Report-NewsGradient-2022-09-02--2022-09-09.csv,14208
https://m.novi.ba/clanak/372533/dodik-mrznja-druga-dva-clana-predsjednistva-prema-republici-srpskoj-je-ocigledna,csv/Historical-Report-NewsGradient-2022-09-02--2022-09-09.csv,14339
https://m.novi.ba/clanak/372523/dw-1,csv/Historical-Report-NewsGradient-2022-09-02--2022-09-09.csv,14366
https://m.novi.ba/clanak/372509/abazovic-nemamo-potvrdu-da-iza-napada-na-crnu-goru-stoji-rusija,csv/Historical-Report-NewsGradient-2022-09-02--2022-09-09.csv,14537
https://m.novi.ba/clanak/372500/tuzla-prvi-grad-u-bih-koji-ce-imati-direktnu-zeljeznicku-konekciju-s-kinom,csv/Historical-Report-NewsGradient-2022-09-02--2022-09-09.csv,14571
https://m.novi.ba/clanak/372516/otac-dzenana-memica-ovo-smo-cekali-vise-od-sest-godina,csv/Historical-Report-NewsGradient-2022-09-02--2022-09-09.csv,14631
https://m.novi.ba/clanak/372510/ova-3-horoskopska-znaka-uvijek-kasne-i-krse-dogovore-da-li-ste-to-vi,csv/Historical-Report-NewsGradient-2022-09-02--2022-09-09.csv,14684
https://m.novi.ba/clanak/372511/foca-bolnica-salje-medicinare-na-obuku-nakon-sto-im-je-beba-ispala-na-pod,csv/Historical-Report-NewsGradient-2022-09-02--2022-09-09.csv,14727
https://m.novi.ba/clanak/372508/u-sarajevu-pretresi-i-privodenja-u-slucaju-dzenan-memic,csv/Historical-Report-NewsGradient-2022-09-02--2022-09-09.csv,14747
https://m.novi.ba/clanak/372505/nevrijeme-napravilo-haos-u-selima-voda-i-dalje-nadolazi-kisa-ne-prestaje-od-sinoc-vanredna-situacija-u-zapadnoj-srbiji,csv/Historical-Report-NewsGradient-2022-09-02--2022-09-09.csv,14782
https://m.novi.ba/clanak/372504/genijalno-uradite-ovo-i-zauvijek-sprijecite-stvaranje-leda-u-zamrzivacu,csv/Historical-Report-NewsGradient-2022-09-02--2022-09-09.csv,14803
https://m.novi.ba/clanak/372490/indija-potraga-za-leopadrom-od-5-augusta-ucestvuje-300-ljudi,csv/Historical-Report-NewsGradient-2022-09-02--2022-09-09.csv,14897
https://m.novi.ba/clanak/372492/investicijom-u-infrastrukturu-od-200-miliona-eura-telemach-bh-kreirao-preduslov-za-digitalizaciju-bih,csv/Historical-Report-NewsGradient-2022-09-02--2022-09-09.csv,14945
https://m.novi.ba/clanak/372483/danas-u-bih-zvanicno-pocinje-predizborna-kampanja,csv/Historical-Report-NewsGradient-2022-09-02--2022-09-09.csv,15018
https://m.novi.ba/clanak/372481/izael-ponovo-izveo-napade-u-siriji-zvanicnici-upozorilii-izraelci-ce-prije-ili-kasnije-platiti-cijenu-za-ovo,csv/Historical-Report-NewsGradient-2022-09-02--2022-09-09.csv,15063
https://m.novi.ba/clanak/372487/pokusaj-atentata-na-argentinsku-potpredsjednicu-cristinu-fernandez-de-kirchner-napadac-joj-uperio-pistolj-u-lice-pokusao-je-pucati-ali-pistiolj-nije-opalio,csv/Historical-Report-NewsGradient-2022-09-02--2022-09-09.csv,15077
https://m.novi.ba/clanak/372478/postavljeni-prvi-predizborni-plakati-u-sarajevu-1,csv/Historical-Report-NewsGradient-2022-09-02--2022-09-09.csv,15121
https://sport.novi.ba/clanak/299955/nevidena-drama-u-sudijskoj-nadoknadi-juve-se-vratio-iz-mrtvih-slavio-pobjedu-pa-sok-igraci-sakama-rjesavali-stvari-crveni-frcali-na-sve-strane,csv/Historical-Report-NewsGradient-2022-09-09--2022-09-12.csv,85
https://sport.novi.ba/clanak/299951/srbi-slavili-eliminaciju-hrvatske-pa-ispali-sramota-desetljeca-sram-vas-bilo,csv/Historical-Report-NewsGradient-2022-09-09--2022-09-12.csv,159
https://sport.novi.ba/clanak/299950/potpuno-razbjesnio-sve-u-srbiji-ovo-mu-nece-oprostiti-jeste-li-vidjeli-sta-je-giannis-uradio-nakon-debakla-orlova,csv/Historical-Report-NewsGradient-2022-09-09--2022-09-12.csv,242
https://sport.novi.ba/clanak/299944/nikola-kalinic-se-oglasio-nakon-velike-bruke-orlova-njegova-izjava-najbolje-odslikava-sta-se-desilo-srbiji,csv/Historical-Report-NewsGradient-2022-09-09--2022-09-12.csv,317
https://sport.novi.ba/clanak/299942/ljudi-moji-sta-je-ovo-senzacijaaaa-italija-je-izbacila-jokica-i-druzinu,csv/Historical-Report-NewsGradient-2022-09-09--2022-09-12.csv,481
https://sport.novi.ba/clanak/299941/nevidena-drama-u-berlinu-orlovi-u-ogromnom-problemu-nemaju-rjesenje-za-raspucalu-italiju,csv/Historical-Report-NewsGradient-2022-09-09--2022-09-12.csv,506
https://sport.novi.ba/clanak/299935/hrvat-navijao-sa-srbima-u-berlinu-i-odusevio-natpisom-zeno-tu-sam-ne-lazem,csv/Historical-Report-NewsGradient-2022-09-09--2022-09-12.csv,679
https://sport.novi.ba/clanak/299926/selektorka-o-kojoj-bruji-region-zaplakala-u-studiju-i-porucila-tri-prsta-se-ne-mogu-podizati-pod-zastavom-bih,csv/Historical-Report-NewsGradient-2022-09-09--2022-09-12.csv,891
https://sport.novi.ba/clanak/299883/prekinut-mec-cadiz-barcelona-svi-se-mole-za-njega-da-mu-samo-bude-dobro,csv/Historical-Report-NewsGradient-2022-09-09--2022-09-12.csv,2256
https://m.novi.ba/clanak/373259/vucic-nikakvog-priznanja-kosova-nece-biti,csv/Historical-Report-NewsGradient-2022-09-09--2022-09-12.csv,3914
https://m.novi.ba/clanak/373258/izetbegovic-kada-umrem-zelim-da-kazu-da-sam-dobro-isao-za-babom,csv/Historical-Report-NewsGradient-2022-09-09--2022-09-12.csv,3959
https://m.novi.ba/clanak/373257/kako-je-kraljica-2003-spustila-putinu-nakon-sto-je-kasnio-na-sastanak-14-minuta,csv/Historical-Report-NewsGradient-2022-09-09--2022-09-12.csv,3963
https://m.novi.ba/clanak/373256/britanci-uvjereni-da-se-kraljica-ukazala-na-nebu-pojavio-se-oblak-ubrzo-nakon-smrti,csv/Historical-Report-NewsGradient-2022-09-09--2022-09-12.csv,3988
https://m.novi.ba/clanak/373255/clanovi-kraljevske-porodice-dobili-nove-titule-evo-sta-to-znaci-za-kate-middleton,csv/Historical-Report-NewsGradient-2022-09-09--2022-09-12.csv,4018
https://m.novi.ba/clanak/373254/snazan-vjetar-poput-tornada-poharao-grad-u-bih-unisteni-krovovi-automobili,csv/Historical-Report-NewsGradient-2022-09-09--2022-09-12.csv,4031
https://m.novi.ba/clanak/373227/zbog-njega-su-japanci-zdravi-i-zive-najduze-10-zlatnih-savjeta-slavnog-ljekara,csv/Historical-Report-NewsGradient-2022-09-09--2022-09-12.csv,4138
https://m.novi.ba/clanak/373251/sladic-prognozira-otkrio-datume-kada-nas-ocekuju-vrucine-a-kada-ponovo-dolazi-zahladenje,csv/Historical-Report-NewsGradient-2022-09-09--2022-09-12.csv,4151
https://m.novi.ba/clanak/373245/prvi-govor-kralja-charlesa-evo-sta-je-rekao,csv/Historical-Report-NewsGradient-2022-09-09--2022-09-12.csv,4384
https://m.novi.ba/clanak/373243/bakira-grlili-i-ljubili-u-sericima-sebija-se-druzila-sa-sarajlijama,csv/Historical-Report-NewsGradient-2022-09-09--2022-09-12.csv,4439
https://m.novi.ba/clanak/373228/pjenasta-lijena-pita-sa-jabukama-koja-ce-vas-oduseviti,csv/Historical-Report-NewsGradient-2022-09-09--2022-09-12.csv,4533
https://m.novi.ba/clanak/373239/zoran-milanovic-ponovo-dolazi-u-bih,csv/Historical-Report-NewsGradient-2022-09-09--2022-09-12.csv,4556
https://m.novi.ba/clanak/373238/jako-olujno-nevrijeme-pogodilo-gradisku-video,csv/Historical-Report-NewsGradient-2022-09-09--2022-09-12.csv,4595
https://m.novi.ba/clanak/373231/ona-je-posljednja-fotografirala-kraljicu-evo-sta-je-primijetila-na-njoj,csv/Historical-Report-NewsGradient-2022-09-09--2022-09-12.csv,4734
https://m.novi.ba/clanak/373230/njemacka-priprema-svoju-verziju-zelene-karte-sta-to-znaci-za-radnike-iz-bih,csv/Historical-Report-NewsGradient-2022-09-09--2022-09-12.csv,4741
https://novi.ba/clanak/373193/kolika-je-imovina-britanske-kraljevske-porodice-a-sta-je-sve-imala-kral,csv/Historical-Report-NewsGradient-2022-09-09--2022-09-12.csv,5593
https://m.novi.ba/clanak/373622/charles-izgubio-zivce-u-dvorcu-svaki-prokleti-put,csv/Historical-Report-NewsGradient-2022-09-13--2022-09-14.csv,52
https://sport.novi.ba/clanak/300075/mnogi-su-u-nevjerici-na-planeti-veceras-ne-postoji-omrazeniji-lik-od-njega,csv/Historical-Report-NewsGradient-2022-09-13--2022-09-14.csv,59
https://sport.novi.ba/clanak/300077/evropa-prica-o-transparentu-navijaca-bayerna-tice-se-kraljice-elizabete-evo-sta-su-porucili,csv/Historical-Report-NewsGradient-2022-09-13--2022-09-14.csv,129
https://m.novi.ba/clanak/373616/zastupnik-rekao-vucicu-ti-lutas-bebo-skrenuo-si-s-puta-bebo-vucic-nisam-beba,csv/Historical-Report-NewsGradient-2022-09-13--2022-09-14.csv,157
https://m.novi.ba/clanak/373615/vucic-otkrio-kako-dacic-prica-sa-erdoganom-uslijedio-smijeh-i-aplauz,csv/Historical-Report-NewsGradient-2022-09-13--2022-09-14.csv,170
https://sport.novi.ba/clanak/300073/trenutak-koji-smo-svi-cekali-evo-kako-su-navijaci-bayerna-docekali-izdajnika-lewa-nece-ovo-zaboraviti,csv/Historical-Report-NewsGradient-2022-09-13--2022-09-14.csv,217
https://sport.novi.ba/clanak/300072/auuuuuuuuuuu-kakav-muk-na-anfieldu-golcina-o-kojoj-ce-se-dugo-pricati,csv/Historical-Report-NewsGradient-2022-09-13--2022-09-14.csv,250
https://m.novi.ba/clanak/373607/danas-je-na-bolji-svijet-preselio-sarajlija-eldar-karavdic-teska-zivotna-prica-koja-mnogima-moze-posluziti-kao-primjer,csv/Historical-Report-NewsGradient-2022-09-13--2022-09-14.csv,257
https://sport.novi.ba/clanak/300069/nakon-sto-se-ustanovilo-da-je-var-omanuo-donesena-sokantna-odluka-o-kojoj-ce-se-danima-pricati-u-italiji,csv/Historical-Report-NewsGradient-2022-09-13--2022-09-14.csv,314
https://m.novi.ba/clanak/373605/diplomatski-skandal-u-sloveniji-milanovic-negirao-genocid-dodik-ga-podrzao,csv/Historical-Report-NewsGradient-2022-09-13--2022-09-14.csv,408
https://sport.novi.ba/clanak/300066/edin-dzekoooooo-opet-dijamant-najzasluzniji-i-za-drugi-gol-intera-strasna-kontra-je-sijevnula,csv/Historical-Report-NewsGradient-2022-09-13--2022-09-14.csv,420
https://sport.novi.ba/clanak/300061/buuuuuuuuuuuuum-nista-od-barce-i-mls-a-messi-ce-uskoro-imati-ponudu-koju-je-nemoguce-odbiti,csv/Historical-Report-NewsGradient-2022-09-13--2022-09-14.csv,511
https://m.novi.ba/clanak/373601/haos-u-centru-sarajeva-sudar-autobusa-i-dva-automobila-blokiran-tramvajski-saobracaj,csv/Historical-Report-NewsGradient-2022-09-13--2022-09-14.csv,557
https://sport.novi.ba/clanak/300128/ovakvog-ga-nikad-nismo-vidjeli-luka-doncic-nakon-ispadanja-divljao-vrijedao-je-i-psovao-suce,csv/Historical-Report-NewsGradient-2022-09-14--2022-09-15.csv,76
https://sport.novi.ba/clanak/300123/jeste-li-ovo-vidjeli-o-ovome-bruje-drustvene-mreze-evo-sta-se-dogadalo-u-21-minuti-na-stamford-bridgeu,csv/Historical-Report-NewsGradient-2022-09-14--2022-09-15.csv,202
https://sport.novi.ba/clanak/300111/je-li-dinamo-ostecen-na-san-siru-modri-su-se-sjajno-drzali-sve-do-45-minute,csv/Historical-Report-NewsGradient-2022-09-14--2022-09-15.csv,554
https://sport.novi.ba/clanak/300107/bombetina-iz-srbije-i-to-kakva-adem-ljajic-se-vraca-ali-ne-u-partizan,csv/Historical-Report-NewsGradient-2022-09-14--2022-09-15.csv,700
https://sport.novi.ba/clanak/300157/i-tome-je-dosao-kraj-federer-se-oglasio-na-drustvenim-mrezama-danas-vam-imam-nesto-za-saopciti,csv/Historical-Report-NewsGradient-2022-09-15--2022-09-16.csv,1010
https://novi.ba/clanak/373752/muriz-memic-sanela-hasanbegovic-je-presutjela-da-je-alisa-prepoznala-jednog-od-napadaca-narod-ce-povracati-kad-sazna-istinu,csv/Historical-Report-NewsGradient-2022-09-15--2022-09-16.csv,1262
https://novi.ba/clanak/373745/uspostavlja-se-program-novcane-pomoci-nezaposlenim-u-fbih,csv/Historical-Report-NewsGradient-2022-09-15--2022-09-16.csv,1407
https://novi.ba/clanak/373735/vucic-u-bijeljini-svi-mozemo-pod-jednu-srpsku-crveno-bijelu-zastavu,csv/Historical-Report-NewsGradient-2022-09-15--2022-09-16.csv,1519
https://novi.ba/clanak/373723/dodik-docekao-vucica-u-bijeljini-rijecima-predsjednice-dobrodosli-na-svoje,csv/Historical-Report-NewsGradient-2022-09-15--2022-09-16.csv,1596
https://novi.ba/clanak/373730/najvise-beba-rada-se-u-septembru-a-ovaj-datum-je-najpopularniji,csv/Historical-Report-NewsGradient-2022-09-15--2022-09-16.csv,1608
https://novi.ba/clanak/373728/sladic-o-hladnom-i-kisnom-periodu-koji-nas-ocekuje,csv/Historical-Report-NewsGradient-2022-09-15--2022-09-16.csv,1644
https://novi.ba/clanak/373726/vlasic-medvjed-povrijedio-pastira-ljekari-mu-pokusavaju-spasiti-nogu,csv/Historical-Report-NewsGradient-2022-09-15--2022-09-16.csv,1676
https://novi.ba/clanak/373718/poostrena-pravila-za-glasanje-slijepih-slabovidnih-i-nepismenih-osoba,csv/Historical-Report-NewsGradient-2022-09-15--2022-09-16.csv,1702
https://novi.ba/clanak/373708/znate-li-sto-znace-brojevi-i-simboli-na-termostatu,csv/Historical-Report-NewsGradient-2022-09-15--2022-09-16.csv,1846
https://novi.ba/clanak/373699/evo-sta-se-dogada-vasem-tijelu-ako-sedam-dana-prestanete-jesti-secer,csv/Historical-Report-NewsGradient-2022-09-15--2022-09-16.csv,1914
https://novi.ba/clanak/373710/evo-ko-ce-iz-bih-na-sahranu-elizabete,csv/Historical-Report-NewsGradient-2022-09-15--2022-09-16.csv,1969
https://novi.ba/clanak/373709/nakon-nove-godine-najavljeno-poskupljenje-struje,csv/Historical-Report-NewsGradient-2022-09-15--2022-09-16.csv,2010
https://novi.ba/clanak/373692/zelenski-imao-saobracajnu-nesrecu,csv/Historical-Report-NewsGradient-2022-09-15--2022-09-16.csv,2150
https://novi.ba/clanak/373695/nova-obaveza-u-njemackoj-utjecat-ce-na-sve-radnike,csv/Historical-Report-NewsGradient-2022-09-15--2022-09-16.csv,2165
https://m.novi.ba/clanak/373875/strasan-pljusak-napravio-kolaps-po-gradovima-u-regionu-rijeke-kise-su-tekle-ulicama-vjetar-je-oborio-i-krov-fabrike,csv/Historical-Report-NewsGradient-2022-09-16--2022-09-17.csv,131
https://m.novi.ba/clanak/373872/teska-nesreca-u-jablanici-nakon-mladica-20-preminula-i-18-godisnja-saputnica,csv/Historical-Report-NewsGradient-2022-09-16--2022-09-17.csv,176
https://m.novi.ba/clanak/373871/u-pucnjavi-kod-karlovca-jedan-mrtav-jedan-ranjen-ubica-uhapsen,csv/Historical-Report-NewsGradient-2022-09-16--2022-09-17.csv,247
https://m.novi.ba/clanak/373865/komsic-sto-je-hrvatska-vojska-dolazila-u-bih-dolazila-je,csv/Historical-Report-NewsGradient-2022-09-16--2022-09-17.csv,387
https://m.novi.ba/clanak/373862/zasto-je-vojnik-koji-je-cuvao-kraljicin-lijes-pao-u-nesvijest,csv/Historical-Report-NewsGradient-2022-09-16--2022-09-17.csv,481
https://m.novi.ba/clanak/373859/putin-prvi-put-javno-komentirao-ukrajinsku-protuofenzivu,csv/Historical-Report-NewsGradient-2022-09-16--2022-09-17.csv,604
https://m.novi.ba/clanak/373856/nevrijeme-je-stiglo-i-u-bih-objavljeni-i-snimci-sve-sam-dozivio-ovo-nikada,csv/Historical-Report-NewsGradient-2022-09-16--2022-09-17.csv,733
https://m.novi.ba/clanak/373851/dramaticni-prizori-iz-kine-vatra-doslovno-gutala-neboder-video,csv/Historical-Report-NewsGradient-2022-09-16--2022-09-17.csv,839
https://m.novi.ba/clanak/373843/v-2,csv/Historical-Report-NewsGradient-2022-09-16--2022-09-17.csv,986
https://m.novi.ba/clanak/373906/snijeg-stigao-i-do-hrvatske-meteorolozi-ga-najavili-i-u-bih,csv/Historical-Report-NewsGradient-2022-09-17--2022-09-18.csv,1122
https://m.novi.ba/clanak/374025/borell-ce-se-u-new-yorku-sastati-s-liderima-drzava-zapadnog-balkana,csv/Historical-Report-NewsGradient-2022-09-18--2022-09-19.csv,38
https://sport.novi.ba/clanak/300312/spanci-sasvim-zasluzeno-na-krovu-evrope-spektakl-u-finalu-je-izostao-bili-su-dominantni,csv/Historical-Report-NewsGradient-2022-09-18--2022-09-19.csv,149
https://m.novi.ba/clanak/374019/od-209-predizbornih-obecanja-vijece-ministara-bih-ispunilo-tri-posto,csv/Historical-Report-NewsGradient-2022-09-18--2022-09-19.csv,161
https://m.novi.ba/clanak/374018/rat-u-ukrajini-207-dan-eu-zeli-uspostaviti-sud-za-ratne-zlocine-protiv-rusije-putin-sugerisao-da-bi-se-rat-mogao-rasplamsati,csv/Historical-Report-NewsGradient-2022-09-18--2022-09-19.csv,240
https://m.novi.ba/clanak/374016/objavljene-karte-invazije-na-ukrajinu-evo-kako-je-izgledala-teritorija-tokom-200-dana-rata,csv/Historical-Report-NewsGradient-2022-09-18--2022-09-19.csv,311
https://m.novi.ba/clanak/374014/porodica-gadzun-objavila-prve-fotografije-s-novim-clanom-ziv-i-zdrav-stigao-kuci,csv/Historical-Report-NewsGradient-2022-09-18--2022-09-19.csv,355
https://m.novi.ba/clanak/374013/kampanja-u-punom-jeku-trivic-odgovorila-na-optuzbe-da-je-primila-americki-novac,csv/Historical-Report-NewsGradient-2022-09-18--2022-09-19.csv,426
https://m.novi.ba/clanak/374010/zelenski-na-oslobodenoj-teritoriji-pronadeno-vise-od-deset-soba-za-mucenje,csv/Historical-Report-NewsGradient-2022-09-18--2022-09-19.csv,648
https://m.novi.ba/clanak/374009/detalji-obrusavanja-tunela-kod-nevesinja-poginuo-radnik-iz-zivinica-u-toku-akcija-izvlacenja,csv/Historical-Report-NewsGradient-2022-09-18--2022-09-19.csv,798
https://m.novi.ba/clanak/374007/krenuli-na-svadbu-sin-i-snaha-ratnog-zlocinca-arkana-bili-u-automobilu-koji-je-sletio-s-puta,csv/Historical-Report-NewsGradient-2022-09-18--2022-09-19.csv,908
https://sport.novi.ba/clanak/300274/slabo-ko-napravi-dobre-poteze-kao-sto-je-to-uradio-bivsi-defanzivac-liverpoola-karijeru-je-zavrsio-relativno-rano-a-onda-je-napravio-imperiju,csv/Historical-Report-NewsGradient-2022-09-18--2022-09-19.csv,968
https://sport.novi.ba/clanak/300270/porodica-na-tribinama-prate-njegov-debi-a-onda-hladan-tus-izdrzao-je-samo-10-sekundi-i-sokirao-ih-video,csv/Historical-Report-NewsGradient-2022-09-18--2022-09-19.csv,995
https://sport.novi.ba/clanak/300260/potez-arauja-odusevio-navijace-barcelone-a-vjerovatno-i-ljubitelje-fudbala-pogledajte-sta-je-uradio-video,csv/Historical-Report-NewsGradient-2022-09-18--2022-09-19.csv,1689
https://sport.novi.ba/clanak/300256/nevjerovatne-scene-u-beogradu-svirac-imitira-zvuk-formule-vozac-gleda-i-ne-vjeruje-video,csv/Historical-Report-NewsGradient-2022-09-18--2022-09-19.csv,1733
https://m.novi.ba/clanak/374108/princu-harryju-i-meghan-markle-prije-sahrane-naredeno-da-se-izvinu-zbog-intervjua-kod-oprah,csv/Historical-Report-NewsGradient-2022-09-19--2022-09-20.csv,51
https://sport.novi.ba/clanak/300368/petev-je-upitan-o-mecu-s-rusijom-evo-sta-je-odgovorio,csv/Historical-Report-NewsGradient-2022-09-19--2022-09-20.csv,553
https://m.novi.ba/clanak/374076/ustavni-sud-bih-u-cetvrtak-o-spornom-zakonu-o-nepokretnoj-imovini-rs,csv/Historical-Report-NewsGradient-2022-09-19--2022-09-20.csv,822
https://sport.novi.ba/clanak/300355/petev-spremio-bombu-bivsi-mladi-reprezentativac-hrvatske-uskoro-u-dresu-bosne-i-hercegovine,csv/Historical-Report-NewsGradient-2022-09-19--2022-09-20.csv,965
https://novi.ba/clanak/374072/nenad-canak-se-povlaci-sa-cela-lsv-nekada-je-moralo-da-se-de,csv/Historical-Report-NewsGradient-2022-09-19--2022-09-20.csv,1083
https://m.novi.ba/clanak/374211/koja-se-temperatura-smatra-groznicom-kod-odraslih,csv/Historical-Report-NewsGradient-2022-09-20--2022-09-21.csv,58
https://m.novi.ba/clanak/374205/bosanac-u-bihacu-obojio-fasadu-kuce-u-boje-zastave-bih,csv/Historical-Report-NewsGradient-2022-09-20--2022-09-21.csv,238
https://m.novi.ba/clanak/374203/nova-prognoza-vremena-nedima-sladica-mnogima-vraca-osmijeh-na-lice,csv/Historical-Report-NewsGradient-2022-09-20--2022-09-21.csv,302
https://m.novi.ba/clanak/374198/mogu-li-se-akcize-na-gorivo-ukinuti-prije-izbora,csv/Historical-Report-NewsGradient-2022-09-20--2022-09-21.csv,445
https://m.novi.ba/clanak/374197/kremlj-objavio-transkript-dodik-se-putinu-pohvalio-da-je-organizovao-utakmicu,csv/Historical-Report-NewsGradient-2022-09-20--2022-09-21.csv,468
https://m.novi.ba/clanak/374189/dodik-se-sastao-sa-putinom-poznato-o-cemu-su-razgovarali-video,csv/Historical-Report-NewsGradient-2022-09-20--2022-09-21.csv,752
https://m.novi.ba/clanak/374309/vucic-avionska-karta-iz-moskve-za-beograd-na-crnom-trzistu-kosta-cak-9-000-eura,csv/Historical-Report-NewsGradient-2022-09-21--2022-09-22.csv,55
https://m.novi.ba/clanak/374305/hadzikadic-becirovic-je-napustanjem-studija-ponizio-gradane-izetbegovic-pokazao-silu,csv/Historical-Report-NewsGradient-2022-09-21--2022-09-22.csv,65
https://m.novi.ba/clanak/374304/izetbegovic-pozivamo-sve-u-ovoj-zemlji-na-razumnu-politiku,csv/Historical-Report-NewsGradient-2022-09-21--2022-09-22.csv,81
https://m.novi.ba/clanak/374297/becarevic-o-dogovoru-iz-moskve-dodik-ni-na-koji-nacin-ne-moze-utjecati-na-cijenu-plina-u-bih,csv/Historical-Report-NewsGradient-2022-09-21--2022-09-22.csv,154
https://m.novi.ba/clanak/374298/becirovic-napustio-emisiju-pressing-jer-nije-dosao-bakir-izetbegovic-zasto-moj-jedini-protukandidat-za-funkciju-za-clana-predsjednistva-bih-nije-tu,csv/Historical-Report-NewsGradient-2022-09-21--2022-09-22.csv,186
https://m.novi.ba/clanak/374299/sin-putinovog-glasnogovornika-odbio-mobilizaciju-rijesit-cu-to-na-drugoj-razini,csv/Historical-Report-NewsGradient-2022-09-21--2022-09-22.csv,212
https://m.novi.ba/clanak/374300/evo-gdje-je-zavrsio-veci-broj-letova-rusi-masovno-bjeze-iz-zemlje-nakon-putinove-mobilizacije,csv/Historical-Report-NewsGradient-2022-09-21--2022-09-22.csv,243
https://m.novi.ba/clanak/374296/istraga-u-programu-cbs-a-uvrstena-pjesma-ne-volim-te-alija-zato-sto-si-balija,csv/Historical-Report-NewsGradient-2022-09-21--2022-09-22.csv,264
https://m.novi.ba/clanak/374297/becarevic-o-dogovoru-iz-moskve-dodik-ni-na-koji-nacin-ne-moze-utjecati-na-cijenu-plina-u-bih,csv/Historical-Report-NewsGradient-2022-09-21--2022-09-22.csv,322
https://m.novi.ba/clanak/374295/milorad-dodik-zeli-poslati-posmatrace-iz-rs-na-proruski-referendum-u-ukrajinu,csv/Historical-Report-NewsGradient-2022-09-21--2022-09-22.csv,435
https://m.novi.ba/clanak/374290/biden-u-un-u-suocavamo-se-sa-ratom-koji-je-izabrao-jedan-covjek,csv/Historical-Report-NewsGradient-2022-09-21--2022-09-22.csv,541
https://m.novi.ba/clanak/374289/sta-znaci-ruska-djelimicna-mobilizacija-i-hoce-li-pomoci-putinu-da-preokrene-svoje-vojne-poraze,csv/Historical-Report-NewsGradient-2022-09-21--2022-09-22.csv,603
https://m.novi.ba/clanak/374288/pogledajte-njegov-odgovor-amerikanci-pitali-vucica-blefira-li-putin,csv/Historical-Report-NewsGradient-2022-09-21--2022-09-22.csv,695
https://m.novi.ba/clanak/374286/der-standard-o-aferi-rs-austrija-hoce-li-becko-tuzilastvo-pozvati-dodika,csv/Historical-Report-NewsGradient-2022-09-21--2022-09-22.csv,743
https://m.novi.ba/clanak/374285/nato-rasporeduje-rezerve-na-kosovu,csv/Historical-Report-NewsGradient-2022-09-21--2022-09-22.csv,786
https://m.novi.ba/clanak/374283/sta-nam-je-otkrila-nova-dodikova-posjeta-putinu-servilnost-koja-se-skupo-placa,csv/Historical-Report-NewsGradient-2022-09-21--2022-09-22.csv,860
https://m.novi.ba/clanak/374282/dzaferovic-muslimani-i-krscani-mogu-zivjeti-zajedno-desni-populisti-su-opasnost-za-svijet,csv/Historical-Report-NewsGradient-2022-09-21--2022-09-22.csv,893
https://novi.ba/clanak/374402/njemacki-kancelar-scholz-o-najavi-turske-da-se-zeli-prikljuciti-sangajskoj-organizaciji-za-suradnju-vrlo-sam-iritira,csv/Historical-Report-NewsGradient-2022-09-22--2022-09-23.csv,900
https://m.novi.ba/clanak/374394/ustavni-sud-bih-stavio-van-snage-zakon-o-nepokretnoj-imovini-rs,csv/Historical-Report-NewsGradient-2022-09-22--2022-09-23.csv,1049
https://m.novi.ba/clanak/374389/curguz-osloboden-optuzbi-za-ratne-zlocine,csv/Historical-Report-NewsGradient-2022-09-22--2022-09-23.csv,1081
https://m.novi.ba/clanak/374354/rudari-iz-fbih-najavili-strajk-upozorenja-od-vlasti-traze-da-ispune-obecano-povecanje-plata,csv/Historical-Report-NewsGradient-2022-09-22--2022-09-23.csv,1615
https://m.novi.ba/clanak/374328/sarajevo-automobilom-udario-biciklistu-i-pobjegao-policija-traga-za-vozacem,csv/Historical-Report-NewsGradient-2022-09-22--2022-09-23.csv,2062
https://m.novi.ba/clanak/374324/gradane-bih-ocekuje-novo-poskupljenje-plin,csv/Historical-Report-NewsGradient-2022-09-22--2022-09-23.csv,2102
https://sport.novi.ba/clanak/300573/sjajna-noc-za-bh-fudbal-u-zenici-slavit-ce-se-dugo-u-noc-ostvarili-smo-veliki-uspjeh,csv/Historical-Report-NewsGradient-2022-09-23--2022-09-24.csv,163
https://sport.novi.ba/clanak/300547/sjajan-gest-besplatan-parking-za-sve-crnogorce-koji-dolaze-na-mec-bih-crna-gora,csv/Historical-Report-NewsGradient-2022-09-23--2022-09-24.csv,1732
https://m.novi.ba/clanak/374609/putin-donio-odluku-po-uzoru-na-hitlera,csv/Historical-Report-NewsGradient-2022-09-24--2022-09-25.csv,1000
https://m.novi.ba/clanak/374603/veselo-na-skupu-saveza-za-bolju-buducnost-bih-u-banovicima-zaigralo-se-i-kolo,csv/Historical-Report-NewsGradient-2022-09-24--2022-09-25.csv,1118
https://m.novi.ba/clanak/374591/recept-za-najbolji-pekmez-od-sljiva-napravite-ga-prvom-prilikom-necete-se-pokajati,csv/Historical-Report-NewsGradient-2022-09-24--2022-09-25.csv,1220
https://m.novi.ba/clanak/374594/velika-policijska-akcija-u-sarajevu-pretresi-na-vise-lokacija,csv/Historical-Report-NewsGradient-2022-09-24--2022-09-25.csv,1244
https://m.novi.ba/clanak/374580/zbog-padavina-i-udara-groma-u-posljedna-24-sata-poginulo-36-osoba,csv/Historical-Report-NewsGradient-2022-09-24--2022-09-25.csv,1477
https://m.novi.ba/clanak/374569/ovaj-automobil-trosi-najvise-goriva,csv/Historical-Report-NewsGradient-2022-09-24--2022-09-25.csv,1588
https://m.novi.ba/clanak/374566/u-herceg-novom-proglasena-epidemija-zutice,csv/Historical-Report-NewsGradient-2022-09-24--2022-09-25.csv,1687
https://m.novi.ba/clanak/374556/nakon-zahladenja-stize-promjena-vremena-temperatura-skace-preko-20-stepeni-a-evo-gdje-se-ocekuje-kisa,csv/Historical-Report-NewsGradient-2022-09-24--2022-09-25.csv,1870
https://sport.novi.ba/clanak/300684/kakav-blitzkrieg-vatrenih-austrija-ne-zna-sta-ju-je-snaslo-sve-je-pocelo-izlaskom-arnautovica,csv/Historical-Report-NewsGradient-2022-09-25--2022-09-26.csv,132
https://sport.novi.ba/clanak/300677/sjajni-musa-osvojio-prvi-trofej-s-realom-nakon-drame-kraljevi-pobijedili-barcelonu,csv/Historical-Report-NewsGradient-2022-09-25--2022-09-26.csv,315
https://sport.novi.ba/clanak/300695/novinar-pitanjem-zbunio-novaka-nije-mu-bilo-jasno-ipak-odgovorio-je-kako-je-najbolje-mogao-video,csv/Historical-Report-NewsGradient-2022-09-26--2022-09-27.csv,2151
https://m.novi.ba/clanak/374950/skandal-i-na-bht-u-becirovic-opet-omalovazavao-hadzikadica-u-debati-video,csv/Historical-Report-NewsGradient-2022-09-27--2022-09-28.csv,145
https://m.novi.ba/clanak/374932/udar-groma-na-aerodromu-u-beogradu-obustavljeni-svi-letovi,csv/Historical-Report-NewsGradient-2022-09-27--2022-09-28.csv,642
https://m.novi.ba/clanak/374914/sarajevogas-ima-lijepe-vijesti-gasa-ima-i-bit-ce-ga-nasi-gradani-su-sigurni,csv/Historical-Report-NewsGradient-2022-09-27--2022-09-28.csv,912
https://m.novi.ba/clanak/374916/u-mostaru-sahranjena-tragicno-stradala-porodica-krstic,csv/Historical-Report-NewsGradient-2022-09-27--2022-09-28.csv,956
https://m.novi.ba/clanak/374913/teska-saobracajna-nesreca-na-autoputu-ima-poginulih,csv/Historical-Report-NewsGradient-2022-09-27--2022-09-28.csv,985
https://m.novi.ba/clanak/374910/nova-pucnjava-u-crnoj-gori-bacili-bombu-na-kucu-policajca-ubijen-jedan-napadac,csv/Historical-Report-NewsGradient-2022-09-27--2022-09-28.csv,1015
https://m.novi.ba/clanak/374905/putin-odlucio-mobilizirati-i-poljoprivrednike,csv/Historical-Report-NewsGradient-2022-09-27--2022-09-28.csv,1056
https://m.novi.ba/clanak/374900/pocelo-sudenje-za-ubistvo-adnana-hadzagica-porodica-i-ja-smo-danas-dozivjeli-neprijatan-sok,csv/Historical-Report-NewsGradient-2022-09-27--2022-09-28.csv,1097
https://m.novi.ba/clanak/374894/novalic-turizam-danas-raste-vise-nego-prije-pandemije,csv/Historical-Report-NewsGradient-2022-09-27--2022-09-28.csv,1157
https://m.novi.ba/clanak/374886/kubanci-na-referendumu-velikom-vecinom-podrzali-legalizaciju-istospolnih-brakova-i-prava-na-posvajanje-djece-predsjednik-miguel-diaz-canel-porucio-pravda-je-zadovoljena,csv/Historical-Report-NewsGradient-2022-09-27--2022-09-28.csv,1200
https://m.novi.ba/clanak/374889/tuzilastvu-bih-se-predao-dario-jekic-koristio-sky-i-anom-aplikacije,csv/Historical-Report-NewsGradient-2022-09-27--2022-09-28.csv,1240
https://m.novi.ba/clanak/374885/nelegalni-reklamni-pano-osvanuo-u-centru-sarajevu,csv/Historical-Report-NewsGradient-2022-09-27--2022-09-28.csv,1265
https://m.novi.ba/clanak/374872/sramotno-sebija-izetbegovic-i-amor-masovic-u-kampanji-koriste-masovne-grobnice,csv/Historical-Report-NewsGradient-2022-09-27--2022-09-28.csv,1344
https://m.novi.ba/clanak/374881/zeljeznice-fbih-svojim-radnicima-isplatile-po-800-km-jednokratne-pomoci,csv/Historical-Report-NewsGradient-2022-09-27--2022-09-28.csv,1393
https://m.novi.ba/clanak/374871/rusi-masovno-bjeze-u-gruziju-nisam-ubica,csv/Historical-Report-NewsGradient-2022-09-27--2022-09-28.csv,1419
https://m.novi.ba/clanak/374878/sjecate-se-price-o-muskarcu-koji-je-ostavio-suprugu-zbog-ukrajinke-evo-sta-se-sada-desilo-bivsa-supruga-je-znala-da-ce-se-ovo-desiti,csv/Historical-Report-NewsGradient-2022-09-27--2022-09-28.csv,1450
https://m.novi.ba/clanak/374869/inflacija-u-bih-u-augustu-16-8-posto-na-godisnjem-nivou,csv/Historical-Report-NewsGradient-2022-09-27--2022-09-28.csv,1493
https://m.novi.ba/clanak/374870/analiza-rat-u-ukrajini-na-opasnoj-prekretnici-ovo-je-trenutak-pobjede-ili-gubitka-za-putina,csv/Historical-Report-NewsGradient-2022-09-27--2022-09-28.csv,1537
https://m.novi.ba/clanak/374874/diani-kajmakovic-blokirana-sva-imovina-u-sad-u-procitajte-sta-sve-posjeduje,csv/Historical-Report-NewsGradient-2022-09-27--2022-09-28.csv,1554
https://m.novi.ba/clanak/374862/konakovic-podnosi-prijavu-protiv-sebije-izetbegovic,csv/Historical-Report-NewsGradient-2022-09-27--2022-09-28.csv,1613
https://m.novi.ba/clanak/374857/evo-ko-je-uhapseni-pripadnik-mup-a-ks-otkrio-ga-sky,csv/Historical-Report-NewsGradient-2022-09-27--2022-09-28.csv,1644
https://m.novi.ba/clanak/374859/od-kontroverzne-crkve-do-ponovnog-guranja-zemlje-u-ratne-planove-zasto-drzavni-pogreb-za-ubijenog-bivseg-premijera-abea-izaziva-toliki-gnjev-u-japanu,csv/Historical-Report-NewsGradient-2022-09-27--2022-09-28.csv,1690
https://m.novi.ba/clanak/374845/edward-snowden-9-godina-nakon-bijega-iz-sad-a-u-rusiju-dobio-je-rusko-drzavljanstvo-dekretom-ruskog-predsjednika-njegov-odvjetnik-pojasnio-da-to-ne-znaci-da-ce-biti-regrutiran-u-rusku-vojsku-1,csv/Historical-Report-NewsGradient-2022-09-27--2022-09-28.csv,1727
https://m.novi.ba/clanak/374860/medvedev-rusija-ima-potpuno-pravo-da-upotrijebi-nuklearno-oruzje,csv/Historical-Report-NewsGradient-2022-09-27--2022-09-28.csv,1736
https://m.novi.ba/clanak/374851/u-sarajevu-uhapsen-policajac-mup-a-ks,csv/Historical-Report-NewsGradient-2022-09-27--2022-09-28.csv,1796
https://sport.novi.ba/clanak/300759/pravi-boom-iz-katalonije-barcelona-sve-dogovorila-sa-zvijezdom-iz-redove-velikog-rivala,csv/Historical-Report-NewsGradient-2022-09-27--2022-09-28.csv,1910
https://m.novi.ba/clanak/374837/pocinje-popis-stanovnistva-u-srbiji-na-tri-pitanja-gradani-ne-moraju-da-odgovore,csv/Historical-Report-NewsGradient-2022-09-27--2022-09-28.csv,1941
https://m.novi.ba/clanak/374832/nasa-kasno-sinoc-zabila-letjelicu-u-asteroid-pogledajte-nevjerovatan-snimak-video,csv/Historical-Report-NewsGradient-2022-09-27--2022-09-28.csv,2040
https://m.novi.ba/clanak/374833/zbog-saobracajne-nesrece-guzve-na-cengic-vili-sudarila-se-dva-vozila,csv/Historical-Report-NewsGradient-2022-09-27--2022-09-28.csv,2051
https://novi.ba/clanak/374965/kuba-u-potpunom-mraku-nakon-sto-je-uragan-poharao-zemlju-dvije-osobe-poginule-zgrade-ostecene-sirom-zemlje,csv/Historical-Report-NewsGradient-2022-09-28--2022-09-29.csv,2040
https://novi.ba/clanak/374962/analiza-rusija-tvrdi-da-je-pobijedila-na-laznim-referendumima-u-okupiranoj-ukrajini-sta-je-sljedece,csv/Historical-Report-NewsGradient-2022-09-28--2022-09-29.csv,2061
https://m.novi.ba/clanak/375171/ljekari-su-45-minuta-pokusavali-reanimirati-repera-coolija,csv/Historical-Report-NewsGradient-2022-09-29--2022-09-30.csv,55
https://m.novi.ba/clanak/375168/tuzne-vijesti-u-sumi-kod-srebrenice-poginula-jedna-osoba,csv/Historical-Report-NewsGradient-2022-09-29--2022-09-30.csv,169
https://m.novi.ba/clanak/375164/opasnost-od-do-nedavno-nezamislivog-ljudi-i-tornjevi-u-mraku-hoce-li-zbog-redukcija-struje-koje-se-planiraju-diljem-kontinenta-doci-do-pada-sustava-i-prekida-mobilne-komunikacije,csv/Historical-Report-NewsGradient-2022-09-29--2022-09-30.csv,204
https://sport.novi.ba/clanak/300912/buuuuuuuuum-engleski-velikan-dobiva-novog-vlasnika-cijena-je-400-miliona-funti,csv/Historical-Report-NewsGradient-2022-09-29--2022-09-30.csv,277
https://m.novi.ba/clanak/375155/njemacki-medij-o-schmidtu-on-ce-promijeniti-izborni-zakon-ako-treba-i-dekretom,csv/Historical-Report-NewsGradient-2022-09-29--2022-09-30.csv,307
https://m.novi.ba/clanak/375154/lagumdzija-kandidature-nesica-i-mijatovica-su-svjesno-uradene-za-dodika,csv/Historical-Report-NewsGradient-2022-09-29--2022-09-30.csv,324
https://m.novi.ba/clanak/375156/ovo-je-bio-znacajan-incident-sad-tvrde-da-su-podigli-vojni-zrakoplov-f-15-kako-bi-srusili-iranski-dron-koji-se-kretao-prema-njihovim-snagama-na-sjeveru-iraka,csv/Historical-Report-NewsGradient-2022-09-29--2022-09-30.csv,405
https://m.novi.ba/clanak/375151/kojovic-nakon-izlaska-iz-bolnice-ponosno-cu-stati-u-red-za-glasanje-2-oktobra,csv/Historical-Report-NewsGradient-2022-09-29--2022-09-30.csv,519
https://m.novi.ba/clanak/375147/zadnja-sansa-za-bijeg-mnogi-ukrajinci-napustaju-regije-pod-ruskom-kontrolom-ostavljajuci-sve-za-sobom-prije-nego-sto-moskva-regije-proglasi-novim-teritorijem-ruske-federacije,csv/Historical-Report-NewsGradient-2022-09-29--2022-09-30.csv,554
https://m.novi.ba/clanak/375150/milanovic-izbori-u-bih-su-u-rukama-komisije-koju-niko-ne-kontrolise,csv/Historical-Report-NewsGradient-2022-09-29--2022-09-30.csv,615
https://m.novi.ba/clanak/375146/kamala-harris-u-posjeti-juznoj-koreji-svega-par-sati-prije-njenog-dolaska-sjeverna-koreja-ispalila-nekoliko-balistickih-raketa,csv/Historical-Report-NewsGradient-2022-09-29--2022-09-30.csv,691
https://m.novi.ba/clanak/375144/schmidt-pisao-glavnim-tuziocima-u-bih-cuvajte-legitimitet-izbora,csv/Historical-Report-NewsGradient-2022-09-29--2022-09-30.csv,780
https://m.novi.ba/clanak/375145/velicanstveni-pustinjski-neboderi-jemena-stoje-stoljecima-gradeni-su-potpuno-prirodnim-materijalima-i-bez-uporabe-skela,csv/Historical-Report-NewsGradient-2022-09-29--2022-09-30.csv,824
https://m.novi.ba/clanak/375143/uhapsen-nasilinik-koji-je-preutkao-sestru-poznate-tikotokerke-uki-q,csv/Historical-Report-NewsGradient-2022-09-29--2022-09-30.csv,900
https://m.novi.ba/clanak/375129/stigle-nove-fotografije-baltika-plin-suklja-iz-mora,csv/Historical-Report-NewsGradient-2022-09-29--2022-09-30.csv,1321
https://m.novi.ba/clanak/375128/dok-uragan-razara-floridu-grupa-mladica-se-kupa-u-podivljalom-okeanu-video,csv/Historical-Report-NewsGradient-2022-09-29--2022-09-30.csv,1335
https://m.novi.ba/clanak/375278/prva-reakcija-iz-bih-na-putinovu-odluku,csv/Historical-Report-NewsGradient-2022-09-30--2022-10-01.csv,383
https://m.novi.ba/clanak/375260/pusic-ulazak-ukrajine-u-nato-znacilo-bi-da-smo-svi-u-ratu-s-rusijom,csv/Historical-Report-NewsGradient-2022-09-30--2022-10-01.csv,642
https://m.novi.ba/clanak/375248/ukrajina-zvanicno-podnijela-zahtjev-za-clanstvo-u-nato,csv/Historical-Report-NewsGradient-2022-09-30--2022-10-01.csv,833
https://sport.novi.ba/clanak/301001/italijani-donose-bombetinu-vlahovic-na-pragu-spektakularnog-transfera-postaje-najskuplji-srbin-ikada-i-jedan-od-najskupljih-na-planeti-uopste,csv/Historical-Report-NewsGradient-2022-10-01--2022-10-02.csv,495
https://sport.novi.ba/clanak/301002/kakav-sokantan-pocetak-meceva-premiershipa-dva-velikana-ne-znaju-sta-ih-je-snaslo,csv/Historical-Report-NewsGradient-2022-10-01--2022-10-02.csv,866
