https://lat.rtrs.tv/vijesti/vijest.php?id=485807,csv/Historical-Report-NewsGradient-2022-09-02--2022-09-09.csv,130
https://lat.rtrs.tv/vijesti/vijest.php?id=485806,csv/Historical-Report-NewsGradient-2022-09-02--2022-09-09.csv,133
https://lat.rtrs.tv/vijesti/vijest.php?id=485802,csv/Historical-Report-NewsGradient-2022-09-02--2022-09-09.csv,135
https://lat.rtrs.tv/vijesti/vijest.php?id=485800,csv/Historical-Report-NewsGradient-2022-09-02--2022-09-09.csv,274
https://lat.rtrs.tv/vijesti/vijest.php?id=485799,csv/Historical-Report-NewsGradient-2022-09-02--2022-09-09.csv,313
https://lat.rtrs.tv/vijesti/vijest.php?id=485787,csv/Historical-Report-NewsGradient-2022-09-02--2022-09-09.csv,360
https://lat.rtrs.tv/vijesti/vijest.php?id=485789,csv/Historical-Report-NewsGradient-2022-09-02--2022-09-09.csv,390
https://lat.rtrs.tv/vijesti/vijest.php?id=485783,csv/Historical-Report-NewsGradient-2022-09-02--2022-09-09.csv,444
https://lat.rtrs.tv/vijesti/vijest.php?id=485777,csv/Historical-Report-NewsGradient-2022-09-02--2022-09-09.csv,482
https://lat.rtrs.tv/vijesti/vijest.php?id=485776,csv/Historical-Report-NewsGradient-2022-09-02--2022-09-09.csv,610
https://lat.rtrs.tv/vijesti/vijest.php?id=485771,csv/Historical-Report-NewsGradient-2022-09-02--2022-09-09.csv,625
https://lat.rtrs.tv/vijesti/vijest.php?id=485764,csv/Historical-Report-NewsGradient-2022-09-02--2022-09-09.csv,735
https://lat.rtrs.tv/vijesti/vijest.php?id=485760,csv/Historical-Report-NewsGradient-2022-09-02--2022-09-09.csv,800
https://lat.rtrs.tv/vijesti/vijest.php?id=485751,csv/Historical-Report-NewsGradient-2022-09-02--2022-09-09.csv,915
https://lat.rtrs.tv/vijesti/vijest.php?id=485734,csv/Historical-Report-NewsGradient-2022-09-02--2022-09-09.csv,1105
https://lat.rtrs.tv/vijesti/vijest.php?id=485730,csv/Historical-Report-NewsGradient-2022-09-02--2022-09-09.csv,1256
https://lat.rtrs.tv/vijesti/vijest.php?id=485729,csv/Historical-Report-NewsGradient-2022-09-02--2022-09-09.csv,1258
https://lat.rtrs.tv/vijesti/vijest.php?id=485723,csv/Historical-Report-NewsGradient-2022-09-02--2022-09-09.csv,1288
https://lat.rtrs.tv/vijesti/vijest.php?id=485728,csv/Historical-Report-NewsGradient-2022-09-02--2022-09-09.csv,1290
https://lat.rtrs.tv/vijesti/vijest.php?id=485707,csv/Historical-Report-NewsGradient-2022-09-02--2022-09-09.csv,1539
https://lat.rtrs.tv/vijesti/vijest.php?id=485707,csv/Historical-Report-NewsGradient-2022-09-02--2022-09-09.csv,1544
https://lat.rtrs.tv/vijesti/vijest.php?id=485699,csv/Historical-Report-NewsGradient-2022-09-02--2022-09-09.csv,1649
https://lat.rtrs.tv/vijesti/vijest.php?id=485700,csv/Historical-Report-NewsGradient-2022-09-02--2022-09-09.csv,1651
https://lat.rtrs.tv/vijesti/vijest.php?id=485686,csv/Historical-Report-NewsGradient-2022-09-02--2022-09-09.csv,1683
https://lat.rtrs.tv/vijesti/vijest.php?id=485683,csv/Historical-Report-NewsGradient-2022-09-02--2022-09-09.csv,1844
https://lat.rtrs.tv/vijesti/vijest.php?id=485685,csv/Historical-Report-NewsGradient-2022-09-02--2022-09-09.csv,1852
https://lat.rtrs.tv/vijesti/vijest.php?id=485675,csv/Historical-Report-NewsGradient-2022-09-02--2022-09-09.csv,1997
https://lat.rtrs.tv/vijesti/vijest.php?id=485662,csv/Historical-Report-NewsGradient-2022-09-02--2022-09-09.csv,2159
https://lat.rtrs.tv/vijesti/vijest.php?id=485663,csv/Historical-Report-NewsGradient-2022-09-02--2022-09-09.csv,2161
https://lat.rtrs.tv/vijesti/vijest.php?id=485661,csv/Historical-Report-NewsGradient-2022-09-02--2022-09-09.csv,2168
https://lat.rtrs.tv/vijesti/vijest.php?id=485655,csv/Historical-Report-NewsGradient-2022-09-02--2022-09-09.csv,2175
https://lat.rtrs.tv/vijesti/vijest.php?id=485650,csv/Historical-Report-NewsGradient-2022-09-02--2022-09-09.csv,2265
https://lat.rtrs.tv/vijesti/vijest.php?id=485653,csv/Historical-Report-NewsGradient-2022-09-02--2022-09-09.csv,2286
https://lat.rtrs.tv/vijesti/vijest.php?id=485651,csv/Historical-Report-NewsGradient-2022-09-02--2022-09-09.csv,2321
https://lat.rtrs.tv/vijesti/vijest.php?id=485642,csv/Historical-Report-NewsGradient-2022-09-02--2022-09-09.csv,2541
https://lat.rtrs.tv/vijesti/vijest.php?id=485633,csv/Historical-Report-NewsGradient-2022-09-02--2022-09-09.csv,2732
https://lat.rtrs.tv/vijesti/vijest.php?id=485630,csv/Historical-Report-NewsGradient-2022-09-02--2022-09-09.csv,2822
https://lat.rtrs.tv/vijesti/vijest.php?id=485623,csv/Historical-Report-NewsGradient-2022-09-02--2022-09-09.csv,2951
https://lat.rtrs.tv/vijesti/vijest.php?id=485617,csv/Historical-Report-NewsGradient-2022-09-02--2022-09-09.csv,3072
https://lat.rtrs.tv/vijesti/vijest.php?id=485601,csv/Historical-Report-NewsGradient-2022-09-02--2022-09-09.csv,3355
https://lat.rtrs.tv/vijesti/vijest.php?id=485594,csv/Historical-Report-NewsGradient-2022-09-02--2022-09-09.csv,3506
https://lat.rtrs.tv/vijesti/vijest.php?id=485593,csv/Historical-Report-NewsGradient-2022-09-02--2022-09-09.csv,3542
https://lat.rtrs.tv/vijesti/vijest.php?id=485581,csv/Historical-Report-NewsGradient-2022-09-02--2022-09-09.csv,3667
https://lat.rtrs.tv/vijesti/vijest.php?id=485566,csv/Historical-Report-NewsGradient-2022-09-02--2022-09-09.csv,3869
https://lat.rtrs.tv/vijesti/vijest.php?id=485557,csv/Historical-Report-NewsGradient-2022-09-02--2022-09-09.csv,4040
https://lat.rtrs.tv/vijesti/vijest.php?id=485553,csv/Historical-Report-NewsGradient-2022-09-02--2022-09-09.csv,4067
https://lat.rtrs.tv/vijesti/vijest.php?id=485549,csv/Historical-Report-NewsGradient-2022-09-02--2022-09-09.csv,4095
https://lat.rtrs.tv/vijesti/vijest.php?id=485548,csv/Historical-Report-NewsGradient-2022-09-02--2022-09-09.csv,4111
https://lat.rtrs.tv/vijesti/vijest.php?id=485543,csv/Historical-Report-NewsGradient-2022-09-02--2022-09-09.csv,4189
https://lat.rtrs.tv/vijesti/vijest.php?id=485541,csv/Historical-Report-NewsGradient-2022-09-02--2022-09-09.csv,4191
https://lat.rtrs.tv/vijesti/vijest.php?id=485535,csv/Historical-Report-NewsGradient-2022-09-02--2022-09-09.csv,4199
https://lat.rtrs.tv/vijesti/vijest.php?id=485544,csv/Historical-Report-NewsGradient-2022-09-02--2022-09-09.csv,4205
https://lat.rtrs.tv/vijesti/vijest.php?id=485532,csv/Historical-Report-NewsGradient-2022-09-02--2022-09-09.csv,4302
https://lat.rtrs.tv/vijesti/vijest.php?id=485531,csv/Historical-Report-NewsGradient-2022-09-02--2022-09-09.csv,4363
https://lat.rtrs.tv/vijesti/vijest.php?id=485522,csv/Historical-Report-NewsGradient-2022-09-02--2022-09-09.csv,4368
https://lat.rtrs.tv/vijesti/vijest.php?id=485525,csv/Historical-Report-NewsGradient-2022-09-02--2022-09-09.csv,4435
https://lat.rtrs.tv/vijesti/vijest.php?id=485527,csv/Historical-Report-NewsGradient-2022-09-02--2022-09-09.csv,4442
https://lat.rtrs.tv/vijesti/vijest.php?id=485521,csv/Historical-Report-NewsGradient-2022-09-02--2022-09-09.csv,4485
https://lat.rtrs.tv/vijesti/vijest.php?id=485518,csv/Historical-Report-NewsGradient-2022-09-02--2022-09-09.csv,4524
https://lat.rtrs.tv/vijesti/vijest.php?id=485504,csv/Historical-Report-NewsGradient-2022-09-02--2022-09-09.csv,4593
https://lat.rtrs.tv/vijesti/vijest.php?id=485503,csv/Historical-Report-NewsGradient-2022-09-02--2022-09-09.csv,4610
https://lat.rtrs.tv/vijesti/vijest.php?id=485501,csv/Historical-Report-NewsGradient-2022-09-02--2022-09-09.csv,4687
https://lat.rtrs.tv/vijesti/vijest.php?id=485502,csv/Historical-Report-NewsGradient-2022-09-02--2022-09-09.csv,4689
https://lat.rtrs.tv/vijesti/vijest.php?id=485500,csv/Historical-Report-NewsGradient-2022-09-02--2022-09-09.csv,4826
https://lat.rtrs.tv/vijesti/vijest.php?id=485498,csv/Historical-Report-NewsGradient-2022-09-02--2022-09-09.csv,4876
https://lat.rtrs.tv/vijesti/vijest.php?id=485496,csv/Historical-Report-NewsGradient-2022-09-02--2022-09-09.csv,4956
https://lat.rtrs.tv/vijesti/vijest.php?id=485487,csv/Historical-Report-NewsGradient-2022-09-02--2022-09-09.csv,5271
https://lat.rtrs.tv/vijesti/vijest.php?id=485463,csv/Historical-Report-NewsGradient-2022-09-02--2022-09-09.csv,5279
https://lat.rtrs.tv/vijesti/vijest.php?id=485483,csv/Historical-Report-NewsGradient-2022-09-02--2022-09-09.csv,5358
https://lat.rtrs.tv/vijesti/vijest.php?id=485472,csv/Historical-Report-NewsGradient-2022-09-02--2022-09-09.csv,5690
https://lat.rtrs.tv/vijesti/vijest.php?id=485469,csv/Historical-Report-NewsGradient-2022-09-02--2022-09-09.csv,5696
https://lat.rtrs.tv/vijesti/vijest.php?id=485462,csv/Historical-Report-NewsGradient-2022-09-02--2022-09-09.csv,5747
https://lat.rtrs.tv/vijesti/vijest.php?id=485465,csv/Historical-Report-NewsGradient-2022-09-02--2022-09-09.csv,5761
https://lat.rtrs.tv/vijesti/vijest.php?id=485458,csv/Historical-Report-NewsGradient-2022-09-02--2022-09-09.csv,5778
https://lat.rtrs.tv/vijesti/vijest.php?id=485446,csv/Historical-Report-NewsGradient-2022-09-02--2022-09-09.csv,6037
https://lat.rtrs.tv/vijesti/vijest.php?id=485432,csv/Historical-Report-NewsGradient-2022-09-02--2022-09-09.csv,6227
https://lat.rtrs.tv/vijesti/vijest.php?id=485426,csv/Historical-Report-NewsGradient-2022-09-02--2022-09-09.csv,6244
https://lat.rtrs.tv/vijesti/vijest.php?id=485421,csv/Historical-Report-NewsGradient-2022-09-02--2022-09-09.csv,6349
https://lat.rtrs.tv/vijesti/vijest.php?id=485400,csv/Historical-Report-NewsGradient-2022-09-02--2022-09-09.csv,6452
https://lat.rtrs.tv/vijesti/vijest.php?id=485407,csv/Historical-Report-NewsGradient-2022-09-02--2022-09-09.csv,6475
https://lat.rtrs.tv/vijesti/vijest.php?id=485395,csv/Historical-Report-NewsGradient-2022-09-02--2022-09-09.csv,6597
https://lat.rtrs.tv/vijesti/vijest.php?id=485394,csv/Historical-Report-NewsGradient-2022-09-02--2022-09-09.csv,6649
https://lat.rtrs.tv/vijesti/vijest.php?id=485390,csv/Historical-Report-NewsGradient-2022-09-02--2022-09-09.csv,6715
https://lat.rtrs.tv/vijesti/vijest.php?id=485388,csv/Historical-Report-NewsGradient-2022-09-02--2022-09-09.csv,6731
https://lat.rtrs.tv/vijesti/vijest.php?id=485382,csv/Historical-Report-NewsGradient-2022-09-02--2022-09-09.csv,6742
https://lat.rtrs.tv/vijesti/vijest.php?id=485380,csv/Historical-Report-NewsGradient-2022-09-02--2022-09-09.csv,6871
https://lat.rtrs.tv/vijesti/vijest.php?id=485381,csv/Historical-Report-NewsGradient-2022-09-02--2022-09-09.csv,6876
https://lat.rtrs.tv/vijesti/vijest.php?id=485378,csv/Historical-Report-NewsGradient-2022-09-02--2022-09-09.csv,6893
https://lat.rtrs.tv/vijesti/vijest.php?id=485375,csv/Historical-Report-NewsGradient-2022-09-02--2022-09-09.csv,6932
https://lat.rtrs.tv/vijesti/vijest.php?id=485369,csv/Historical-Report-NewsGradient-2022-09-02--2022-09-09.csv,6958
https://lat.rtrs.tv/vijesti/vijest.php?id=485368,csv/Historical-Report-NewsGradient-2022-09-02--2022-09-09.csv,6968
https://lat.rtrs.tv/vijesti/vijest.php?id=485365,csv/Historical-Report-NewsGradient-2022-09-02--2022-09-09.csv,7110
https://lat.rtrs.tv/vijesti/vijest.php?id=485366,csv/Historical-Report-NewsGradient-2022-09-02--2022-09-09.csv,7121
https://lat.rtrs.tv/vijesti/vijest.php?id=485363,csv/Historical-Report-NewsGradient-2022-09-02--2022-09-09.csv,7342
https://lat.rtrs.tv/vijesti/vijest.php?id=485353,csv/Historical-Report-NewsGradient-2022-09-02--2022-09-09.csv,7527
https://lat.rtrs.tv/vijesti/vijest.php?id=485348,csv/Historical-Report-NewsGradient-2022-09-02--2022-09-09.csv,7607
https://lat.rtrs.tv/vijesti/vijest.php?id=485331,csv/Historical-Report-NewsGradient-2022-09-02--2022-09-09.csv,7736
https://lat.rtrs.tv/vijesti/vijest.php?id=485342,csv/Historical-Report-NewsGradient-2022-09-02--2022-09-09.csv,7738
https://lat.rtrs.tv/vijesti/vijest.php?id=485340,csv/Historical-Report-NewsGradient-2022-09-02--2022-09-09.csv,7751
https://lat.rtrs.tv/vijesti/vijest.php?id=485332,csv/Historical-Report-NewsGradient-2022-09-02--2022-09-09.csv,7948
https://lat.rtrs.tv/vijesti/vijest.php?id=485325,csv/Historical-Report-NewsGradient-2022-09-02--2022-09-09.csv,8031
https://lat.rtrs.tv/vijesti/vijest.php?id=485323,csv/Historical-Report-NewsGradient-2022-09-02--2022-09-09.csv,8083
https://lat.rtrs.tv/vijesti/vijest.php?id=485320,csv/Historical-Report-NewsGradient-2022-09-02--2022-09-09.csv,8231
https://lat.rtrs.tv/vijesti/vijest.php?id=485316,csv/Historical-Report-NewsGradient-2022-09-02--2022-09-09.csv,8316
https://lat.rtrs.tv/vijesti/vijest.php?id=485313,csv/Historical-Report-NewsGradient-2022-09-02--2022-09-09.csv,8397
https://lat.rtrs.tv/vijesti/vijest.php?id=485279,csv/Historical-Report-NewsGradient-2022-09-02--2022-09-09.csv,8519
https://lat.rtrs.tv/vijesti/vijest.php?id=485298,csv/Historical-Report-NewsGradient-2022-09-02--2022-09-09.csv,8584
https://lat.rtrs.tv/vijesti/vijest.php?id=485293,csv/Historical-Report-NewsGradient-2022-09-02--2022-09-09.csv,8651
https://lat.rtrs.tv/vijesti/vijest.php?id=485283,csv/Historical-Report-NewsGradient-2022-09-02--2022-09-09.csv,8761
https://lat.rtrs.tv/vijesti/vijest.php?id=485280,csv/Historical-Report-NewsGradient-2022-09-02--2022-09-09.csv,8788
https://lat.rtrs.tv/vijesti/vijest.php?id=485272,csv/Historical-Report-NewsGradient-2022-09-02--2022-09-09.csv,8903
https://lat.rtrs.tv/vijesti/vijest.php?id=485264,csv/Historical-Report-NewsGradient-2022-09-02--2022-09-09.csv,8985
https://lat.rtrs.tv/vijesti/vijest.php?id=485261,csv/Historical-Report-NewsGradient-2022-09-02--2022-09-09.csv,8999
https://lat.rtrs.tv/vijesti/vijest.php?id=485256,csv/Historical-Report-NewsGradient-2022-09-02--2022-09-09.csv,9037
https://lat.rtrs.tv/vijesti/vijest.php?id=485252,csv/Historical-Report-NewsGradient-2022-09-02--2022-09-09.csv,9040
https://lat.rtrs.tv/vijesti/vijest.php?id=485253,csv/Historical-Report-NewsGradient-2022-09-02--2022-09-09.csv,9134
https://lat.rtrs.tv/vijesti/vijest.php?id=485250,csv/Historical-Report-NewsGradient-2022-09-02--2022-09-09.csv,9136
https://lat.rtrs.tv/vijesti/vijest.php?id=485244,csv/Historical-Report-NewsGradient-2022-09-02--2022-09-09.csv,9138
https://lat.rtrs.tv/vijesti/vijest.php?id=485241,csv/Historical-Report-NewsGradient-2022-09-02--2022-09-09.csv,9147
https://lat.rtrs.tv/vijesti/vijest.php?id=485243,csv/Historical-Report-NewsGradient-2022-09-02--2022-09-09.csv,9220
https://lat.rtrs.tv/vijesti/vijest.php?id=485236,csv/Historical-Report-NewsGradient-2022-09-02--2022-09-09.csv,9467
https://lat.rtrs.tv/vijesti/vijest.php?id=485232,csv/Historical-Report-NewsGradient-2022-09-02--2022-09-09.csv,9782
https://lat.rtrs.tv/vijesti/vijest.php?id=485230,csv/Historical-Report-NewsGradient-2022-09-02--2022-09-09.csv,9787
https://lat.rtrs.tv/vijesti/vijest.php?id=485227,csv/Historical-Report-NewsGradient-2022-09-02--2022-09-09.csv,9896
https://lat.rtrs.tv/vijesti/vijest.php?id=485225,csv/Historical-Report-NewsGradient-2022-09-02--2022-09-09.csv,9926
https://lat.rtrs.tv/vijesti/vijest.php?id=485222,csv/Historical-Report-NewsGradient-2022-09-02--2022-09-09.csv,9950
https://lat.rtrs.tv/vijesti/vijest.php?id=485215,csv/Historical-Report-NewsGradient-2022-09-02--2022-09-09.csv,10065
https://lat.rtrs.tv/vijesti/vijest.php?id=485211,csv/Historical-Report-NewsGradient-2022-09-02--2022-09-09.csv,10202
https://lat.rtrs.tv/vijesti/vijest.php?id=485199,csv/Historical-Report-NewsGradient-2022-09-02--2022-09-09.csv,10369
https://lat.rtrs.tv/vijesti/vijest.php?id=485205,csv/Historical-Report-NewsGradient-2022-09-02--2022-09-09.csv,10384
https://lat.rtrs.tv/vijesti/vijest.php?id=485194,csv/Historical-Report-NewsGradient-2022-09-02--2022-09-09.csv,10649
https://lat.rtrs.tv/vijesti/vijest.php?id=485186,csv/Historical-Report-NewsGradient-2022-09-02--2022-09-09.csv,10854
https://lat.rtrs.tv/vijesti/vijest.php?id=485180,csv/Historical-Report-NewsGradient-2022-09-02--2022-09-09.csv,10938
https://lat.rtrs.tv/vijesti/vijest.php?id=485175,csv/Historical-Report-NewsGradient-2022-09-02--2022-09-09.csv,11026
https://lat.rtrs.tv/vijesti/vijest.php?id=485174,csv/Historical-Report-NewsGradient-2022-09-02--2022-09-09.csv,11149
https://lat.rtrs.tv/vijesti/vijest.php?id=485170,csv/Historical-Report-NewsGradient-2022-09-02--2022-09-09.csv,11394
https://lat.rtrs.tv/vijesti/vijest.php?id=485166,csv/Historical-Report-NewsGradient-2022-09-02--2022-09-09.csv,11448
https://lat.rtrs.tv/vijesti/vijest.php?id=485159,csv/Historical-Report-NewsGradient-2022-09-02--2022-09-09.csv,11592
https://lat.rtrs.tv/vijesti/vijest.php?id=485157,csv/Historical-Report-NewsGradient-2022-09-02--2022-09-09.csv,11638
https://lat.rtrs.tv/vijesti/vijest.php?id=485154,csv/Historical-Report-NewsGradient-2022-09-02--2022-09-09.csv,11735
https://lat.rtrs.tv/vijesti/vijest.php?id=485139,csv/Historical-Report-NewsGradient-2022-09-02--2022-09-09.csv,11862
https://lat.rtrs.tv/vijesti/vijest.php?id=485138,csv/Historical-Report-NewsGradient-2022-09-02--2022-09-09.csv,12114
https://lat.rtrs.tv/vijesti/vijest.php?id=485136,csv/Historical-Report-NewsGradient-2022-09-02--2022-09-09.csv,12183
https://lat.rtrs.tv/vijesti/vijest.php?id=485131,csv/Historical-Report-NewsGradient-2022-09-02--2022-09-09.csv,12273
https://lat.rtrs.tv/vijesti/vijest.php?id=485125,csv/Historical-Report-NewsGradient-2022-09-02--2022-09-09.csv,12425
https://lat.rtrs.tv/vijesti/vijest.php?id=485121,csv/Historical-Report-NewsGradient-2022-09-02--2022-09-09.csv,12484
https://lat.rtrs.tv/vijesti/vijest.php?id=485114,csv/Historical-Report-NewsGradient-2022-09-02--2022-09-09.csv,12683
https://lat.rtrs.tv/vijesti/vijest.php?id=485113,csv/Historical-Report-NewsGradient-2022-09-02--2022-09-09.csv,12812
https://lat.rtrs.tv/vijesti/vijest.php?id=485105,csv/Historical-Report-NewsGradient-2022-09-02--2022-09-09.csv,13016
https://lat.rtrs.tv/vijesti/vijest.php?id=485102,csv/Historical-Report-NewsGradient-2022-09-02--2022-09-09.csv,13191
https://lat.rtrs.tv/vijesti/vijest.php?id=485099,csv/Historical-Report-NewsGradient-2022-09-02--2022-09-09.csv,13298
https://lat.rtrs.tv/vijesti/vijest.php?id=485091,csv/Historical-Report-NewsGradient-2022-09-02--2022-09-09.csv,13570
https://lat.rtrs.tv/vijesti/vijest.php?id=485095,csv/Historical-Report-NewsGradient-2022-09-02--2022-09-09.csv,13595
https://lat.rtrs.tv/vijesti/vijest.php?id=485085,csv/Historical-Report-NewsGradient-2022-09-02--2022-09-09.csv,13665
https://lat.rtrs.tv/vijesti/vijest.php?id=485086,csv/Historical-Report-NewsGradient-2022-09-02--2022-09-09.csv,13668
https://lat.rtrs.tv/vijesti/vijest.php?id=485082,csv/Historical-Report-NewsGradient-2022-09-02--2022-09-09.csv,13676
https://lat.rtrs.tv/vijesti/vijest.php?id=485076,csv/Historical-Report-NewsGradient-2022-09-02--2022-09-09.csv,13915
https://lat.rtrs.tv/vijesti/vijest.php?id=485068,csv/Historical-Report-NewsGradient-2022-09-02--2022-09-09.csv,14162
https://lat.rtrs.tv/vijesti/vijest.php?id=485066,csv/Historical-Report-NewsGradient-2022-09-02--2022-09-09.csv,14181
https://lat.rtrs.tv/vijesti/vijest.php?id=485061,csv/Historical-Report-NewsGradient-2022-09-02--2022-09-09.csv,14242
https://lat.rtrs.tv/vijesti/vijest.php?id=485060,csv/Historical-Report-NewsGradient-2022-09-02--2022-09-09.csv,14290
https://lat.rtrs.tv/vijesti/vijest.php?id=485054,csv/Historical-Report-NewsGradient-2022-09-02--2022-09-09.csv,14382
https://lat.rtrs.tv/vijesti/vijest.php?id=485053,csv/Historical-Report-NewsGradient-2022-09-02--2022-09-09.csv,14427
https://lat.rtrs.tv/vijesti/vijest.php?id=485044,csv/Historical-Report-NewsGradient-2022-09-02--2022-09-09.csv,14513
https://lat.rtrs.tv/vijesti/vijest.php?id=485034,csv/Historical-Report-NewsGradient-2022-09-02--2022-09-09.csv,14689
https://lat.rtrs.tv/vijesti/vijest.php?id=485028,csv/Historical-Report-NewsGradient-2022-09-02--2022-09-09.csv,14709
https://lat.rtrs.tv/vijesti/vijest.php?id=485029,csv/Historical-Report-NewsGradient-2022-09-02--2022-09-09.csv,14749
https://lat.rtrs.tv/vijesti/vijest.php?id=485024,csv/Historical-Report-NewsGradient-2022-09-02--2022-09-09.csv,14813
https://lat.rtrs.tv/vijesti/vijest.php?id=485020,csv/Historical-Report-NewsGradient-2022-09-02--2022-09-09.csv,14902
https://lat.rtrs.tv/vijesti/vijest.php?id=485014,csv/Historical-Report-NewsGradient-2022-09-02--2022-09-09.csv,14947
https://lat.rtrs.tv/vijesti/vijest.php?id=485011,csv/Historical-Report-NewsGradient-2022-09-02--2022-09-09.csv,15003
https://lat.rtrs.tv/vijesti/vijest.php?id=485007,csv/Historical-Report-NewsGradient-2022-09-02--2022-09-09.csv,15026
https://lat.rtrs.tv/vijesti/vijest.php?id=485004,csv/Historical-Report-NewsGradient-2022-09-02--2022-09-09.csv,15029
https://lat.rtrs.tv/vijesti/vijest.php?id=484999,csv/Historical-Report-NewsGradient-2022-09-02--2022-09-09.csv,15104
https://lat.rtrs.tv/vijesti/vijest.php?id=485005,csv/Historical-Report-NewsGradient-2022-09-02--2022-09-09.csv,15123
https://lat.rtrs.tv/vijesti/vijest.php?id=485002,csv/Historical-Report-NewsGradient-2022-09-02--2022-09-09.csv,15126
https://lat.rtrs.tv/vijesti/vijest.php?id=484997,csv/Historical-Report-NewsGradient-2022-09-02--2022-09-09.csv,15200
https://lat.rtrs.tv/vijesti/vijest.php?id=486150,csv/Historical-Report-NewsGradient-2022-09-09--2022-09-12.csv,213
https://lat.rtrs.tv/vijesti/vijest.php?id=486151,csv/Historical-Report-NewsGradient-2022-09-09--2022-09-12.csv,215
https://lat.rtrs.tv/vijesti/vijest.php?id=486144,csv/Historical-Report-NewsGradient-2022-09-09--2022-09-12.csv,382
https://lat.rtrs.tv/vijesti/vijest.php?id=486138,csv/Historical-Report-NewsGradient-2022-09-09--2022-09-12.csv,529
https://lat.rtrs.tv/vijesti/vijest.php?id=486131,csv/Historical-Report-NewsGradient-2022-09-09--2022-09-12.csv,601
https://lat.rtrs.tv/vijesti/vijest.php?id=486134,csv/Historical-Report-NewsGradient-2022-09-09--2022-09-12.csv,611
https://lat.rtrs.tv/vijesti/vijest.php?id=486122,csv/Historical-Report-NewsGradient-2022-09-09--2022-09-12.csv,920
https://lat.rtrs.tv/vijesti/vijest.php?id=486093,csv/Historical-Report-NewsGradient-2022-09-09--2022-09-12.csv,1156
https://lat.rtrs.tv/vijesti/vijest.php?id=486091,csv/Historical-Report-NewsGradient-2022-09-09--2022-09-12.csv,1313
https://lat.rtrs.tv/vijesti/vijest.php?id=486088,csv/Historical-Report-NewsGradient-2022-09-09--2022-09-12.csv,1358
https://lat.rtrs.tv/vijesti/vijest.php?id=486085,csv/Historical-Report-NewsGradient-2022-09-09--2022-09-12.csv,1454
https://lat.rtrs.tv/vijesti/vijest.php?id=486081,csv/Historical-Report-NewsGradient-2022-09-09--2022-09-12.csv,1535
https://lat.rtrs.tv/vijesti/vijest.php?id=486075,csv/Historical-Report-NewsGradient-2022-09-09--2022-09-12.csv,1595
https://lat.rtrs.tv/vijesti/vijest.php?id=486077,csv/Historical-Report-NewsGradient-2022-09-09--2022-09-12.csv,1664
https://lat.rtrs.tv/vijesti/vijest.php?id=486067,csv/Historical-Report-NewsGradient-2022-09-09--2022-09-12.csv,1815
https://lat.rtrs.tv/vijesti/vijest.php?id=486061,csv/Historical-Report-NewsGradient-2022-09-09--2022-09-12.csv,1844
https://lat.rtrs.tv/vijesti/vijest.php?id=486058,csv/Historical-Report-NewsGradient-2022-09-09--2022-09-12.csv,1853
https://lat.rtrs.tv/vijesti/vijest.php?id=486060,csv/Historical-Report-NewsGradient-2022-09-09--2022-09-12.csv,1857
https://lat.rtrs.tv/vijesti/vijest.php?id=486054,csv/Historical-Report-NewsGradient-2022-09-09--2022-09-12.csv,2180
https://lat.rtrs.tv/vijesti/vijest.php?id=486047,csv/Historical-Report-NewsGradient-2022-09-09--2022-09-12.csv,2269
https://lat.rtrs.tv/vijesti/vijest.php?id=486042,csv/Historical-Report-NewsGradient-2022-09-09--2022-09-12.csv,2310
https://lat.rtrs.tv/vijesti/vijest.php?id=486044,csv/Historical-Report-NewsGradient-2022-09-09--2022-09-12.csv,2333
https://lat.rtrs.tv/vijesti/vijest.php?id=486038,csv/Historical-Report-NewsGradient-2022-09-09--2022-09-12.csv,2385
https://lat.rtrs.tv/vijesti/vijest.php?id=486037,csv/Historical-Report-NewsGradient-2022-09-09--2022-09-12.csv,2406
https://lat.rtrs.tv/vijesti/vijest.php?id=486035,csv/Historical-Report-NewsGradient-2022-09-09--2022-09-12.csv,2456
https://lat.rtrs.tv/vijesti/vijest.php?id=486026,csv/Historical-Report-NewsGradient-2022-09-09--2022-09-12.csv,2600
https://lat.rtrs.tv/vijesti/vijest.php?id=486022,csv/Historical-Report-NewsGradient-2022-09-09--2022-09-12.csv,2653
https://lat.rtrs.tv/vijesti/vijest.php?id=486018,csv/Historical-Report-NewsGradient-2022-09-09--2022-09-12.csv,2721
https://lat.rtrs.tv/vijesti/vijest.php?id=486011,csv/Historical-Report-NewsGradient-2022-09-09--2022-09-12.csv,2798
https://lat.rtrs.tv/vijesti/vijest.php?id=485997,csv/Historical-Report-NewsGradient-2022-09-09--2022-09-12.csv,2918
https://lat.rtrs.tv/vijesti/vijest.php?id=485980,csv/Historical-Report-NewsGradient-2022-09-09--2022-09-12.csv,3221
https://lat.rtrs.tv/vijesti/vijest.php?id=485950,csv/Historical-Report-NewsGradient-2022-09-09--2022-09-12.csv,3461
https://lat.rtrs.tv/vijesti/vijest.php?id=485958,csv/Historical-Report-NewsGradient-2022-09-09--2022-09-12.csv,3575
https://lat.rtrs.tv/vijesti/vijest.php?id=485949,csv/Historical-Report-NewsGradient-2022-09-09--2022-09-12.csv,3766
https://lat.rtrs.tv/vijesti/vijest.php?id=485948,csv/Historical-Report-NewsGradient-2022-09-09--2022-09-12.csv,3768
https://lat.rtrs.tv/vijesti/vijest.php?id=485941,csv/Historical-Report-NewsGradient-2022-09-09--2022-09-12.csv,4094
https://lat.rtrs.tv/vijesti/vijest.php?id=485938,csv/Historical-Report-NewsGradient-2022-09-09--2022-09-12.csv,4203
https://lat.rtrs.tv/vijesti/vijest.php?id=485935,csv/Historical-Report-NewsGradient-2022-09-09--2022-09-12.csv,4253
https://lat.rtrs.tv/vijesti/vijest.php?id=485930,csv/Historical-Report-NewsGradient-2022-09-09--2022-09-12.csv,4263
https://lat.rtrs.tv/vijesti/vijest.php?id=485928,csv/Historical-Report-NewsGradient-2022-09-09--2022-09-12.csv,4335
https://lat.rtrs.tv/vijesti/vijest.php?id=485923,csv/Historical-Report-NewsGradient-2022-09-09--2022-09-12.csv,4382
https://lat.rtrs.tv/vijesti/vijest.php?id=485922,csv/Historical-Report-NewsGradient-2022-09-09--2022-09-12.csv,4398
https://lat.rtrs.tv/vijesti/vijest.php?id=485924,csv/Historical-Report-NewsGradient-2022-09-09--2022-09-12.csv,4406
https://lat.rtrs.tv/vijesti/vijest.php?id=485912,csv/Historical-Report-NewsGradient-2022-09-09--2022-09-12.csv,4417
https://lat.rtrs.tv/vijesti/vijest.php?id=485915,csv/Historical-Report-NewsGradient-2022-09-09--2022-09-12.csv,4424
https://lat.rtrs.tv/vijesti/vijest.php?id=485919,csv/Historical-Report-NewsGradient-2022-09-09--2022-09-12.csv,4477
https://lat.rtrs.tv/vijesti/vijest.php?id=485910,csv/Historical-Report-NewsGradient-2022-09-09--2022-09-12.csv,4726
https://lat.rtrs.tv/vijesti/vijest.php?id=485907,csv/Historical-Report-NewsGradient-2022-09-09--2022-09-12.csv,4767
https://lat.rtrs.tv/vijesti/vijest.php?id=485897,csv/Historical-Report-NewsGradient-2022-09-09--2022-09-12.csv,4899
https://lat.rtrs.tv/vijesti/vijest.php?id=485892,csv/Historical-Report-NewsGradient-2022-09-09--2022-09-12.csv,5022
https://lat.rtrs.tv/vijesti/vijest.php?id=485882,csv/Historical-Report-NewsGradient-2022-09-09--2022-09-12.csv,5155
https://lat.rtrs.tv/vijesti/vijest.php?id=485878,csv/Historical-Report-NewsGradient-2022-09-09--2022-09-12.csv,5242
https://lat.rtrs.tv/vijesti/vijest.php?id=485876,csv/Historical-Report-NewsGradient-2022-09-09--2022-09-12.csv,5277
https://lat.rtrs.tv/vijesti/vijest.php?id=485873,csv/Historical-Report-NewsGradient-2022-09-09--2022-09-12.csv,5335
https://lat.rtrs.tv/vijesti/vijest.php?id=485866,csv/Historical-Report-NewsGradient-2022-09-09--2022-09-12.csv,5430
https://lat.rtrs.tv/vijesti/vijest.php?id=485856,csv/Historical-Report-NewsGradient-2022-09-09--2022-09-12.csv,5489
https://lat.rtrs.tv/vijesti/vijest.php?id=485851,csv/Historical-Report-NewsGradient-2022-09-09--2022-09-12.csv,5521
https://lat.rtrs.tv/vijesti/vijest.php?id=485816,csv/Historical-Report-NewsGradient-2022-09-09--2022-09-12.csv,5622
https://lat.rtrs.tv/vijesti/vijest.php?id=485838,csv/Historical-Report-NewsGradient-2022-09-09--2022-09-12.csv,5731
https://lat.rtrs.tv/vijesti/vijest.php?id=485829,csv/Historical-Report-NewsGradient-2022-09-09--2022-09-12.csv,5855
https://lat.rtrs.tv/vijesti/vijest.php?id=485827,csv/Historical-Report-NewsGradient-2022-09-09--2022-09-12.csv,5862
https://lat.rtrs.tv/vijesti/vijest.php?id=485821,csv/Historical-Report-NewsGradient-2022-09-09--2022-09-12.csv,5889
https://lat.rtrs.tv/vijesti/vijest.php?id=485813,csv/Historical-Report-NewsGradient-2022-09-09--2022-09-12.csv,5934
https://lat.rtrs.tv/vijesti/vijest.php?id=485817,csv/Historical-Report-NewsGradient-2022-09-09--2022-09-12.csv,5942
https://lat.rtrs.tv/vijesti/vijest.php?id=485814,csv/Historical-Report-NewsGradient-2022-09-09--2022-09-12.csv,5967
https://lat.rtrs.tv/vijesti/vijest.php?id=486282,csv/Historical-Report-NewsGradient-2022-09-12--2022-09-13.csv,126
https://lat.rtrs.tv/vijesti/vijest.php?id=486274,csv/Historical-Report-NewsGradient-2022-09-12--2022-09-13.csv,310
https://lat.rtrs.tv/vijesti/vijest.php?id=486265,csv/Historical-Report-NewsGradient-2022-09-12--2022-09-13.csv,476
https://lat.rtrs.tv/vijesti/vijest.php?id=486264,csv/Historical-Report-NewsGradient-2022-09-12--2022-09-13.csv,504
https://lat.rtrs.tv/vijesti/vijest.php?id=486262,csv/Historical-Report-NewsGradient-2022-09-12--2022-09-13.csv,599
https://lat.rtrs.tv/vijesti/vijest.php?id=486261,csv/Historical-Report-NewsGradient-2022-09-12--2022-09-13.csv,620
https://lat.rtrs.tv/vijesti/vijest.php?id=486248,csv/Historical-Report-NewsGradient-2022-09-12--2022-09-13.csv,820
https://lat.rtrs.tv/vijesti/vijest.php?id=486247,csv/Historical-Report-NewsGradient-2022-09-12--2022-09-13.csv,858
https://lat.rtrs.tv/vijesti/vijest.php?id=486241,csv/Historical-Report-NewsGradient-2022-09-12--2022-09-13.csv,994
https://lat.rtrs.tv/vijesti/vijest.php?id=486233,csv/Historical-Report-NewsGradient-2022-09-12--2022-09-13.csv,1021
https://lat.rtrs.tv/vijesti/vijest.php?id=486234,csv/Historical-Report-NewsGradient-2022-09-12--2022-09-13.csv,1085
https://lat.rtrs.tv/vijesti/vijest.php?id=486225,csv/Historical-Report-NewsGradient-2022-09-12--2022-09-13.csv,1149
https://lat.rtrs.tv/vijesti/vijest.php?id=486220,csv/Historical-Report-NewsGradient-2022-09-12--2022-09-13.csv,1284
https://lat.rtrs.tv/vijesti/vijest.php?id=486219,csv/Historical-Report-NewsGradient-2022-09-12--2022-09-13.csv,1292
https://lat.rtrs.tv/vijesti/vijest.php?id=486214,csv/Historical-Report-NewsGradient-2022-09-12--2022-09-13.csv,1356
https://lat.rtrs.tv/vijesti/vijest.php?id=486209,csv/Historical-Report-NewsGradient-2022-09-12--2022-09-13.csv,1388
https://lat.rtrs.tv/vijesti/vijest.php?id=486206,csv/Historical-Report-NewsGradient-2022-09-12--2022-09-13.csv,1407
https://lat.rtrs.tv/vijesti/vijest.php?id=486201,csv/Historical-Report-NewsGradient-2022-09-12--2022-09-13.csv,1436
https://lat.rtrs.tv/vijesti/vijest.php?id=486203,csv/Historical-Report-NewsGradient-2022-09-12--2022-09-13.csv,1445
https://lat.rtrs.tv/vijesti/vijest.php?id=486194,csv/Historical-Report-NewsGradient-2022-09-12--2022-09-13.csv,1618
https://lat.rtrs.tv/vijesti/vijest.php?id=486188,csv/Historical-Report-NewsGradient-2022-09-12--2022-09-13.csv,1682
https://lat.rtrs.tv/vijesti/vijest.php?id=486185,csv/Historical-Report-NewsGradient-2022-09-12--2022-09-13.csv,1696
https://lat.rtrs.tv/vijesti/vijest.php?id=486164,csv/Historical-Report-NewsGradient-2022-09-12--2022-09-13.csv,2121
https://lat.rtrs.tv/vijesti/vijest.php?id=486157,csv/Historical-Report-NewsGradient-2022-09-12--2022-09-13.csv,2149
https://lat.rtrs.tv/vijesti/vijest.php?id=486165,csv/Historical-Report-NewsGradient-2022-09-12--2022-09-13.csv,2163
https://lat.rtrs.tv/vijesti/vijest.php?id=486161,csv/Historical-Report-NewsGradient-2022-09-12--2022-09-13.csv,2211
https://lat.rtrs.tv/vijesti/vijest.php?id=486159,csv/Historical-Report-NewsGradient-2022-09-12--2022-09-13.csv,2212
https://lat.rtrs.tv/vijesti/vijest.php?id=486411,csv/Historical-Report-NewsGradient-2022-09-13--2022-09-14.csv,159
https://lat.rtrs.tv/vijesti/vijest.php?id=486404,csv/Historical-Report-NewsGradient-2022-09-13--2022-09-14.csv,232
https://lat.rtrs.tv/vijesti/vijest.php?id=486405,csv/Historical-Report-NewsGradient-2022-09-13--2022-09-14.csv,238
https://lat.rtrs.tv/vijesti/vijest.php?id=486386,csv/Historical-Report-NewsGradient-2022-09-13--2022-09-14.csv,512
https://lat.rtrs.tv/vijesti/vijest.php?id=486388,csv/Historical-Report-NewsGradient-2022-09-13--2022-09-14.csv,514
https://lat.rtrs.tv/vijesti/vijest.php?id=486389,csv/Historical-Report-NewsGradient-2022-09-13--2022-09-14.csv,532
https://lat.rtrs.tv/vijesti/vijest.php?id=486382,csv/Historical-Report-NewsGradient-2022-09-13--2022-09-14.csv,653
https://lat.rtrs.tv/vijesti/vijest.php?id=486375,csv/Historical-Report-NewsGradient-2022-09-13--2022-09-14.csv,751
https://lat.rtrs.tv/vijesti/vijest.php?id=486368,csv/Historical-Report-NewsGradient-2022-09-13--2022-09-14.csv,897
https://lat.rtrs.tv/vijesti/vijest.php?id=486367,csv/Historical-Report-NewsGradient-2022-09-13--2022-09-14.csv,955
https://lat.rtrs.tv/vijesti/vijest.php?id=486363,csv/Historical-Report-NewsGradient-2022-09-13--2022-09-14.csv,1054
https://lat.rtrs.tv/vijesti/vijest.php?id=486359,csv/Historical-Report-NewsGradient-2022-09-13--2022-09-14.csv,1058
https://lat.rtrs.tv/vijesti/vijest.php?id=486352,csv/Historical-Report-NewsGradient-2022-09-13--2022-09-14.csv,1245
https://lat.rtrs.tv/vijesti/vijest.php?id=486339,csv/Historical-Report-NewsGradient-2022-09-13--2022-09-14.csv,1336
https://lat.rtrs.tv/vijesti/vijest.php?id=486342,csv/Historical-Report-NewsGradient-2022-09-13--2022-09-14.csv,1339
https://lat.rtrs.tv/vijesti/vijest.php?id=486340,csv/Historical-Report-NewsGradient-2022-09-13--2022-09-14.csv,1398
https://lat.rtrs.tv/vijesti/vijest.php?id=486337,csv/Historical-Report-NewsGradient-2022-09-13--2022-09-14.csv,1425
https://lat.rtrs.tv/vijesti/vijest.php?id=486336,csv/Historical-Report-NewsGradient-2022-09-13--2022-09-14.csv,1458
https://lat.rtrs.tv/vijesti/vijest.php?id=486332,csv/Historical-Report-NewsGradient-2022-09-13--2022-09-14.csv,1521
https://lat.rtrs.tv/vijesti/vijest.php?id=486317,csv/Historical-Report-NewsGradient-2022-09-13--2022-09-14.csv,1577
https://lat.rtrs.tv/vijesti/vijest.php?id=486328,csv/Historical-Report-NewsGradient-2022-09-13--2022-09-14.csv,1597
https://lat.rtrs.tv/vijesti/vijest.php?id=486320,csv/Historical-Report-NewsGradient-2022-09-13--2022-09-14.csv,1682
https://lat.rtrs.tv/vijesti/vijest.php?id=486318,csv/Historical-Report-NewsGradient-2022-09-13--2022-09-14.csv,1688
https://lat.rtrs.tv/vijesti/vijest.php?id=486298,csv/Historical-Report-NewsGradient-2022-09-13--2022-09-14.csv,1946
https://lat.rtrs.tv/vijesti/vijest.php?id=486308,csv/Historical-Report-NewsGradient-2022-09-13--2022-09-14.csv,1976
https://lat.rtrs.tv/vijesti/vijest.php?id=486304,csv/Historical-Report-NewsGradient-2022-09-13--2022-09-14.csv,2024
https://lat.rtrs.tv/vijesti/vijest.php?id=486300,csv/Historical-Report-NewsGradient-2022-09-13--2022-09-14.csv,2054
https://lat.rtrs.tv/vijesti/vijest.php?id=486303,csv/Historical-Report-NewsGradient-2022-09-13--2022-09-14.csv,2059
https://lat.rtrs.tv/vijesti/vijest.php?id=486302,csv/Historical-Report-NewsGradient-2022-09-13--2022-09-14.csv,2074
https://lat.rtrs.tv/vijesti/vijest.php?id=486296,csv/Historical-Report-NewsGradient-2022-09-13--2022-09-14.csv,2132
https://lat.rtrs.tv/vijesti/vijest.php?id=486295,csv/Historical-Report-NewsGradient-2022-09-13--2022-09-14.csv,2164
https://lat.rtrs.tv/vijesti/vijest.php?id=486292,csv/Historical-Report-NewsGradient-2022-09-13--2022-09-14.csv,2187
https://lat.rtrs.tv/vijesti/vijest.php?id=486293,csv/Historical-Report-NewsGradient-2022-09-13--2022-09-14.csv,2191
https://lat.rtrs.tv/vijesti/vijest.php?id=486551,csv/Historical-Report-NewsGradient-2022-09-14--2022-09-15.csv,302
https://lat.rtrs.tv/vijesti/vijest.php?id=486553,csv/Historical-Report-NewsGradient-2022-09-14--2022-09-15.csv,306
https://lat.rtrs.tv/vijesti/vijest.php?id=486546,csv/Historical-Report-NewsGradient-2022-09-14--2022-09-15.csv,499
https://lat.rtrs.tv/vijesti/vijest.php?id=486545,csv/Historical-Report-NewsGradient-2022-09-14--2022-09-15.csv,545
https://lat.rtrs.tv/vijesti/vijest.php?id=486542,csv/Historical-Report-NewsGradient-2022-09-14--2022-09-15.csv,559
https://lat.rtrs.tv/vijesti/vijest.php?id=486540,csv/Historical-Report-NewsGradient-2022-09-14--2022-09-15.csv,592
https://lat.rtrs.tv/vijesti/vijest.php?id=486543,csv/Historical-Report-NewsGradient-2022-09-14--2022-09-15.csv,608
https://lat.rtrs.tv/vijesti/vijest.php?id=486532,csv/Historical-Report-NewsGradient-2022-09-14--2022-09-15.csv,721
https://lat.rtrs.tv/vijesti/vijest.php?id=486527,csv/Historical-Report-NewsGradient-2022-09-14--2022-09-15.csv,813
https://lat.rtrs.tv/vijesti/vijest.php?id=486522,csv/Historical-Report-NewsGradient-2022-09-14--2022-09-15.csv,859
https://lat.rtrs.tv/vijesti/vijest.php?id=486513,csv/Historical-Report-NewsGradient-2022-09-14--2022-09-15.csv,882
https://lat.rtrs.tv/vijesti/vijest.php?id=486516,csv/Historical-Report-NewsGradient-2022-09-14--2022-09-15.csv,971
https://lat.rtrs.tv/vijesti/vijest.php?id=486511,csv/Historical-Report-NewsGradient-2022-09-14--2022-09-15.csv,1078
https://lat.rtrs.tv/vijesti/vijest.php?id=486484,csv/Historical-Report-NewsGradient-2022-09-14--2022-09-15.csv,1256
https://lat.rtrs.tv/vijesti/vijest.php?id=486496,csv/Historical-Report-NewsGradient-2022-09-14--2022-09-15.csv,1259
https://lat.rtrs.tv/vijesti/vijest.php?id=486480,csv/Historical-Report-NewsGradient-2022-09-14--2022-09-15.csv,1504
https://lat.rtrs.tv/vijesti/vijest.php?id=486476,csv/Historical-Report-NewsGradient-2022-09-14--2022-09-15.csv,1522
https://lat.rtrs.tv/vijesti/vijest.php?id=486477,csv/Historical-Report-NewsGradient-2022-09-14--2022-09-15.csv,1526
https://lat.rtrs.tv/vijesti/vijest.php?id=486469,csv/Historical-Report-NewsGradient-2022-09-14--2022-09-15.csv,1561
https://lat.rtrs.tv/vijesti/vijest.php?id=486461,csv/Historical-Report-NewsGradient-2022-09-14--2022-09-15.csv,1642
https://lat.rtrs.tv/vijesti/vijest.php?id=486467,csv/Historical-Report-NewsGradient-2022-09-14--2022-09-15.csv,1668
https://lat.rtrs.tv/vijesti/vijest.php?id=486464,csv/Historical-Report-NewsGradient-2022-09-14--2022-09-15.csv,1687
https://lat.rtrs.tv/vijesti/vijest.php?id=486454,csv/Historical-Report-NewsGradient-2022-09-14--2022-09-15.csv,1755
https://lat.rtrs.tv/vijesti/vijest.php?id=486447,csv/Historical-Report-NewsGradient-2022-09-14--2022-09-15.csv,1897
https://lat.rtrs.tv/vijesti/vijest.php?id=486441,csv/Historical-Report-NewsGradient-2022-09-14--2022-09-15.csv,1948
https://lat.rtrs.tv/vijesti/vijest.php?id=486437,csv/Historical-Report-NewsGradient-2022-09-14--2022-09-15.csv,2060
https://lat.rtrs.tv/vijesti/vijest.php?id=486436,csv/Historical-Report-NewsGradient-2022-09-14--2022-09-15.csv,2090
https://lat.rtrs.tv/vijesti/vijest.php?id=486430,csv/Historical-Report-NewsGradient-2022-09-14--2022-09-15.csv,2093
https://lat.rtrs.tv/vijesti/vijest.php?id=486423,csv/Historical-Report-NewsGradient-2022-09-14--2022-09-15.csv,2188
https://lat.rtrs.tv/vijesti/vijest.php?id=486418,csv/Historical-Report-NewsGradient-2022-09-14--2022-09-15.csv,2296
https://lat.rtrs.tv/vijesti/vijest.php?id=486413,csv/Historical-Report-NewsGradient-2022-09-14--2022-09-15.csv,2320
https://lat.rtrs.tv/vijesti/vijest.php?id=486708,csv/Historical-Report-NewsGradient-2022-09-15--2022-09-16.csv,174
https://lat.rtrs.tv/vijesti/vijest.php?id=486707,csv/Historical-Report-NewsGradient-2022-09-15--2022-09-16.csv,198
https://lat.rtrs.tv/vijesti/vijest.php?id=486706,csv/Historical-Report-NewsGradient-2022-09-15--2022-09-16.csv,355
https://lat.rtrs.tv/vijesti/vijest.php?id=486698,csv/Historical-Report-NewsGradient-2022-09-15--2022-09-16.csv,427
https://lat.rtrs.tv/vijesti/vijest.php?id=486690,csv/Historical-Report-NewsGradient-2022-09-15--2022-09-16.csv,525
https://lat.rtrs.tv/vijesti/vijest.php?id=486688,csv/Historical-Report-NewsGradient-2022-09-15--2022-09-16.csv,604
https://lat.rtrs.tv/vijesti/vijest.php?id=486687,csv/Historical-Report-NewsGradient-2022-09-15--2022-09-16.csv,627
https://lat.rtrs.tv/vijesti/vijest.php?id=486679,csv/Historical-Report-NewsGradient-2022-09-15--2022-09-16.csv,633
https://lat.rtrs.tv/vijesti/vijest.php?id=486683,csv/Historical-Report-NewsGradient-2022-09-15--2022-09-16.csv,660
https://lat.rtrs.tv/vijesti/vijest.php?id=486682,csv/Historical-Report-NewsGradient-2022-09-15--2022-09-16.csv,783
https://lat.rtrs.tv/vijesti/vijest.php?id=486677,csv/Historical-Report-NewsGradient-2022-09-15--2022-09-16.csv,835
https://lat.rtrs.tv/vijesti/vijest.php?id=486676,csv/Historical-Report-NewsGradient-2022-09-15--2022-09-16.csv,861
https://lat.rtrs.tv/vijesti/vijest.php?id=486675,csv/Historical-Report-NewsGradient-2022-09-15--2022-09-16.csv,869
https://lat.rtrs.tv/vijesti/vijest.php?id=486665,csv/Historical-Report-NewsGradient-2022-09-15--2022-09-16.csv,1032
https://lat.rtrs.tv/vijesti/vijest.php?id=486663,csv/Historical-Report-NewsGradient-2022-09-15--2022-09-16.csv,1035
https://lat.rtrs.tv/vijesti/vijest.php?id=486661,csv/Historical-Report-NewsGradient-2022-09-15--2022-09-16.csv,1054
https://lat.rtrs.tv/vijesti/vijest.php?id=486655,csv/Historical-Report-NewsGradient-2022-09-15--2022-09-16.csv,1216
https://lat.rtrs.tv/vijesti/vijest.php?id=486644,csv/Historical-Report-NewsGradient-2022-09-15--2022-09-16.csv,1241
https://lat.rtrs.tv/vijesti/vijest.php?id=486653,csv/Historical-Report-NewsGradient-2022-09-15--2022-09-16.csv,1264
https://lat.rtrs.tv/vijesti/vijest.php?id=486641,csv/Historical-Report-NewsGradient-2022-09-15--2022-09-16.csv,1337
https://lat.rtrs.tv/vijesti/vijest.php?id=486631,csv/Historical-Report-NewsGradient-2022-09-15--2022-09-16.csv,1455
https://lat.rtrs.tv/vijesti/vijest.php?id=486634,csv/Historical-Report-NewsGradient-2022-09-15--2022-09-16.csv,1514
https://lat.rtrs.tv/vijesti/vijest.php?id=486623,csv/Historical-Report-NewsGradient-2022-09-15--2022-09-16.csv,1614
https://lat.rtrs.tv/vijesti/vijest.php?id=486626,csv/Historical-Report-NewsGradient-2022-09-15--2022-09-16.csv,1642
https://lat.rtrs.tv/vijesti/vijest.php?id=486620,csv/Historical-Report-NewsGradient-2022-09-15--2022-09-16.csv,1696
https://lat.rtrs.tv/vijesti/vijest.php?id=486613,csv/Historical-Report-NewsGradient-2022-09-15--2022-09-16.csv,1741
https://lat.rtrs.tv/vijesti/vijest.php?id=486609,csv/Historical-Report-NewsGradient-2022-09-15--2022-09-16.csv,1754
https://lat.rtrs.tv/vijesti/vijest.php?id=486610,csv/Historical-Report-NewsGradient-2022-09-15--2022-09-16.csv,1767
https://lat.rtrs.tv/vijesti/vijest.php?id=486591,csv/Historical-Report-NewsGradient-2022-09-15--2022-09-16.csv,1889
https://lat.rtrs.tv/vijesti/vijest.php?id=486597,csv/Historical-Report-NewsGradient-2022-09-15--2022-09-16.csv,1909
https://lat.rtrs.tv/vijesti/vijest.php?id=486594,csv/Historical-Report-NewsGradient-2022-09-15--2022-09-16.csv,1951
https://lat.rtrs.tv/vijesti/vijest.php?id=486582,csv/Historical-Report-NewsGradient-2022-09-15--2022-09-16.csv,2012
https://lat.rtrs.tv/vijesti/vijest.php?id=486587,csv/Historical-Report-NewsGradient-2022-09-15--2022-09-16.csv,2014
https://lat.rtrs.tv/vijesti/vijest.php?id=486577,csv/Historical-Report-NewsGradient-2022-09-15--2022-09-16.csv,2039
https://lat.rtrs.tv/vijesti/vijest.php?id=486583,csv/Historical-Report-NewsGradient-2022-09-15--2022-09-16.csv,2042
https://lat.rtrs.tv/vijesti/vijest.php?id=486584,csv/Historical-Report-NewsGradient-2022-09-15--2022-09-16.csv,2045
https://lat.rtrs.tv/vijesti/vijest.php?id=486575,csv/Historical-Report-NewsGradient-2022-09-15--2022-09-16.csv,2084
https://lat.rtrs.tv/vijesti/vijest.php?id=486578,csv/Historical-Report-NewsGradient-2022-09-15--2022-09-16.csv,2116
https://lat.rtrs.tv/vijesti/vijest.php?id=486573,csv/Historical-Report-NewsGradient-2022-09-15--2022-09-16.csv,2197
https://lat.rtrs.tv/vijesti/vijest.php?id=486568,csv/Historical-Report-NewsGradient-2022-09-15--2022-09-16.csv,2236
https://lat.rtrs.tv/vijesti/vijest.php?id=486565,csv/Historical-Report-NewsGradient-2022-09-15--2022-09-16.csv,2261
https://lat.rtrs.tv/vijesti/vijest.php?id=486564,csv/Historical-Report-NewsGradient-2022-09-15--2022-09-16.csv,2266
https://lat.rtrs.tv/vijesti/vijest.php?id=486842,csv/Historical-Report-NewsGradient-2022-09-16--2022-09-17.csv,105
https://lat.rtrs.tv/vijesti/vijest.php?id=486841,csv/Historical-Report-NewsGradient-2022-09-16--2022-09-17.csv,180
https://lat.rtrs.tv/vijesti/vijest.php?id=486826,csv/Historical-Report-NewsGradient-2022-09-16--2022-09-17.csv,377
https://lat.rtrs.tv/vijesti/vijest.php?id=486823,csv/Historical-Report-NewsGradient-2022-09-16--2022-09-17.csv,551
https://lat.rtrs.tv/vijesti/vijest.php?id=486816,csv/Historical-Report-NewsGradient-2022-09-16--2022-09-17.csv,650
https://lat.rtrs.tv/vijesti/vijest.php?id=486813,csv/Historical-Report-NewsGradient-2022-09-16--2022-09-17.csv,654
https://lat.rtrs.tv/vijesti/vijest.php?id=486810,csv/Historical-Report-NewsGradient-2022-09-16--2022-09-17.csv,776
https://lat.rtrs.tv/vijesti/vijest.php?id=486808,csv/Historical-Report-NewsGradient-2022-09-16--2022-09-17.csv,861
https://lat.rtrs.tv/vijesti/vijest.php?id=486790,csv/Historical-Report-NewsGradient-2022-09-16--2022-09-17.csv,961
https://lat.rtrs.tv/vijesti/vijest.php?id=486787,csv/Historical-Report-NewsGradient-2022-09-16--2022-09-17.csv,1102
https://lat.rtrs.tv/vijesti/vijest.php?id=486791,csv/Historical-Report-NewsGradient-2022-09-16--2022-09-17.csv,1106
https://lat.rtrs.tv/vijesti/vijest.php?id=486778,csv/Historical-Report-NewsGradient-2022-09-16--2022-09-17.csv,1329
https://lat.rtrs.tv/vijesti/vijest.php?id=486776,csv/Historical-Report-NewsGradient-2022-09-16--2022-09-17.csv,1399
https://lat.rtrs.tv/vijesti/vijest.php?id=486770,csv/Historical-Report-NewsGradient-2022-09-16--2022-09-17.csv,1488
https://lat.rtrs.tv/vijesti/vijest.php?id=486768,csv/Historical-Report-NewsGradient-2022-09-16--2022-09-17.csv,1655
https://lat.rtrs.tv/vijesti/vijest.php?id=486765,csv/Historical-Report-NewsGradient-2022-09-16--2022-09-17.csv,1663
https://lat.rtrs.tv/vijesti/vijest.php?id=486763,csv/Historical-Report-NewsGradient-2022-09-16--2022-09-17.csv,1687
https://lat.rtrs.tv/vijesti/vijest.php?id=486758,csv/Historical-Report-NewsGradient-2022-09-16--2022-09-17.csv,1762
https://lat.rtrs.tv/vijesti/vijest.php?id=486749,csv/Historical-Report-NewsGradient-2022-09-16--2022-09-17.csv,1883
https://lat.rtrs.tv/vijesti/vijest.php?id=486745,csv/Historical-Report-NewsGradient-2022-09-16--2022-09-17.csv,1920
https://lat.rtrs.tv/vijesti/vijest.php?id=486738,csv/Historical-Report-NewsGradient-2022-09-16--2022-09-17.csv,1984
https://lat.rtrs.tv/vijesti/vijest.php?id=486742,csv/Historical-Report-NewsGradient-2022-09-16--2022-09-17.csv,2007
https://lat.rtrs.tv/vijesti/vijest.php?id=486732,csv/Historical-Report-NewsGradient-2022-09-16--2022-09-17.csv,2203
https://lat.rtrs.tv/vijesti/vijest.php?id=486722,csv/Historical-Report-NewsGradient-2022-09-16--2022-09-17.csv,2221
https://lat.rtrs.tv/vijesti/vijest.php?id=486711,csv/Historical-Report-NewsGradient-2022-09-16--2022-09-17.csv,2225
https://lat.rtrs.tv/vijesti/vijest.php?id=486724,csv/Historical-Report-NewsGradient-2022-09-16--2022-09-17.csv,2229
https://lat.rtrs.tv/vijesti/vijest.php?id=486913,csv/Historical-Report-NewsGradient-2022-09-17--2022-09-18.csv,334
https://lat.rtrs.tv/vijesti/vijest.php?id=486910,csv/Historical-Report-NewsGradient-2022-09-17--2022-09-18.csv,430
https://lat.rtrs.tv/vijesti/vijest.php?id=486908,csv/Historical-Report-NewsGradient-2022-09-17--2022-09-18.csv,508
https://lat.rtrs.tv/vijesti/vijest.php?id=486902,csv/Historical-Report-NewsGradient-2022-09-17--2022-09-18.csv,552
https://lat.rtrs.tv/vijesti/vijest.php?id=486905,csv/Historical-Report-NewsGradient-2022-09-17--2022-09-18.csv,628
https://lat.rtrs.tv/vijesti/vijest.php?id=486894,csv/Historical-Report-NewsGradient-2022-09-17--2022-09-18.csv,916
https://lat.rtrs.tv/vijesti/vijest.php?id=486891,csv/Historical-Report-NewsGradient-2022-09-17--2022-09-18.csv,924
https://lat.rtrs.tv/vijesti/vijest.php?id=486890,csv/Historical-Report-NewsGradient-2022-09-17--2022-09-18.csv,979
https://lat.rtrs.tv/vijesti/vijest.php?id=486889,csv/Historical-Report-NewsGradient-2022-09-17--2022-09-18.csv,1014
https://lat.rtrs.tv/vijesti/vijest.php?id=486885,csv/Historical-Report-NewsGradient-2022-09-17--2022-09-18.csv,1064
https://lat.rtrs.tv/vijesti/vijest.php?id=486882,csv/Historical-Report-NewsGradient-2022-09-17--2022-09-18.csv,1157
https://lat.rtrs.tv/vijesti/vijest.php?id=486877,csv/Historical-Report-NewsGradient-2022-09-17--2022-09-18.csv,1320
https://lat.rtrs.tv/vijesti/vijest.php?id=486861,csv/Historical-Report-NewsGradient-2022-09-17--2022-09-18.csv,1553
https://lat.rtrs.tv/vijesti/vijest.php?id=486863,csv/Historical-Report-NewsGradient-2022-09-17--2022-09-18.csv,1601
https://lat.rtrs.tv/vijesti/vijest.php?id=486858,csv/Historical-Report-NewsGradient-2022-09-17--2022-09-18.csv,1703
https://lat.rtrs.tv/vijesti/vijest.php?id=486850,csv/Historical-Report-NewsGradient-2022-09-17--2022-09-18.csv,1819
https://lat.rtrs.tv/vijesti/vijest.php?id=486844,csv/Historical-Report-NewsGradient-2022-09-17--2022-09-18.csv,1934
https://lat.rtrs.tv/vijesti/vijest.php?id=487016,csv/Historical-Report-NewsGradient-2022-09-18--2022-09-19.csv,253
https://lat.rtrs.tv/vijesti/vijest.php?id=487003,csv/Historical-Report-NewsGradient-2022-09-18--2022-09-19.csv,495
https://lat.rtrs.tv/vijesti/vijest.php?id=487002,csv/Historical-Report-NewsGradient-2022-09-18--2022-09-19.csv,510
https://lat.rtrs.tv/vijesti/vijest.php?id=486995,csv/Historical-Report-NewsGradient-2022-09-18--2022-09-19.csv,630
https://lat.rtrs.tv/vijesti/vijest.php?id=486992,csv/Historical-Report-NewsGradient-2022-09-18--2022-09-19.csv,659
https://lat.rtrs.tv/vijesti/vijest.php?id=486986,csv/Historical-Report-NewsGradient-2022-09-18--2022-09-19.csv,733
https://lat.rtrs.tv/vijesti/vijest.php?id=486978,csv/Historical-Report-NewsGradient-2022-09-18--2022-09-19.csv,958
https://lat.rtrs.tv/vijesti/vijest.php?id=486975,csv/Historical-Report-NewsGradient-2022-09-18--2022-09-19.csv,1008
https://lat.rtrs.tv/vijesti/vijest.php?id=486970,csv/Historical-Report-NewsGradient-2022-09-18--2022-09-19.csv,1117
https://lat.rtrs.tv/vijesti/vijest.php?id=486968,csv/Historical-Report-NewsGradient-2022-09-18--2022-09-19.csv,1161
https://lat.rtrs.tv/vijesti/vijest.php?id=486963,csv/Historical-Report-NewsGradient-2022-09-18--2022-09-19.csv,1190
https://lat.rtrs.tv/vijesti/vijest.php?id=486959,csv/Historical-Report-NewsGradient-2022-09-18--2022-09-19.csv,1296
https://lat.rtrs.tv/vijesti/vijest.php?id=486953,csv/Historical-Report-NewsGradient-2022-09-18--2022-09-19.csv,1367
https://lat.rtrs.tv/vijesti/vijest.php?id=486933,csv/Historical-Report-NewsGradient-2022-09-18--2022-09-19.csv,1555
https://lat.rtrs.tv/vijesti/vijest.php?id=486926,csv/Historical-Report-NewsGradient-2022-09-18--2022-09-19.csv,1763
https://lat.rtrs.tv/vijesti/vijest.php?id=486928,csv/Historical-Report-NewsGradient-2022-09-18--2022-09-19.csv,1765
https://lat.rtrs.tv/vijesti/vijest.php?id=486929,csv/Historical-Report-NewsGradient-2022-09-18--2022-09-19.csv,1767
https://lat.rtrs.tv/vijesti/vijest.php?id=486930,csv/Historical-Report-NewsGradient-2022-09-18--2022-09-19.csv,1773
https://lat.rtrs.tv/vijesti/vijest.php?id=487137,csv/Historical-Report-NewsGradient-2022-09-19--2022-09-20.csv,131
https://lat.rtrs.tv/vijesti/vijest.php?id=487134,csv/Historical-Report-NewsGradient-2022-09-19--2022-09-20.csv,301
https://lat.rtrs.tv/vijesti/vijest.php?id=487127,csv/Historical-Report-NewsGradient-2022-09-19--2022-09-20.csv,492
https://lat.rtrs.tv/vijesti/vijest.php?id=487120,csv/Historical-Report-NewsGradient-2022-09-19--2022-09-20.csv,543
https://lat.rtrs.tv/vijesti/vijest.php?id=487119,csv/Historical-Report-NewsGradient-2022-09-19--2022-09-20.csv,616
https://lat.rtrs.tv/vijesti/vijest.php?id=487117,csv/Historical-Report-NewsGradient-2022-09-19--2022-09-20.csv,624
https://lat.rtrs.tv/vijesti/vijest.php?id=487113,csv/Historical-Report-NewsGradient-2022-09-19--2022-09-20.csv,716
https://lat.rtrs.tv/vijesti/vijest.php?id=487112,csv/Historical-Report-NewsGradient-2022-09-19--2022-09-20.csv,804
https://lat.rtrs.tv/vijesti/vijest.php?id=487105,csv/Historical-Report-NewsGradient-2022-09-19--2022-09-20.csv,999
https://lat.rtrs.tv/vijesti/vijest.php?id=487102,csv/Historical-Report-NewsGradient-2022-09-19--2022-09-20.csv,1112
https://lat.rtrs.tv/vijesti/vijest.php?id=487091,csv/Historical-Report-NewsGradient-2022-09-19--2022-09-20.csv,1248
https://lat.rtrs.tv/vijesti/vijest.php?id=487085,csv/Historical-Report-NewsGradient-2022-09-19--2022-09-20.csv,1327
https://lat.rtrs.tv/vijesti/vijest.php?id=487076,csv/Historical-Report-NewsGradient-2022-09-19--2022-09-20.csv,1475
https://lat.rtrs.tv/vijesti/vijest.php?id=487068,csv/Historical-Report-NewsGradient-2022-09-19--2022-09-20.csv,1607
https://lat.rtrs.tv/vijesti/vijest.php?id=487066,csv/Historical-Report-NewsGradient-2022-09-19--2022-09-20.csv,1628
https://lat.rtrs.tv/vijesti/vijest.php?id=487062,csv/Historical-Report-NewsGradient-2022-09-19--2022-09-20.csv,1726
https://lat.rtrs.tv/vijesti/vijest.php?id=487058,csv/Historical-Report-NewsGradient-2022-09-19--2022-09-20.csv,1785
https://lat.rtrs.tv/vijesti/vijest.php?id=487030,csv/Historical-Report-NewsGradient-2022-09-19--2022-09-20.csv,1846
https://lat.rtrs.tv/vijesti/vijest.php?id=487040,csv/Historical-Report-NewsGradient-2022-09-19--2022-09-20.csv,2018
https://lat.rtrs.tv/vijesti/vijest.php?id=487032,csv/Historical-Report-NewsGradient-2022-09-19--2022-09-20.csv,2047
https://lat.rtrs.tv/vijesti/vijest.php?id=487028,csv/Historical-Report-NewsGradient-2022-09-19--2022-09-20.csv,2114
https://lat.rtrs.tv/vijesti/vijest.php?id=487027,csv/Historical-Report-NewsGradient-2022-09-19--2022-09-20.csv,2218
https://lat.rtrs.tv/vijesti/vijest.php?id=487024,csv/Historical-Report-NewsGradient-2022-09-19--2022-09-20.csv,2306
https://lat.rtrs.tv/vijesti/vijest.php?id=487267,csv/Historical-Report-NewsGradient-2022-09-20--2022-09-21.csv,123
https://lat.rtrs.tv/vijesti/vijest.php?id=487247,csv/Historical-Report-NewsGradient-2022-09-20--2022-09-21.csv,479
https://lat.rtrs.tv/vijesti/vijest.php?id=487249,csv/Historical-Report-NewsGradient-2022-09-20--2022-09-21.csv,480
https://lat.rtrs.tv/vijesti/vijest.php?id=487240,csv/Historical-Report-NewsGradient-2022-09-20--2022-09-21.csv,529
https://lat.rtrs.tv/vijesti/vijest.php?id=487236,csv/Historical-Report-NewsGradient-2022-09-20--2022-09-21.csv,650
https://lat.rtrs.tv/vijesti/vijest.php?id=487233,csv/Historical-Report-NewsGradient-2022-09-20--2022-09-21.csv,690
https://lat.rtrs.tv/vijesti/vijest.php?id=487230,csv/Historical-Report-NewsGradient-2022-09-20--2022-09-21.csv,758
https://lat.rtrs.tv/vijesti/vijest.php?id=487229,csv/Historical-Report-NewsGradient-2022-09-20--2022-09-21.csv,806
https://lat.rtrs.tv/vijesti/vijest.php?id=487223,csv/Historical-Report-NewsGradient-2022-09-20--2022-09-21.csv,882
https://lat.rtrs.tv/vijesti/vijest.php?id=487213,csv/Historical-Report-NewsGradient-2022-09-20--2022-09-21.csv,1027
https://lat.rtrs.tv/vijesti/vijest.php?id=487212,csv/Historical-Report-NewsGradient-2022-09-20--2022-09-21.csv,1073
https://lat.rtrs.tv/vijesti/vijest.php?id=487207,csv/Historical-Report-NewsGradient-2022-09-20--2022-09-21.csv,1174
https://lat.rtrs.tv/vijesti/vijest.php?id=487195,csv/Historical-Report-NewsGradient-2022-09-20--2022-09-21.csv,1339
https://lat.rtrs.tv/vijesti/vijest.php?id=487189,csv/Historical-Report-NewsGradient-2022-09-20--2022-09-21.csv,1496
https://lat.rtrs.tv/vijesti/vijest.php?id=487186,csv/Historical-Report-NewsGradient-2022-09-20--2022-09-21.csv,1536
https://lat.rtrs.tv/vijesti/vijest.php?id=487183,csv/Historical-Report-NewsGradient-2022-09-20--2022-09-21.csv,1573
https://lat.rtrs.tv/vijesti/vijest.php?id=487169,csv/Historical-Report-NewsGradient-2022-09-20--2022-09-21.csv,1724
https://lat.rtrs.tv/vijesti/vijest.php?id=487158,csv/Historical-Report-NewsGradient-2022-09-20--2022-09-21.csv,1914
https://lat.rtrs.tv/vijesti/vijest.php?id=487153,csv/Historical-Report-NewsGradient-2022-09-20--2022-09-21.csv,2065
https://lat.rtrs.tv/vijesti/vijest.php?id=487144,csv/Historical-Report-NewsGradient-2022-09-20--2022-09-21.csv,2220
https://lat.rtrs.tv/vijesti/vijest.php?id=487143,csv/Historical-Report-NewsGradient-2022-09-20--2022-09-21.csv,2234
https://lat.rtrs.tv/vijesti/vijest.php?id=487386,csv/Historical-Report-NewsGradient-2022-09-21--2022-09-22.csv,194
https://lat.rtrs.tv/vijesti/vijest.php?id=487377,csv/Historical-Report-NewsGradient-2022-09-21--2022-09-22.csv,239
https://lat.rtrs.tv/vijesti/vijest.php?id=487372,csv/Historical-Report-NewsGradient-2022-09-21--2022-09-22.csv,317
https://lat.rtrs.tv/vijesti/vijest.php?id=487362,csv/Historical-Report-NewsGradient-2022-09-21--2022-09-22.csv,554
https://lat.rtrs.tv/vijesti/vijest.php?id=487358,csv/Historical-Report-NewsGradient-2022-09-21--2022-09-22.csv,627
https://lat.rtrs.tv/vijesti/vijest.php?id=487356,csv/Historical-Report-NewsGradient-2022-09-21--2022-09-22.csv,685
https://lat.rtrs.tv/vijesti/vijest.php?id=487353,csv/Historical-Report-NewsGradient-2022-09-21--2022-09-22.csv,692
https://lat.rtrs.tv/vijesti/vijest.php?id=487354,csv/Historical-Report-NewsGradient-2022-09-21--2022-09-22.csv,728
https://lat.rtrs.tv/vijesti/vijest.php?id=487350,csv/Historical-Report-NewsGradient-2022-09-21--2022-09-22.csv,785
https://lat.rtrs.tv/vijesti/vijest.php?id=487349,csv/Historical-Report-NewsGradient-2022-09-21--2022-09-22.csv,790
https://lat.rtrs.tv/vijesti/vijest.php?id=487326,csv/Historical-Report-NewsGradient-2022-09-21--2022-09-22.csv,1415
https://lat.rtrs.tv/vijesti/vijest.php?id=487322,csv/Historical-Report-NewsGradient-2022-09-21--2022-09-22.csv,1461
https://lat.rtrs.tv/vijesti/vijest.php?id=487315,csv/Historical-Report-NewsGradient-2022-09-21--2022-09-22.csv,1651
https://lat.rtrs.tv/vijesti/vijest.php?id=487314,csv/Historical-Report-NewsGradient-2022-09-21--2022-09-22.csv,1683
https://lat.rtrs.tv/vijesti/vijest.php?id=487310,csv/Historical-Report-NewsGradient-2022-09-21--2022-09-22.csv,1728
https://lat.rtrs.tv/vijesti/vijest.php?id=487295,csv/Historical-Report-NewsGradient-2022-09-21--2022-09-22.csv,1819
https://lat.rtrs.tv/vijesti/vijest.php?id=487298,csv/Historical-Report-NewsGradient-2022-09-21--2022-09-22.csv,1827
https://lat.rtrs.tv/vijesti/vijest.php?id=487279,csv/Historical-Report-NewsGradient-2022-09-21--2022-09-22.csv,1988
https://lat.rtrs.tv/vijesti/vijest.php?id=487277,csv/Historical-Report-NewsGradient-2022-09-21--2022-09-22.csv,1989
https://lat.rtrs.tv/vijesti/vijest.php?id=487280,csv/Historical-Report-NewsGradient-2022-09-21--2022-09-22.csv,2179
https://lat.rtrs.tv/vijesti/vijest.php?id=487278,csv/Historical-Report-NewsGradient-2022-09-21--2022-09-22.csv,2275
https://lat.rtrs.tv/vijesti/vijest.php?id=487275,csv/Historical-Report-NewsGradient-2022-09-21--2022-09-22.csv,2297
https://lat.rtrs.tv/vijesti/vijest.php?id=487522,csv/Historical-Report-NewsGradient-2022-09-22--2022-09-23.csv,230
https://lat.rtrs.tv/vijesti/vijest.php?id=487508,csv/Historical-Report-NewsGradient-2022-09-22--2022-09-23.csv,569
https://lat.rtrs.tv/vijesti/vijest.php?id=487494,csv/Historical-Report-NewsGradient-2022-09-22--2022-09-23.csv,686
https://lat.rtrs.tv/vijesti/vijest.php?id=487499,csv/Historical-Report-NewsGradient-2022-09-22--2022-09-23.csv,863
https://lat.rtrs.tv/vijesti/vijest.php?id=487498,csv/Historical-Report-NewsGradient-2022-09-22--2022-09-23.csv,869
https://lat.rtrs.tv/vijesti/vijest.php?id=487487,csv/Historical-Report-NewsGradient-2022-09-22--2022-09-23.csv,947
https://lat.rtrs.tv/vijesti/vijest.php?id=487484,csv/Historical-Report-NewsGradient-2022-09-22--2022-09-23.csv,1020
https://lat.rtrs.tv/vijesti/vijest.php?id=487483,csv/Historical-Report-NewsGradient-2022-09-22--2022-09-23.csv,1022
https://lat.rtrs.tv/vijesti/vijest.php?id=487477,csv/Historical-Report-NewsGradient-2022-09-22--2022-09-23.csv,1110
https://lat.rtrs.tv/vijesti/vijest.php?id=487466,csv/Historical-Report-NewsGradient-2022-09-22--2022-09-23.csv,1255
https://lat.rtrs.tv/vijesti/vijest.php?id=487467,csv/Historical-Report-NewsGradient-2022-09-22--2022-09-23.csv,1276
https://lat.rtrs.tv/vijesti/vijest.php?id=487461,csv/Historical-Report-NewsGradient-2022-09-22--2022-09-23.csv,1364
https://lat.rtrs.tv/vijesti/vijest.php?id=487456,csv/Historical-Report-NewsGradient-2022-09-22--2022-09-23.csv,1490
https://lat.rtrs.tv/vijesti/vijest.php?id=487447,csv/Historical-Report-NewsGradient-2022-09-22--2022-09-23.csv,1593
https://lat.rtrs.tv/vijesti/vijest.php?id=487441,csv/Historical-Report-NewsGradient-2022-09-22--2022-09-23.csv,1673
https://lat.rtrs.tv/vijesti/vijest.php?id=487434,csv/Historical-Report-NewsGradient-2022-09-22--2022-09-23.csv,1745
https://lat.rtrs.tv/vijesti/vijest.php?id=487427,csv/Historical-Report-NewsGradient-2022-09-22--2022-09-23.csv,1779
https://lat.rtrs.tv/vijesti/vijest.php?id=487422,csv/Historical-Report-NewsGradient-2022-09-22--2022-09-23.csv,1907
https://lat.rtrs.tv/vijesti/vijest.php?id=487410,csv/Historical-Report-NewsGradient-2022-09-22--2022-09-23.csv,2049
https://lat.rtrs.tv/vijesti/vijest.php?id=487393,csv/Historical-Report-NewsGradient-2022-09-22--2022-09-23.csv,2085
https://lat.rtrs.tv/vijesti/vijest.php?id=487398,csv/Historical-Report-NewsGradient-2022-09-22--2022-09-23.csv,2129
https://lat.rtrs.tv/vijesti/vijest.php?id=487397,csv/Historical-Report-NewsGradient-2022-09-22--2022-09-23.csv,2233
https://lat.rtrs.tv/vijesti/vijest.php?id=487394,csv/Historical-Report-NewsGradient-2022-09-22--2022-09-23.csv,2261
https://lat.rtrs.tv/vijesti/vijest.php?id=487636,csv/Historical-Report-NewsGradient-2022-09-23--2022-09-24.csv,512
https://lat.rtrs.tv/vijesti/vijest.php?id=487639,csv/Historical-Report-NewsGradient-2022-09-23--2022-09-24.csv,601
https://lat.rtrs.tv/vijesti/vijest.php?id=487630,csv/Historical-Report-NewsGradient-2022-09-23--2022-09-24.csv,683
https://lat.rtrs.tv/vijesti/vijest.php?id=487631,csv/Historical-Report-NewsGradient-2022-09-23--2022-09-24.csv,771
https://lat.rtrs.tv/vijesti/vijest.php?id=487614,csv/Historical-Report-NewsGradient-2022-09-23--2022-09-24.csv,1119
https://lat.rtrs.tv/vijesti/vijest.php?id=487608,csv/Historical-Report-NewsGradient-2022-09-23--2022-09-24.csv,1214
https://lat.rtrs.tv/vijesti/vijest.php?id=487600,csv/Historical-Report-NewsGradient-2022-09-23--2022-09-24.csv,1352
https://lat.rtrs.tv/vijesti/vijest.php?id=487591,csv/Historical-Report-NewsGradient-2022-09-23--2022-09-24.csv,1431
https://lat.rtrs.tv/vijesti/vijest.php?id=487587,csv/Historical-Report-NewsGradient-2022-09-23--2022-09-24.csv,1492
https://lat.rtrs.tv/vijesti/vijest.php?id=487586,csv/Historical-Report-NewsGradient-2022-09-23--2022-09-24.csv,1501
https://lat.rtrs.tv/vijesti/vijest.php?id=487529,csv/Historical-Report-NewsGradient-2022-09-23--2022-09-24.csv,1688
https://lat.rtrs.tv/vijesti/vijest.php?id=487561,csv/Historical-Report-NewsGradient-2022-09-23--2022-09-24.csv,1788
https://lat.rtrs.tv/vijesti/vijest.php?id=487551,csv/Historical-Report-NewsGradient-2022-09-23--2022-09-24.csv,2059
https://lat.rtrs.tv/vijesti/vijest.php?id=487529,csv/Historical-Report-NewsGradient-2022-09-23--2022-09-24.csv,2177
https://lat.rtrs.tv/vijesti/vijest.php?id=487539,csv/Historical-Report-NewsGradient-2022-09-23--2022-09-24.csv,2234
https://lat.rtrs.tv/vijesti/vijest.php?id=487533,csv/Historical-Report-NewsGradient-2022-09-23--2022-09-24.csv,2322
https://lat.rtrs.tv/vijesti/vijest.php?id=487531,csv/Historical-Report-NewsGradient-2022-09-23--2022-09-24.csv,2330
https://lat.rtrs.tv/vijesti/vijest.php?id=487751,csv/Historical-Report-NewsGradient-2022-09-24--2022-09-25.csv,206
https://lat.rtrs.tv/vijesti/vijest.php?id=487743,csv/Historical-Report-NewsGradient-2022-09-24--2022-09-25.csv,360
https://lat.rtrs.tv/vijesti/vijest.php?id=487725,csv/Historical-Report-NewsGradient-2022-09-24--2022-09-25.csv,396
https://lat.rtrs.tv/vijesti/vijest.php?id=487737,csv/Historical-Report-NewsGradient-2022-09-24--2022-09-25.csv,469
https://lat.rtrs.tv/vijesti/vijest.php?id=487728,csv/Historical-Report-NewsGradient-2022-09-24--2022-09-25.csv,626
https://lat.rtrs.tv/vijesti/vijest.php?id=487731,csv/Historical-Report-NewsGradient-2022-09-24--2022-09-25.csv,637
https://lat.rtrs.tv/vijesti/vijest.php?id=487721,csv/Historical-Report-NewsGradient-2022-09-24--2022-09-25.csv,695
https://lat.rtrs.tv/vijesti/vijest.php?id=487716,csv/Historical-Report-NewsGradient-2022-09-24--2022-09-25.csv,860
https://lat.rtrs.tv/vijesti/vijest.php?id=487715,csv/Historical-Report-NewsGradient-2022-09-24--2022-09-25.csv,960
https://lat.rtrs.tv/vijesti/vijest.php?id=487704,csv/Historical-Report-NewsGradient-2022-09-24--2022-09-25.csv,1120
https://lat.rtrs.tv/vijesti/vijest.php?id=487706,csv/Historical-Report-NewsGradient-2022-09-24--2022-09-25.csv,1124
https://lat.rtrs.tv/vijesti/vijest.php?id=487698,csv/Historical-Report-NewsGradient-2022-09-24--2022-09-25.csv,1265
https://lat.rtrs.tv/vijesti/vijest.php?id=487700,csv/Historical-Report-NewsGradient-2022-09-24--2022-09-25.csv,1268
https://lat.rtrs.tv/vijesti/vijest.php?id=487681,csv/Historical-Report-NewsGradient-2022-09-24--2022-09-25.csv,1523
https://lat.rtrs.tv/vijesti/vijest.php?id=487677,csv/Historical-Report-NewsGradient-2022-09-24--2022-09-25.csv,1578
https://lat.rtrs.tv/vijesti/vijest.php?id=487668,csv/Historical-Report-NewsGradient-2022-09-24--2022-09-25.csv,1691
https://lat.rtrs.tv/vijesti/vijest.php?id=487661,csv/Historical-Report-NewsGradient-2022-09-24--2022-09-25.csv,1837
https://lat.rtrs.tv/vijesti/vijest.php?id=487662,csv/Historical-Report-NewsGradient-2022-09-24--2022-09-25.csv,1930
https://lat.rtrs.tv/vijesti/vijest.php?id=487844,csv/Historical-Report-NewsGradient-2022-09-25--2022-09-26.csv,129
https://lat.rtrs.tv/vijesti/vijest.php?id=487837,csv/Historical-Report-NewsGradient-2022-09-25--2022-09-26.csv,285
https://lat.rtrs.tv/vijesti/vijest.php?id=487835,csv/Historical-Report-NewsGradient-2022-09-25--2022-09-26.csv,320
https://lat.rtrs.tv/vijesti/vijest.php?id=487829,csv/Historical-Report-NewsGradient-2022-09-25--2022-09-26.csv,436
https://lat.rtrs.tv/vijesti/vijest.php?id=487816,csv/Historical-Report-NewsGradient-2022-09-25--2022-09-26.csv,700
https://lat.rtrs.tv/vijesti/vijest.php?id=487815,csv/Historical-Report-NewsGradient-2022-09-25--2022-09-26.csv,704
https://lat.rtrs.tv/vijesti/vijest.php?id=487812,csv/Historical-Report-NewsGradient-2022-09-25--2022-09-26.csv,764
https://lat.rtrs.tv/vijesti/vijest.php?id=487805,csv/Historical-Report-NewsGradient-2022-09-25--2022-09-26.csv,796
https://lat.rtrs.tv/vijesti/vijest.php?id=487801,csv/Historical-Report-NewsGradient-2022-09-25--2022-09-26.csv,1017
https://lat.rtrs.tv/vijesti/vijest.php?id=487797,csv/Historical-Report-NewsGradient-2022-09-25--2022-09-26.csv,1064
https://lat.rtrs.tv/vijesti/vijest.php?id=487790,csv/Historical-Report-NewsGradient-2022-09-25--2022-09-26.csv,1270
https://lat.rtrs.tv/vijesti/vijest.php?id=487779,csv/Historical-Report-NewsGradient-2022-09-25--2022-09-26.csv,1406
https://lat.rtrs.tv/vijesti/vijest.php?id=487772,csv/Historical-Report-NewsGradient-2022-09-25--2022-09-26.csv,1424
https://lat.rtrs.tv/vijesti/vijest.php?id=487780,csv/Historical-Report-NewsGradient-2022-09-25--2022-09-26.csv,1428
https://lat.rtrs.tv/vijesti/vijest.php?id=487773,csv/Historical-Report-NewsGradient-2022-09-25--2022-09-26.csv,1601
https://lat.rtrs.tv/vijesti/vijest.php?id=487763,csv/Historical-Report-NewsGradient-2022-09-25--2022-09-26.csv,1775
https://lat.rtrs.tv/vijesti/vijest.php?id=487765,csv/Historical-Report-NewsGradient-2022-09-25--2022-09-26.csv,1801
https://lat.rtrs.tv/vijesti/vijest.php?id=487760,csv/Historical-Report-NewsGradient-2022-09-25--2022-09-26.csv,1880
https://lat.rtrs.tv/vijesti/vijest.php?id=487761,csv/Historical-Report-NewsGradient-2022-09-25--2022-09-26.csv,1881
https://lat.rtrs.tv/vijesti/vijest.php?id=487969,csv/Historical-Report-NewsGradient-2022-09-26--2022-09-27.csv,161
https://lat.rtrs.tv/vijesti/vijest.php?id=487965,csv/Historical-Report-NewsGradient-2022-09-26--2022-09-27.csv,195
https://lat.rtrs.tv/vijesti/vijest.php?id=487959,csv/Historical-Report-NewsGradient-2022-09-26--2022-09-27.csv,495
https://lat.rtrs.tv/vijesti/vijest.php?id=487954,csv/Historical-Report-NewsGradient-2022-09-26--2022-09-27.csv,539
https://lat.rtrs.tv/vijesti/vijest.php?id=487951,csv/Historical-Report-NewsGradient-2022-09-26--2022-09-27.csv,605
https://lat.rtrs.tv/vijesti/vijest.php?id=487945,csv/Historical-Report-NewsGradient-2022-09-26--2022-09-27.csv,737
https://lat.rtrs.tv/vijesti/vijest.php?id=487946,csv/Historical-Report-NewsGradient-2022-09-26--2022-09-27.csv,742
https://lat.rtrs.tv/vijesti/vijest.php?id=487932,csv/Historical-Report-NewsGradient-2022-09-26--2022-09-27.csv,956
https://lat.rtrs.tv/vijesti/vijest.php?id=487930,csv/Historical-Report-NewsGradient-2022-09-26--2022-09-27.csv,1006
https://lat.rtrs.tv/vijesti/vijest.php?id=487927,csv/Historical-Report-NewsGradient-2022-09-26--2022-09-27.csv,1101
https://lat.rtrs.tv/vijesti/vijest.php?id=487918,csv/Historical-Report-NewsGradient-2022-09-26--2022-09-27.csv,1265
https://lat.rtrs.tv/vijesti/vijest.php?id=487916,csv/Historical-Report-NewsGradient-2022-09-26--2022-09-27.csv,1267
https://lat.rtrs.tv/vijesti/vijest.php?id=487905,csv/Historical-Report-NewsGradient-2022-09-26--2022-09-27.csv,1357
https://lat.rtrs.tv/vijesti/vijest.php?id=487894,csv/Historical-Report-NewsGradient-2022-09-26--2022-09-27.csv,1542
https://lat.rtrs.tv/vijesti/vijest.php?id=487896,csv/Historical-Report-NewsGradient-2022-09-26--2022-09-27.csv,1567
https://lat.rtrs.tv/vijesti/vijest.php?id=487895,csv/Historical-Report-NewsGradient-2022-09-26--2022-09-27.csv,1589
https://lat.rtrs.tv/vijesti/vijest.php?id=487888,csv/Historical-Report-NewsGradient-2022-09-26--2022-09-27.csv,1638
https://lat.rtrs.tv/vijesti/vijest.php?id=487883,csv/Historical-Report-NewsGradient-2022-09-26--2022-09-27.csv,1725
https://lat.rtrs.tv/vijesti/vijest.php?id=487878,csv/Historical-Report-NewsGradient-2022-09-26--2022-09-27.csv,1909
https://lat.rtrs.tv/vijesti/vijest.php?id=487876,csv/Historical-Report-NewsGradient-2022-09-26--2022-09-27.csv,1947
https://lat.rtrs.tv/vijesti/vijest.php?id=487875,csv/Historical-Report-NewsGradient-2022-09-26--2022-09-27.csv,1949
https://lat.rtrs.tv/vijesti/vijest.php?id=487873,csv/Historical-Report-NewsGradient-2022-09-26--2022-09-27.csv,1992
https://lat.rtrs.tv/vijesti/vijest.php?id=487872,csv/Historical-Report-NewsGradient-2022-09-26--2022-09-27.csv,2031
https://lat.rtrs.tv/vijesti/vijest.php?id=487866,csv/Historical-Report-NewsGradient-2022-09-26--2022-09-27.csv,2087
https://lat.rtrs.tv/vijesti/vijest.php?id=487854,csv/Historical-Report-NewsGradient-2022-09-26--2022-09-27.csv,2283
https://lat.rtrs.tv/vijesti/vijest.php?id=487850,csv/Historical-Report-NewsGradient-2022-09-26--2022-09-27.csv,2329
https://lat.rtrs.tv/vijesti/vijest.php?id=488099,csv/Historical-Report-NewsGradient-2022-09-27--2022-09-28.csv,102
https://lat.rtrs.tv/vijesti/vijest.php?id=488081,csv/Historical-Report-NewsGradient-2022-09-27--2022-09-28.csv,526
https://lat.rtrs.tv/vijesti/vijest.php?id=488067,csv/Historical-Report-NewsGradient-2022-09-27--2022-09-28.csv,729
https://lat.rtrs.tv/vijesti/vijest.php?id=488060,csv/Historical-Report-NewsGradient-2022-09-27--2022-09-28.csv,896
https://lat.rtrs.tv/vijesti/vijest.php?id=488036,csv/Historical-Report-NewsGradient-2022-09-27--2022-09-28.csv,1302
https://lat.rtrs.tv/vijesti/vijest.php?id=488024,csv/Historical-Report-NewsGradient-2022-09-27--2022-09-28.csv,1482
https://lat.rtrs.tv/vijesti/vijest.php?id=488015,csv/Historical-Report-NewsGradient-2022-09-27--2022-09-28.csv,1535
https://lat.rtrs.tv/vijesti/vijest.php?id=488006,csv/Historical-Report-NewsGradient-2022-09-27--2022-09-28.csv,1665
https://lat.rtrs.tv/vijesti/vijest.php?id=488003,csv/Historical-Report-NewsGradient-2022-09-27--2022-09-28.csv,1758
https://lat.rtrs.tv/vijesti/vijest.php?id=487988,csv/Historical-Report-NewsGradient-2022-09-27--2022-09-28.csv,1953
https://lat.rtrs.tv/vijesti/vijest.php?id=487982,csv/Historical-Report-NewsGradient-2022-09-27--2022-09-28.csv,2076
https://lat.rtrs.tv/vijesti/vijest.php?id=487987,csv/Historical-Report-NewsGradient-2022-09-27--2022-09-28.csv,2078
https://lat.rtrs.tv/vijesti/vijest.php?id=488227,csv/Historical-Report-NewsGradient-2022-09-28--2022-09-29.csv,96
https://lat.rtrs.tv/vijesti/vijest.php?id=488225,csv/Historical-Report-NewsGradient-2022-09-28--2022-09-29.csv,142
https://lat.rtrs.tv/vijesti/vijest.php?id=488220,csv/Historical-Report-NewsGradient-2022-09-28--2022-09-29.csv,258
https://lat.rtrs.tv/vijesti/vijest.php?id=488217,csv/Historical-Report-NewsGradient-2022-09-28--2022-09-29.csv,288
https://lat.rtrs.tv/vijesti/vijest.php?id=488214,csv/Historical-Report-NewsGradient-2022-09-28--2022-09-29.csv,429
https://lat.rtrs.tv/vijesti/vijest.php?id=488198,csv/Historical-Report-NewsGradient-2022-09-28--2022-09-29.csv,447
https://lat.rtrs.tv/vijesti/vijest.php?id=488208,csv/Historical-Report-NewsGradient-2022-09-28--2022-09-29.csv,523
https://lat.rtrs.tv/vijesti/vijest.php?id=488188,csv/Historical-Report-NewsGradient-2022-09-28--2022-09-29.csv,608
https://lat.rtrs.tv/vijesti/vijest.php?id=488206,csv/Historical-Report-NewsGradient-2022-09-28--2022-09-29.csv,616
https://lat.rtrs.tv/vijesti/vijest.php?id=488191,csv/Historical-Report-NewsGradient-2022-09-28--2022-09-29.csv,669
https://lat.rtrs.tv/vijesti/vijest.php?id=488196,csv/Historical-Report-NewsGradient-2022-09-28--2022-09-29.csv,689
https://lat.rtrs.tv/vijesti/vijest.php?id=488200,csv/Historical-Report-NewsGradient-2022-09-28--2022-09-29.csv,696
https://lat.rtrs.tv/vijesti/vijest.php?id=488186,csv/Historical-Report-NewsGradient-2022-09-28--2022-09-29.csv,940
https://lat.rtrs.tv/vijesti/vijest.php?id=488183,csv/Historical-Report-NewsGradient-2022-09-28--2022-09-29.csv,992
https://lat.rtrs.tv/vijesti/vijest.php?id=488179,csv/Historical-Report-NewsGradient-2022-09-28--2022-09-29.csv,1066
https://lat.rtrs.tv/vijesti/vijest.php?id=488174,csv/Historical-Report-NewsGradient-2022-09-28--2022-09-29.csv,1137
https://lat.rtrs.tv/vijesti/vijest.php?id=488173,csv/Historical-Report-NewsGradient-2022-09-28--2022-09-29.csv,1178
https://lat.rtrs.tv/vijesti/vijest.php?id=488168,csv/Historical-Report-NewsGradient-2022-09-28--2022-09-29.csv,1316
https://lat.rtrs.tv/vijesti/vijest.php?id=488166,csv/Historical-Report-NewsGradient-2022-09-28--2022-09-29.csv,1325
https://lat.rtrs.tv/vijesti/vijest.php?id=488162,csv/Historical-Report-NewsGradient-2022-09-28--2022-09-29.csv,1334
https://lat.rtrs.tv/vijesti/vijest.php?id=488160,csv/Historical-Report-NewsGradient-2022-09-28--2022-09-29.csv,1397
https://lat.rtrs.tv/vijesti/vijest.php?id=488159,csv/Historical-Report-NewsGradient-2022-09-28--2022-09-29.csv,1415
https://lat.rtrs.tv/vijesti/vijest.php?id=488155,csv/Historical-Report-NewsGradient-2022-09-28--2022-09-29.csv,1500
https://lat.rtrs.tv/vijesti/vijest.php?id=488151,csv/Historical-Report-NewsGradient-2022-09-28--2022-09-29.csv,1533
https://lat.rtrs.tv/vijesti/vijest.php?id=488137,csv/Historical-Report-NewsGradient-2022-09-28--2022-09-29.csv,1645
https://lat.rtrs.tv/vijesti/vijest.php?id=488130,csv/Historical-Report-NewsGradient-2022-09-28--2022-09-29.csv,1826
https://lat.rtrs.tv/vijesti/vijest.php?id=488117,csv/Historical-Report-NewsGradient-2022-09-28--2022-09-29.csv,2017
https://lat.rtrs.tv/vijesti/vijest.php?id=488103,csv/Historical-Report-NewsGradient-2022-09-28--2022-09-29.csv,2109
https://lat.rtrs.tv/vijesti/vijest.php?id=488345,csv/Historical-Report-NewsGradient-2022-09-29--2022-09-30.csv,191
https://lat.rtrs.tv/vijesti/vijest.php?id=488342,csv/Historical-Report-NewsGradient-2022-09-29--2022-09-30.csv,386
https://lat.rtrs.tv/vijesti/vijest.php?id=488334,csv/Historical-Report-NewsGradient-2022-09-29--2022-09-30.csv,532
https://lat.rtrs.tv/vijesti/vijest.php?id=488332,csv/Historical-Report-NewsGradient-2022-09-29--2022-09-30.csv,588
https://lat.rtrs.tv/vijesti/vijest.php?id=488331,csv/Historical-Report-NewsGradient-2022-09-29--2022-09-30.csv,692
https://lat.rtrs.tv/vijesti/vijest.php?id=488329,csv/Historical-Report-NewsGradient-2022-09-29--2022-09-30.csv,718
https://lat.rtrs.tv/vijesti/vijest.php?id=488325,csv/Historical-Report-NewsGradient-2022-09-29--2022-09-30.csv,751
https://lat.rtrs.tv/vijesti/vijest.php?id=488322,csv/Historical-Report-NewsGradient-2022-09-29--2022-09-30.csv,929
https://lat.rtrs.tv/vijesti/vijest.php?id=488320,csv/Historical-Report-NewsGradient-2022-09-29--2022-09-30.csv,959
https://lat.rtrs.tv/vijesti/vijest.php?id=488312,csv/Historical-Report-NewsGradient-2022-09-29--2022-09-30.csv,995
https://lat.rtrs.tv/vijesti/vijest.php?id=488311,csv/Historical-Report-NewsGradient-2022-09-29--2022-09-30.csv,1140
https://lat.rtrs.tv/vijesti/vijest.php?id=488275,csv/Historical-Report-NewsGradient-2022-09-29--2022-09-30.csv,1482
https://lat.rtrs.tv/vijesti/vijest.php?id=488286,csv/Historical-Report-NewsGradient-2022-09-29--2022-09-30.csv,1492
https://lat.rtrs.tv/vijesti/vijest.php?id=488280,csv/Historical-Report-NewsGradient-2022-09-29--2022-09-30.csv,1540
https://lat.rtrs.tv/vijesti/vijest.php?id=488273,csv/Historical-Report-NewsGradient-2022-09-29--2022-09-30.csv,1632
https://lat.rtrs.tv/vijesti/vijest.php?id=488271,csv/Historical-Report-NewsGradient-2022-09-29--2022-09-30.csv,1656
https://lat.rtrs.tv/vijesti/vijest.php?id=488267,csv/Historical-Report-NewsGradient-2022-09-29--2022-09-30.csv,1694
https://lat.rtrs.tv/vijesti/vijest.php?id=488261,csv/Historical-Report-NewsGradient-2022-09-29--2022-09-30.csv,1789
https://lat.rtrs.tv/vijesti/vijest.php?id=488245,csv/Historical-Report-NewsGradient-2022-09-29--2022-09-30.csv,1994
https://lat.rtrs.tv/vijesti/vijest.php?id=488246,csv/Historical-Report-NewsGradient-2022-09-29--2022-09-30.csv,2025
https://lat.rtrs.tv/vijesti/vijest.php?id=488242,csv/Historical-Report-NewsGradient-2022-09-29--2022-09-30.csv,2097
https://lat.rtrs.tv/vijesti/vijest.php?id=488239,csv/Historical-Report-NewsGradient-2022-09-29--2022-09-30.csv,2147
https://lat.rtrs.tv/vijesti/vijest.php?id=488233,csv/Historical-Report-NewsGradient-2022-09-29--2022-09-30.csv,2200
https://lat.rtrs.tv/vijesti/vijest.php?id=488230,csv/Historical-Report-NewsGradient-2022-09-29--2022-09-30.csv,2223
https://lat.rtrs.tv/vijesti/vijest.php?id=488231,csv/Historical-Report-NewsGradient-2022-09-29--2022-09-30.csv,2228
https://lat.rtrs.tv/vijesti/vijest.php?id=488229,csv/Historical-Report-NewsGradient-2022-09-29--2022-09-30.csv,2242
https://lat.rtrs.tv/vijesti/vijest.php?id=488228,csv/Historical-Report-NewsGradient-2022-09-29--2022-09-30.csv,2257
https://lat.rtrs.tv/vijesti/vijest.php?id=488481,csv/Historical-Report-NewsGradient-2022-09-30--2022-10-01.csv,154
https://lat.rtrs.tv/vijesti/vijest.php?id=488467,csv/Historical-Report-NewsGradient-2022-09-30--2022-10-01.csv,510
https://lat.rtrs.tv/vijesti/vijest.php?id=488457,csv/Historical-Report-NewsGradient-2022-09-30--2022-10-01.csv,595
https://lat.rtrs.tv/vijesti/vijest.php?id=488452,csv/Historical-Report-NewsGradient-2022-09-30--2022-10-01.csv,735
https://lat.rtrs.tv/vijesti/vijest.php?id=488427,csv/Historical-Report-NewsGradient-2022-09-30--2022-10-01.csv,961
https://lat.rtrs.tv/vijesti/vijest.php?id=488429,csv/Historical-Report-NewsGradient-2022-09-30--2022-10-01.csv,1115
https://lat.rtrs.tv/vijesti/vijest.php?id=488426,csv/Historical-Report-NewsGradient-2022-09-30--2022-10-01.csv,1142
https://lat.rtrs.tv/vijesti/vijest.php?id=488417,csv/Historical-Report-NewsGradient-2022-09-30--2022-10-01.csv,1224
https://lat.rtrs.tv/vijesti/vijest.php?id=488393,csv/Historical-Report-NewsGradient-2022-09-30--2022-10-01.csv,1668
https://lat.rtrs.tv/vijesti/vijest.php?id=488384,csv/Historical-Report-NewsGradient-2022-09-30--2022-10-01.csv,1793
https://lat.rtrs.tv/vijesti/vijest.php?id=488377,csv/Historical-Report-NewsGradient-2022-09-30--2022-10-01.csv,1843
https://lat.rtrs.tv/vijesti/vijest.php?id=488371,csv/Historical-Report-NewsGradient-2022-09-30--2022-10-01.csv,1950
https://lat.rtrs.tv/vijesti/vijest.php?id=488359,csv/Historical-Report-NewsGradient-2022-09-30--2022-10-01.csv,2028
https://lat.rtrs.tv/vijesti/vijest.php?id=488356,csv/Historical-Report-NewsGradient-2022-09-30--2022-10-01.csv,2082
https://lat.rtrs.tv/vijesti/vijest.php?id=488355,csv/Historical-Report-NewsGradient-2022-09-30--2022-10-01.csv,2178
https://lat.rtrs.tv/vijesti/vijest.php?id=488569,csv/Historical-Report-NewsGradient-2022-10-01--2022-10-02.csv,313
https://lat.rtrs.tv/vijesti/vijest.php?id=488568,csv/Historical-Report-NewsGradient-2022-10-01--2022-10-02.csv,362
https://lat.rtrs.tv/vijesti/vijest.php?id=488566,csv/Historical-Report-NewsGradient-2022-10-01--2022-10-02.csv,442
https://lat.rtrs.tv/vijesti/vijest.php?id=488560,csv/Historical-Report-NewsGradient-2022-10-01--2022-10-02.csv,477
https://lat.rtrs.tv/vijesti/vijest.php?id=488557,csv/Historical-Report-NewsGradient-2022-10-01--2022-10-02.csv,580
https://lat.rtrs.tv/vijesti/vijest.php?id=488556,csv/Historical-Report-NewsGradient-2022-10-01--2022-10-02.csv,646
https://lat.rtrs.tv/vijesti/vijest.php?id=488551,csv/Historical-Report-NewsGradient-2022-10-01--2022-10-02.csv,675
https://lat.rtrs.tv/vijesti/vijest.php?id=488541,csv/Historical-Report-NewsGradient-2022-10-01--2022-10-02.csv,796
https://lat.rtrs.tv/vijesti/vijest.php?id=488538,csv/Historical-Report-NewsGradient-2022-10-01--2022-10-02.csv,855
https://lat.rtrs.tv/vijesti/vijest.php?id=488537,csv/Historical-Report-NewsGradient-2022-10-01--2022-10-02.csv,915
https://lat.rtrs.tv/vijesti/vijest.php?id=488532,csv/Historical-Report-NewsGradient-2022-10-01--2022-10-02.csv,1024
https://lat.rtrs.tv/vijesti/vijest.php?id=488527,csv/Historical-Report-NewsGradient-2022-10-01--2022-10-02.csv,1107
https://lat.rtrs.tv/vijesti/vijest.php?id=488520,csv/Historical-Report-NewsGradient-2022-10-01--2022-10-02.csv,1285
https://lat.rtrs.tv/vijesti/vijest.php?id=488499,csv/Historical-Report-NewsGradient-2022-10-01--2022-10-02.csv,1387
https://lat.rtrs.tv/vijesti/vijest.php?id=488500,csv/Historical-Report-NewsGradient-2022-10-01--2022-10-02.csv,1639
https://lat.rtrs.tv/vijesti/vijest.php?id=488496,csv/Historical-Report-NewsGradient-2022-10-01--2022-10-02.csv,1701
https://lat.rtrs.tv/vijesti/vijest.php?id=488490,csv/Historical-Report-NewsGradient-2022-10-01--2022-10-02.csv,1755
https://lat.rtrs.tv/vijesti/vijest.php?id=488484,csv/Historical-Report-NewsGradient-2022-10-01--2022-10-02.csv,1913
https://lat.rtrs.tv/vijesti/vijest.php?id=488736,csv/Historical-Report-NewsGradient-2022-10-02--2022-10-03.csv,28
https://lat.rtrs.tv/vijesti/vijest.php?id=488734,csv/Historical-Report-NewsGradient-2022-10-02--2022-10-03.csv,34
https://lat.rtrs.tv/vijesti/vijest.php?id=488730,csv/Historical-Report-NewsGradient-2022-10-02--2022-10-03.csv,44
https://lat.rtrs.tv/vijesti/vijest.php?id=488724,csv/Historical-Report-NewsGradient-2022-10-02--2022-10-03.csv,76
https://lat.rtrs.tv/vijesti/vijest.php?id=488715,csv/Historical-Report-NewsGradient-2022-10-02--2022-10-03.csv,78
https://lat.rtrs.tv/vijesti/vijest.php?id=488726,csv/Historical-Report-NewsGradient-2022-10-02--2022-10-03.csv,79
https://lat.rtrs.tv/vijesti/vijest.php?id=488717,csv/Historical-Report-NewsGradient-2022-10-02--2022-10-03.csv,189
https://lat.rtrs.tv/vijesti/vijest.php?id=488718,csv/Historical-Report-NewsGradient-2022-10-02--2022-10-03.csv,194
https://lat.rtrs.tv/vijesti/vijest.php?id=488709,csv/Historical-Report-NewsGradient-2022-10-02--2022-10-03.csv,259
https://lat.rtrs.tv/vijesti/vijest.php?id=488701,csv/Historical-Report-NewsGradient-2022-10-02--2022-10-03.csv,556
https://lat.rtrs.tv/vijesti/vijest.php?id=488685,csv/Historical-Report-NewsGradient-2022-10-02--2022-10-03.csv,705
https://lat.rtrs.tv/vijesti/vijest.php?id=488653,csv/Historical-Report-NewsGradient-2022-10-02--2022-10-03.csv,715
https://lat.rtrs.tv/vijesti/vijest.php?id=488697,csv/Historical-Report-NewsGradient-2022-10-02--2022-10-03.csv,721
https://lat.rtrs.tv/vijesti/vijest.php?id=488698,csv/Historical-Report-NewsGradient-2022-10-02--2022-10-03.csv,729
https://lat.rtrs.tv/vijesti/vijest.php?id=488693,csv/Historical-Report-NewsGradient-2022-10-02--2022-10-03.csv,801
https://lat.rtrs.tv/vijesti/vijest.php?id=488680,csv/Historical-Report-NewsGradient-2022-10-02--2022-10-03.csv,935
https://lat.rtrs.tv/vijesti/vijest.php?id=488674,csv/Historical-Report-NewsGradient-2022-10-02--2022-10-03.csv,1116
https://lat.rtrs.tv/vijesti/vijest.php?id=488654,csv/Historical-Report-NewsGradient-2022-10-02--2022-10-03.csv,1385
https://lat.rtrs.tv/vijesti/vijest.php?id=488653,csv/Historical-Report-NewsGradient-2022-10-02--2022-10-03.csv,1388
https://lat.rtrs.tv/vijesti/vijest.php?id=488657,csv/Historical-Report-NewsGradient-2022-10-02--2022-10-03.csv,1430
https://lat.rtrs.tv/vijesti/vijest.php?id=488655,csv/Historical-Report-NewsGradient-2022-10-02--2022-10-03.csv,1442
https://lat.rtrs.tv/vijesti/vijest.php?id=488647,csv/Historical-Report-NewsGradient-2022-10-02--2022-10-03.csv,1471
https://lat.rtrs.tv/vijesti/vijest.php?id=488650,csv/Historical-Report-NewsGradient-2022-10-02--2022-10-03.csv,1580
https://lat.rtrs.tv/vijesti/vijest.php?id=488646,csv/Historical-Report-NewsGradient-2022-10-02--2022-10-03.csv,1598
https://lat.rtrs.tv/vijesti/vijest.php?id=488649,csv/Historical-Report-NewsGradient-2022-10-02--2022-10-03.csv,1605
https://lat.rtrs.tv/vijesti/vijest.php?id=488648,csv/Historical-Report-NewsGradient-2022-10-02--2022-10-03.csv,1606
https://lat.rtrs.tv/vijesti/vijest.php?id=488646,csv/Historical-Report-NewsGradient-2022-10-02--2022-10-03.csv,1649
https://lat.rtrs.tv/vijesti/vijest.php?id=488644,csv/Historical-Report-NewsGradient-2022-10-02--2022-10-03.csv,1692
https://lat.rtrs.tv/vijesti/vijest.php?id=488643,csv/Historical-Report-NewsGradient-2022-10-02--2022-10-03.csv,1696
https://lat.rtrs.tv/vijesti/vijest.php?id=488634,csv/Historical-Report-NewsGradient-2022-10-02--2022-10-03.csv,1902
https://lat.rtrs.tv/vijesti/vijest.php?id=488619,csv/Historical-Report-NewsGradient-2022-10-02--2022-10-03.csv,2252
https://lat.rtrs.tv/vijesti/vijest.php?id=488618,csv/Historical-Report-NewsGradient-2022-10-02--2022-10-03.csv,2312
https://lat.rtrs.tv/vijesti/vijest.php?id=488616,csv/Historical-Report-NewsGradient-2022-10-02--2022-10-03.csv,2408
https://lat.rtrs.tv/vijesti/vijest.php?id=488615,csv/Historical-Report-NewsGradient-2022-10-02--2022-10-03.csv,2445
https://lat.rtrs.tv/vijesti/vijest.php?id=488614,csv/Historical-Report-NewsGradient-2022-10-02--2022-10-03.csv,2507
https://lat.rtrs.tv/vijesti/vijest.php?id=488606,csv/Historical-Report-NewsGradient-2022-10-02--2022-10-03.csv,2694
https://lat.rtrs.tv/vijesti/vijest.php?id=488603,csv/Historical-Report-NewsGradient-2022-10-02--2022-10-03.csv,2813
https://lat.rtrs.tv/vijesti/vijest.php?id=488601,csv/Historical-Report-NewsGradient-2022-10-02--2022-10-03.csv,2887
https://lat.rtrs.tv/vijesti/vijest.php?id=488596,csv/Historical-Report-NewsGradient-2022-10-02--2022-10-03.csv,2959
https://lat.rtrs.tv/vijesti/vijest.php?id=488585,csv/Historical-Report-NewsGradient-2022-10-02--2022-10-03.csv,3098
https://lat.rtrs.tv/vijesti/vijest.php?id=488588,csv/Historical-Report-NewsGradient-2022-10-02--2022-10-03.csv,3103
https://lat.rtrs.tv/vijesti/vijest.php?id=488584,csv/Historical-Report-NewsGradient-2022-10-02--2022-10-03.csv,3121
https://lat.rtrs.tv/vijesti/vijest.php?id=488583,csv/Historical-Report-NewsGradient-2022-10-02--2022-10-03.csv,3124
