https://twitter.com/bogdantanjevic/status/1567946120541634561?s=21&t=Ish_zsaUa9eSp2Vmo6UDRw,csv/Historical-Report-NewsGradient-2022-09-02--2022-09-09.csv,413
,csv/Historical-Report-NewsGradient-2022-09-02--2022-09-09.csv,669
https://www.24h.ba/ovi-ljudi-imali-su-grozan-dan-koji-sigurno-nvavda-nxzvvcece-zaboraviti15/,csv/Historical-Report-NewsGradient-2022-09-02--2022-09-09.csv,1302
https://youtu.be/BinwuzZVjnE,csv/Historical-Report-NewsGradient-2022-09-02--2022-09-09.csv,2118
https://www.youtube.com/watch?v=bHJzbiVB3E4,csv/Historical-Report-NewsGradient-2022-09-02--2022-09-09.csv,2502
https://youtu.be/yYCxlW5dPMA,csv/Historical-Report-NewsGradient-2022-09-02--2022-09-09.csv,3267
,csv/Historical-Report-NewsGradient-2022-09-02--2022-09-09.csv,3376
,csv/Historical-Report-NewsGradient-2022-09-02--2022-09-09.csv,3415
https://lovcirs.com/vijestri/odrzana-sjednica-upravnog-odbora-lovackog-saveza/11039/,csv/Historical-Report-NewsGradient-2022-09-02--2022-09-09.csv,4143
https://youtu.be/J1Su6FQHAYg,csv/Historical-Report-NewsGradient-2022-09-02--2022-09-09.csv,4476
,csv/Historical-Report-NewsGradient-2022-09-02--2022-09-09.csv,6283
https://youtu.be/4CI3lhyNKfo,csv/Historical-Report-NewsGradient-2022-09-02--2022-09-09.csv,6779
https://www.24h.ba/20-ljudi-koji-su-zaposlili-katastrofalne-radnikesd-sdfpa-kasnijedf-pdslakali-od-muke16/,csv/Historical-Report-NewsGradient-2022-09-02--2022-09-09.csv,7014
https://www.24h.ba/12-ljudi-slikalo-je-neshvatljive-situacije-na-kojsdfe-su-nedaddsfsdvno-naisli16/,csv/Historical-Report-NewsGradient-2022-09-02--2022-09-09.csv,7015
https://www.24h.ba/videdosdsta-se-sdfdogodi-kada-ljudi-slucajno-snime-vrlo-neobicne-situacije16/,csv/Historical-Report-NewsGradient-2022-09-02--2022-09-09.csv,7021
https://www.24h.ba/moj-otac-je-platio-moju-svadbu-ali-odbila-sam-ga-pustiti-da-prisustvsduje-momsdeg-veliddgkom-danu13/,csv/Historical-Report-NewsGradient-2022-09-02--2022-09-09.csv,7030
https://www.24h.ba/dilema-koja-muci-vecinu-kako-se-prdsavilno-dddsrzi-toalet-papird13/,csv/Historical-Report-NewsGradient-2022-09-02--2022-09-09.csv,7062
https://www.24h.ba/10-ljudi-koji-su-tezili-savrsenstvu-i-odusedvildd-odale-sdvojim-djelima15/,csv/Historical-Report-NewsGradient-2022-09-02--2022-09-09.csv,7156
https://www.24h.ba/15-zanimljivih-prizora-za-ljude-koji-misle-da-ih-nista-vise-ne-moze-iznenaditi17/,csv/Historical-Report-NewsGradient-2022-09-02--2022-09-09.csv,7267
https://www.24h.ba/video-psi-su-mu-usli-u-kavez-s-lavom-a-onda-se-dogodilo-nestdsfdso-neocekivano14/,csv/Historical-Report-NewsGradient-2022-09-02--2022-09-09.csv,7387
,csv/Historical-Report-NewsGradient-2022-09-02--2022-09-09.csv,8163
https://youtu.be/Ex4TMR2ipIU,csv/Historical-Report-NewsGradient-2022-09-02--2022-09-09.csv,8527
https://lovcirs.com/aktivnosti/nekoliko-hiljada-ucesnika-na-saboru-lovaca-republike-srpske-u-donjem-crnjelovu/11014/,csv/Historical-Report-NewsGradient-2022-09-02--2022-09-09.csv,8855
https://youtu.be/gNL7mgL7VF0,csv/Historical-Report-NewsGradient-2022-09-02--2022-09-09.csv,9007
https://gradjanskabih.ba/,csv/Historical-Report-NewsGradient-2022-09-02--2022-09-09.csv,9019
,csv/Historical-Report-NewsGradient-2022-09-02--2022-09-09.csv,10073
,csv/Historical-Report-NewsGradient-2022-09-02--2022-09-09.csv,10906
https://youtu.be/CICIOJqEb5c,csv/Historical-Report-NewsGradient-2022-09-02--2022-09-09.csv,11056
https://youtu.be/Zi_XLOBDo_Y,csv/Historical-Report-NewsGradient-2022-09-02--2022-09-09.csv,12941
https://lovcirs.com/aktivnosti/prvi-dan-sabora-lovaca-lovackog-saveza-republike-srpske-u-crnjelovu/11003/,csv/Historical-Report-NewsGradient-2022-09-02--2022-09-09.csv,13796
https://youtu.be/055hupVq4G8,csv/Historical-Report-NewsGradient-2022-09-02--2022-09-09.csv,14998
https://www.24h.ba/13-ljudi-slikalo-je-totalne-promasaje-koji-izazivaju-i-cudjeasdasdnje-i-smijeh14/,csv/Historical-Report-NewsGradient-2022-09-09--2022-09-12.csv,14
https://www.24h.ba/20-slika-koje-ce-bez-problema-nazivcirati-lakdo-zdapdaljiasdaddve-osobe15/,csv/Historical-Report-NewsGradient-2022-09-09--2022-09-12.csv,466
https://www.24h.ba/nakon-bih-i-hrvatske-i-srbija-ide-kuci-srbija-senzacionalno-izgubila-od-italije-i-ispala-s-eurobasketa/,csv/Historical-Report-NewsGradient-2022-09-09--2022-09-12.csv,471
https://www.24h.ba/20-fotografija-koje-bi-vas-mogcle-czbuniti-na-prvi-pcogledcc15/,csv/Historical-Report-NewsGradient-2022-09-09--2022-09-12.csv,588
https://www.youtube.com/watch?v=NAEppFUWLfc,csv/Historical-Report-NewsGradient-2022-09-09--2022-09-12.csv,1722
https://www.youtube.com/watch?v=NGorjBVag0I,csv/Historical-Report-NewsGradient-2022-09-09--2022-09-12.csv,3612
https://www.24h.ba/rekla-sam-buducem-muzu-da-smjesti-svoju-majku-u-staracki-dom-kad-mi-je-ovo-napisao-doslo-mi-da-ga-rdazdijdem-zdar-sam-ovo-zasluzila14/,csv/Historical-Report-NewsGradient-2022-09-09--2022-09-12.csv,3835
https://www.24h.ba/15-smijesnih-slucajeva-kad-su-ljudi-tijekom-renovacije-napdsdddrdavild-veliku-pogresdku14/,csv/Historical-Report-NewsGradient-2022-09-09--2022-09-12.csv,3842
https://www.24h.ba/cijedli-videdo-kcer-5-spasila-zivot-majci-koja-je-potodduld-na-ddno-bazena14/,csv/Historical-Report-NewsGradient-2022-09-09--2022-09-12.csv,3865
https://www.24h.ba/mudzd-nije-htio-kupovati-skupe-plocice-pa-je-iskoristio-ostatak-staridh-i-iznfenadio-obditelj14/,csv/Historical-Report-NewsGradient-2022-09-09--2022-09-12.csv,3944
https://www.24h.ba/top-10-ovo-su-najludje-stvari-koje-su-ikada-bile-zaglavdljedne-ud-ljudssddadaskom-tijelu14/,csv/Historical-Report-NewsGradient-2022-09-09--2022-09-12.csv,4051
https://www.24h.ba/male-carolije-velikih-majstora-izolacije14/,csv/Historical-Report-NewsGradient-2022-09-09--2022-09-12.csv,4175
https://www.24h.ba/video-10-strasnih-prizora-snimljenih-nadzornim-sdskamerama16/,csv/Historical-Report-NewsGradient-2022-09-09--2022-09-12.csv,4316
https://www.24h.ba/ovi-ljudi-imali-su-grozan-dan-koji-sigurno-nvavda-nxzvvcece-zaboraviti16/,csv/Historical-Report-NewsGradient-2022-09-09--2022-09-12.csv,4403
https://youtu.be/4BZ2q-4BKlE,csv/Historical-Report-NewsGradient-2022-09-09--2022-09-12.csv,5558
https://youtu.be/BwHenRthXT8,csv/Historical-Report-NewsGradient-2022-09-09--2022-09-12.csv,5787
,csv/Historical-Report-NewsGradient-2022-09-09--2022-09-12.csv,5849
https://www.24h.ba/akco-ste-mislili-da-ste-na-putuc-vidjeli-svce-pogcledajte-ovo14/,csv/Historical-Report-NewsGradient-2022-09-12--2022-09-13.csv,68
https://bljesak.tv/post/back-to-the-basics-aske-kinez,csv/Historical-Report-NewsGradient-2022-09-12--2022-09-13.csv,245
https://www.24h.ba/video-zacudjujuce-snimke-radnika-koji-su-sdvodj-dpdosao-dobavljali-prebrzos14/,csv/Historical-Report-NewsGradient-2022-09-12--2022-09-13.csv,564
https://www.24h.ba/predstavnik-stanara-je-zbog-cestih-kvarova-napisao-obavijest-koja-je-razljutila-susjede14/,csv/Historical-Report-NewsGradient-2022-09-12--2022-09-13.csv,638
https://www.24h.ba/prisla-beskucniku-i-ukrala-mu-novac-niko-nije-ocekivao-donod-std-je-uslijeddilo-video14/,csv/Historical-Report-NewsGradient-2022-09-12--2022-09-13.csv,766
https://api.whatsapp.com/send?phone=38761945776&text=Link%3A%0Ahttps%3A%2F%2Ffb.me%2F23lon15EA%0A%0AI+saw+this+on+Facebook...&source_url=https%3A%2F%2Ffb.me%2F23lon15EA&icebreaker=I+saw+this+on+Facebook...&app=facebook&entry_point=post_cta&jid=38761945776%40s.whatsapp.net&show_keyboard=1&context=ARDu5K8IGPKRHYDV8FrJjrWvYIfrL05XJL3dJTQxI1FU9i4GEEBlH-pN5-9hiXvUFsn0_idBEOqmvQhF1cEh7AFvr1YZBV_Fc6EiwiBZKPt387y_YK4ta5WlQ9yXgYkZiJlOTM7bEGaeqPCU5yJhCRI34llGxnpOvRRw65ZQx2dzy6b9yUQk_E4C1yDtF-Wxbe6B6iErMKOVzpk0FQ7mYnal1WvMM41UMO__Mm3pZC4CPNQ,csv/Historical-Report-NewsGradient-2022-09-12--2022-09-13.csv,1683
https://youtu.be/O80VWFnu73A,csv/Historical-Report-NewsGradient-2022-09-12--2022-09-13.csv,2017
https://www.youtube.com/shorts/kh7QZS5arOQ,csv/Historical-Report-NewsGradient-2022-09-13--2022-09-14.csv,375
http://m.me/bukamagazin,csv/Historical-Report-NewsGradient-2022-09-13--2022-09-14.csv,882
https://www.youtube.com/watch?v=G7NoZQY3IeY&t=3s,csv/Historical-Report-NewsGradient-2022-09-13--2022-09-14.csv,954
https://www.24h.ba/incident-u-plitvicama-pucao-je-iz-zolje-i-umalo-pogodio-igrace-predsjednik-tvrdi-video-je-star/,csv/Historical-Report-NewsGradient-2022-09-13--2022-09-14.csv,1070
https://www.24h.ba/tek-sada-salju-u-zatvor-mladica-koji-je-usmrtio-curicu-pa-divljao-na-peljeskom-mostu-video/,csv/Historical-Report-NewsGradient-2022-09-13--2022-09-14.csv,1129
https://www.24h.ba/navijac-na-utakmici-u-hrvatskoj-pucao-iz-zolje-raketa-eksplodirala-na-terenu/,csv/Historical-Report-NewsGradient-2022-09-13--2022-09-14.csv,1196
,csv/Historical-Report-NewsGradient-2022-09-13--2022-09-14.csv,1337
https://lovcirs.com/aktivnosti/zborovanje-lovaca-na-vardi/11053/,csv/Historical-Report-NewsGradient-2022-09-13--2022-09-14.csv,1739
https://youtu.be/cxdUTm6nKbI,csv/Historical-Report-NewsGradient-2022-09-13--2022-09-14.csv,2015
https://www.24h.ba/covjek-je-odlucio-provjeriti-rupu-u-svome-dvoristu-ono-sto-je-pronasdso-jesd-bilo-vdfneprocjenivo15/,csv/Historical-Report-NewsGradient-2022-09-14--2022-09-15.csv,18
https://www.24h.ba/zena-je-muzu-rekla-da-je-imala-sasvim-normalan-dan-a-onda-je-klinkca-fsf45octkrila-pravcu-istinuc15/,csv/Historical-Report-NewsGradient-2022-09-14--2022-09-15.csv,25
https://www.24h.ba/25-cudesnih-fotografija-koje-govore-visde-odsdf-dadsadhiljadu-rijeci15/,csv/Historical-Report-NewsGradient-2022-09-14--2022-09-15.csv,40
https://www.24h.ba/8-stvari-koje-ce-vas-itekako-zacuditi-ako-ikad-odlucite-posjetiti-sjeddasdsdddsavcdincjecnve-drzvave15/,csv/Historical-Report-NewsGradient-2022-09-14--2022-09-15.csv,99
https://www.24h.ba/tetka-iz-amerike-mi-je-poslala-pare-da-odem-kod-plasticara-nakon-operacije-sam-joj-poslala-sliku-zranijemdvrila-je-od-s0ka13/,csv/Historical-Report-NewsGradient-2022-09-14--2022-09-15.csv,217
https://www.24h.ba/kad-si-sam-svoj-majstor-morate-vidjeti-kako-su-napdravili-odvdod-ddu-ovoj-ddkupaonici15/,csv/Historical-Report-NewsGradient-2022-09-14--2022-09-15.csv,346
,csv/Historical-Report-NewsGradient-2022-09-14--2022-09-15.csv,438
https://www.youtube.com/shorts/jvF0jN7fnv0,csv/Historical-Report-NewsGradient-2022-09-14--2022-09-15.csv,765
,csv/Historical-Report-NewsGradient-2022-09-14--2022-09-15.csv,1077
,csv/Historical-Report-NewsGradient-2022-09-14--2022-09-15.csv,1527
https://www.youtube.com/watch?v=gsQGG0O8NNk,csv/Historical-Report-NewsGradient-2022-09-14--2022-09-15.csv,1635
https://www.youtube.com/watch?v=MideZyjrzYs,csv/Historical-Report-NewsGradient-2022-09-14--2022-09-15.csv,1837
https://youtu.be/16y1AkoZkmQ,csv/Historical-Report-NewsGradient-2022-09-14--2022-09-15.csv,2116
https://www.24h.ba/susjedima-su-otkrili-zbog-cega-ce-biti-bucni-nakon-ovoga-se-nitko-nije-ljutio15/,csv/Historical-Report-NewsGradient-2022-09-15--2022-09-16.csv,9
https://www.24h.ba/video-prolaznici-su-culi-plac-koji-dolazi-iz-odvodne-cijevi-a-ono-sto-je-policija-pronasla-ce-vasdadas-ostaviti-u-nevjerici15/,csv/Historical-Report-NewsGradient-2022-09-15--2022-09-16.csv,12
https://www.24h.ba/1sdsd5-zanimljivasih-slucasdajeva-u-kojima-su-djeca-nasmijala-sve-oko-sebe15/,csv/Historical-Report-NewsGradient-2022-09-15--2022-09-16.csv,15
https://www.24h.ba/sjecate-li-se-jos-ove-zene-necete-vjerovati-kako-ona-danas-izgleda13/,csv/Historical-Report-NewsGradient-2022-09-15--2022-09-16.csv,19
https://www.24h.ba/devet-godina-nakon-vjencanja-otvorili-su-zabranjeni-poklon-i-sddaznali-dssto-sddde-ux-njesadmu-krilo15/,csv/Historical-Report-NewsGradient-2022-09-15--2022-09-16.csv,23
https://www.24h.ba/1f5-zanimljivih-primjera-koji-otkrivaju-pravu-istinu-o-fotografijasdama3-s-drustvxnih-mreza14/,csv/Historical-Report-NewsGradient-2022-09-15--2022-09-16.csv,29
https://www.24h.ba/15-stadsfrih-obiteljssdfkih-sdffotografija-koje-bi-u-danasnje-vrijeme-svi-smdfatrali-nexcsvprimjerenima15/,csv/Historical-Report-NewsGradient-2022-09-15--2022-09-16.csv,36
https://www.24h.ba/video-prolaznici-su-bili-zabrinuti-kad-je-skinuo-6-pasa-s-povodca-no-oncdacih-je-nescto-zacudiloc16/,csv/Historical-Report-NewsGradient-2022-09-15--2022-09-16.csv,64
https://www.24h.ba/15-fotografija-koje-cete-trebati-pogledati-dvaput-kaasdko-biste-sdfih-razumjeli15/,csv/Historical-Report-NewsGradient-2022-09-15--2022-09-16.csv,140
https://www.24h.ba/cijeli-video-evo-kako-se-strazar-srusio-pored-kovcega-kraljice-elizabete-ii-ostali-mirno-stajali-video/,csv/Historical-Report-NewsGradient-2022-09-15--2022-09-16.csv,295
https://www.24h.ba/nezapamcena-tragedija-svadba-prekinuta-grandova-pjevacica-od-soka-ne-moze-da-dodje-k-sebi/,csv/Historical-Report-NewsGradient-2022-09-15--2022-09-16.csv,373
https://www.24h.ba/vidjeli-smo-da-se-staklo-na-kovcegu-zamagljuje-i-da-joj-se-pomjeraju-oci-porodica-prekinula-sahranu-kcerkice-u-bolnici-ih-docekao-novi-udarac/,csv/Historical-Report-NewsGradient-2022-09-15--2022-09-16.csv,403
,csv/Historical-Report-NewsGradient-2022-09-15--2022-09-16.csv,942
,csv/Historical-Report-NewsGradient-2022-09-15--2022-09-16.csv,1704
,csv/Historical-Report-NewsGradient-2022-09-15--2022-09-16.csv,1908
https://youtu.be/sErHYu3Xt0s,csv/Historical-Report-NewsGradient-2022-09-15--2022-09-16.csv,2058
,csv/Historical-Report-NewsGradient-2022-09-15--2022-09-16.csv,2158
http://mensa.ba/2022/09/05/mensa-testiranja-u-sarajevu-i-banjoj-luci/,csv/Historical-Report-NewsGradient-2022-09-16--2022-09-17.csv,325
https://www.youtube.com/watch?v=nBGeE0yZ7sk,csv/Historical-Report-NewsGradient-2022-09-16--2022-09-17.csv,664
https://lovcirs.com/aktivnosti/lovocuvarima-isporucena-terenska-obuca/11110/,csv/Historical-Report-NewsGradient-2022-09-16--2022-09-17.csv,1869
https://youtu.be/KuRxXRuAz-I,csv/Historical-Report-NewsGradient-2022-09-16--2022-09-17.csv,2062
https://www.youtube.com/watch?v=_wLzvTbkQvk,csv/Historical-Report-NewsGradient-2022-09-17--2022-09-18.csv,382
https://www.youtube.com/watch?v=c45a8Htv3c0&list=RDc45a8Htv3c0&start_radio=1,csv/Historical-Report-NewsGradient-2022-09-17--2022-09-18.csv,1770
https://youtu.be/gYjeQU7A-58,csv/Historical-Report-NewsGradient-2022-09-18--2022-09-19.csv,229
https://www.24h.ba/15-ljudi-kojima-bi-trebalo-zabraasniasdti-koristdenje-kuhinje15/,csv/Historical-Report-NewsGradient-2022-09-18--2022-09-19.csv,430
https://www.24h.ba/smjestili-su-kcer-na-psihijatriju-jer-je-zatrudnjela-44-godine-kasnije-dogodilo-sas4e-neocekivano15/,csv/Historical-Report-NewsGradient-2022-09-18--2022-09-19.csv,556
https://www.24h.ba/video-izvana-izgleda-kao-obicna-kuca-ali-kad-vidite-unutrasnjost-ostat-cete-bez-rijeci14/,csv/Historical-Report-NewsGradient-2022-09-18--2022-09-19.csv,684
https://www.24h.ba/videsdfo-mama-je-kceri-obecala-da-ce-se-srediti-za-svoj-60-rodjendan-no-ovakvu-promdsfjenu-nisdfje-ocekivala14/,csv/Historical-Report-NewsGradient-2022-09-18--2022-09-19.csv,789
https://www.24h.ba/profesorica-je-ucenicima-dala-zadatak-da-opisu-svoju-mamu-ovaj-malidasanasfd-nasmijaasfo-ju-je-do-suza15/,csv/Historical-Report-NewsGradient-2022-09-18--2022-09-19.csv,898
https://www.24h.ba/20-zanimdsfljivih-fotki-koje-otkrivaju-sto-se-zapravo-dxogasxdjadxf-na-snimanjf15/,csv/Historical-Report-NewsGradient-2022-09-18--2022-09-19.csv,1016
https://www.24h.ba/15-zanimljivih-slika-koje-dokazuju-da-zivimo-u-svisdfjetu-punom-dfglazi-i-prije4revara15/,csv/Historical-Report-NewsGradient-2022-09-18--2022-09-19.csv,1126
https://www.24h.ba/neko-je-u-dalmaciji-napravio-vlastitu-turisticku-atrakciju-te-nasmijao-prolaznike14/,csv/Historical-Report-NewsGradient-2022-09-18--2022-09-19.csv,1557
https://www.youtube.com/watch?v=SECVGN4Bsgg,csv/Historical-Report-NewsGradient-2022-09-18--2022-09-19.csv,1721
https://lovcirs.com/aktivnosti/lovacki-savez-republike-srpske-na-sajmu-lova-ribolova-i-ekologije-interagro-2022-u-bijeljini/11127/,csv/Historical-Report-NewsGradient-2022-09-19--2022-09-20.csv,36
https://www.24h.ba/njegova-vlasnica-se-iznenada-srusila-na-pod-ono-sto-joj-je-u-nastavku-uradio-ovaj-pas-ostavilo-je-cijelu-dvoranu-bez-teksta14/,csv/Historical-Report-NewsGradient-2022-09-19--2022-09-20.csv,830
https://www.24h.ba/sisao-je-u-duboku-rupu-da-iz-nje-spasi-macku-koja-je-upala-unutra-njena-reakcijaasd-nasmijala-je-sadmilione-video14/,csv/Historical-Report-NewsGradient-2022-09-19--2022-09-20.csv,985
https://www.24h.ba/zena-je-u-restoranu-pronasla-dlaku-u-jelu-kasnije-su-na-kamerama-vidjelirr-ksddsako-ih-je-prevarila14/,csv/Historical-Report-NewsGradient-2022-09-19--2022-09-20.csv,1138
https://www.24h.ba/15-smijesnih-kucnih-ljubimaca-koji-se-znaju-odmarati-kao-najvece-lijecine14/,csv/Historical-Report-NewsGradient-2022-09-19--2022-09-20.csv,1300
https://youtu.be/orGaEqTh3yI,csv/Historical-Report-NewsGradient-2022-09-19--2022-09-20.csv,2104
https://www.24h.ba/ljudi-su-prozvali-ove-influencere-za-lazne-fotke-i-photoshop-smije-im-se-cijeli-svijet14/,csv/Historical-Report-NewsGradient-2022-09-20--2022-09-21.csv,20
https://www.24h.ba/video-dronom-je-snimao-iznad-okeana-onda-je-uslijedio-prizor-kojic-ncece-takco-brzo-zaboraviti14/,csv/Historical-Report-NewsGradient-2022-09-20--2022-09-21.csv,105
https://www.24h.ba/12-iskrenih-stripova-koji-pokazuju-sto-radimo-kada-znamo-da-nas-nisdw434tko-ne-gleda15/,csv/Historical-Report-NewsGradient-2022-09-20--2022-09-21.csv,158
https://www.24h.ba/suprug-je-primijetio-da-mu-zena-ne-izgleda-sredjeno-30-mcincutc-kascnije-sdcdscjce-dodf15/,csv/Historical-Report-NewsGradient-2022-09-20--2022-09-21.csv,211
https://www.24h.ba/nevjerojatne-fotke-ljudske-gluposti-ovi-ljudi-ocito-vimajuasd-9ascd-zivota15/,csv/Historical-Report-NewsGradient-2022-09-20--2022-09-21.csv,331
https://www.24h.ba/muskarac-je-naljepnicom-asdna-autu-predstavio-svoju-obitelj-te-jednim-detaljem-nasdfsmijao-asdarolaznike15/,csv/Historical-Report-NewsGradient-2022-09-20--2022-09-21.csv,398
https://lovcirs.com/aktivnosti/lovacki-savez-republike-srpske-na-20-medjunarodnom-sajmu-interagro-2022-bijeljina/11135/,csv/Historical-Report-NewsGradient-2022-09-20--2022-09-21.csv,488
,csv/Historical-Report-NewsGradient-2022-09-20--2022-09-21.csv,883
https://invite.viber.com/?g2=AQAuoqXKPyDOCE1iSCKEKpidXN0dWoTDKhq%2F%2FSJQB8dseZZ1rvqcRm6O8GVVIFGg,csv/Historical-Report-NewsGradient-2022-09-20--2022-09-21.csv,1700
https://youtu.be/l482T0yNkeo,csv/Historical-Report-NewsGradient-2022-09-20--2022-09-21.csv,2018
,csv/Historical-Report-NewsGradient-2022-09-20--2022-09-21.csv,2219
https://www.24h.ba/djecak-bez-nogu-je-napokon-potrcao-i-svima-postao-velika-inspiracija13/,csv/Historical-Report-NewsGradient-2022-09-21--2022-09-22.csv,32
https://www.24h.ba/video-dpogdledajtde-kako-su-dkinezi-izveli-nesto-za-sto-nikad-ne-biste-rekli-fewwefda-jed-moguce15/,csv/Historical-Report-NewsGradient-2022-09-21--2022-09-22.csv,35
https://www.24h.ba/13-slika-sa-skrivenim-detaljima-koji-ce-samo-pravi-detektivi-uspjesdti-prsodsafdnaci15/,csv/Historical-Report-NewsGradient-2022-09-21--2022-09-22.csv,38
https://www.24h.ba/pogledajte-sta-se-dogodi-kada-se-susretnu-divovskiasd3-piton-i-krokodil-foto15/,csv/Historical-Report-NewsGradient-2022-09-21--2022-09-22.csv,48
,csv/Historical-Report-NewsGradient-2022-09-21--2022-09-22.csv,755
https://youtu.be/qmlqk7m1LpI,csv/Historical-Report-NewsGradient-2022-09-21--2022-09-22.csv,2160
https://www.24h.ba/video-porodica-je-postaru-napisala-vazne-upute-otkrili-su-mu-sto-se-nalazi-u-njsadfdifhofom-sandufcicu15/,csv/Historical-Report-NewsGradient-2022-09-22--2022-09-23.csv,28
https://www.24h.ba/spasili-skotnu-kujicu-od-smrti-njena-reakcija-je-sve-rasplakala-video13/,csv/Historical-Report-NewsGradient-2022-09-22--2022-09-23.csv,44
https://www.24h.ba/17-cudaka-koji-su-pojmove-ljepote-i-mc44rode-shvfatiliffna-dvlastiti-nacin15/,csv/Historical-Report-NewsGradient-2022-09-22--2022-09-23.csv,108
https://www.24h.ba/izgleda-kao-da-gori-auto-iznenadit-cete-se-kada-shvatite-o-cemu-se-zapravo-radi15/,csv/Historical-Report-NewsGradient-2022-09-22--2022-09-23.csv,231
https://www.24h.ba/20-fotografija-koje-bi-vas-mogle-stvarno-nazivcirati15/,csv/Historical-Report-NewsGradient-2022-09-22--2022-09-23.csv,291
https://www.24h.ba/prevarant-se-namjerno-zabio-skuterom-u-auto-a-onda-je-shvatio-da-je-usccdcecinio-asdsccveliku-pogresku15/,csv/Historical-Report-NewsGradient-2022-09-22--2022-09-23.csv,349
,csv/Historical-Report-NewsGradient-2022-09-22--2022-09-23.csv,1475
https://youtu.be/J1FOcXDWgBA,csv/Historical-Report-NewsGradient-2022-09-22--2022-09-23.csv,2074
,csv/Historical-Report-NewsGradient-2022-09-23--2022-09-24.csv,180
https://lovcirs.com/aktivnosti/ris-lynx-lynx-evidentiran-u-lovistu-siprage-pomozimo-mu-da-prezivi/11166/,csv/Historical-Report-NewsGradient-2022-09-23--2022-09-24.csv,1105
,csv/Historical-Report-NewsGradient-2022-09-23--2022-09-24.csv,1404
,csv/Historical-Report-NewsGradient-2022-09-23--2022-09-24.csv,1545
https://youtu.be/fYhaNlG4Fg8,csv/Historical-Report-NewsGradient-2022-09-23--2022-09-24.csv,2152
https://www.youtube.com/watch?v=jRTDg5a9I64,csv/Historical-Report-NewsGradient-2022-09-24--2022-09-25.csv,1799
https://www.youtube.com/watch?v=UQjshetH6c8,csv/Historical-Report-NewsGradient-2022-09-24--2022-09-25.csv,1817
https://www.24h.ba/vic-prasina/,csv/Historical-Report-NewsGradient-2022-09-25--2022-09-26.csv,17
https://www.24h.ba/vic-potreba14/,csv/Historical-Report-NewsGradient-2022-09-25--2022-09-26.csv,41
https://www.24h.ba/vic-kamiondzija-sa-vizijom13/,csv/Historical-Report-NewsGradient-2022-09-25--2022-09-26.csv,197
,csv/Historical-Report-NewsGradient-2022-09-25--2022-09-26.csv,219
https://www.24h.ba/video-decku-je-pokazala-svoj-novi-kupaci-kostim-pogledajte-zasto-se-odmah-poceo-smijati12/,csv/Historical-Report-NewsGradient-2022-09-25--2022-09-26.csv,435
https://www.24h.ba/vic-dogovor14/,csv/Historical-Report-NewsGradient-2022-09-25--2022-09-26.csv,680
https://www.24h.ba/vic-fikus13/,csv/Historical-Report-NewsGradient-2022-09-25--2022-09-26.csv,1033
https://www.24h.ba/vic-vozac-kamiona12/,csv/Historical-Report-NewsGradient-2022-09-25--2022-09-26.csv,1147
https://www.24h.ba/vic-deda-i-baba-leze-u-krevetu12/,csv/Historical-Report-NewsGradient-2022-09-25--2022-09-26.csv,1261
https://www.24h.ba/vic-josip-broz-tito13/,csv/Historical-Report-NewsGradient-2022-09-25--2022-09-26.csv,1364
https://www.youtube.com/watch?v=X6XpZwB6qpU,csv/Historical-Report-NewsGradient-2022-09-25--2022-09-26.csv,1761
https://www.24h.ba/video-porodica-je-oslobodila-zarobljenog-kita-no-nisu-ocekivali-da-ce-im-zahvalitisadsad-na-ovakav-nacin13/,csv/Historical-Report-NewsGradient-2022-09-26--2022-09-27.csv,12
https://www.24h.ba/15-uzasnih-majstora-koji-bi-trebali-poasdadsceti-traziti-drugi-posao15/,csv/Historical-Report-NewsGradient-2022-09-26--2022-09-27.csv,14
https://www.24h.ba/curi-nije-bilo-jasno-zasto-svi-gledaju-u-nju-kada-vidite-fotografiju-sve-ce-vam-biti-jasno15/,csv/Historical-Report-NewsGradient-2022-09-26--2022-09-27.csv,19
https://www.24h.ba/kakva-je-ovo-klima-smijat-cete-se-kad-vidite-kako-jedan-hrvat-iz-dalmacije-stedi-na-strujiadads14/,csv/Historical-Report-NewsGradient-2022-09-26--2022-09-27.csv,39
https://www.24h.ba/vic-mujo-u-krevetu14/,csv/Historical-Report-NewsGradient-2022-09-26--2022-09-27.csv,62
https://www.24h.ba/vic-plavusi-crko-auto13/,csv/Historical-Report-NewsGradient-2022-09-26--2022-09-27.csv,127
https://www.24h.ba/vic-bazen13/,csv/Historical-Report-NewsGradient-2022-09-26--2022-09-27.csv,311
,csv/Historical-Report-NewsGradient-2022-09-26--2022-09-27.csv,961
,csv/Historical-Report-NewsGradient-2022-09-26--2022-09-27.csv,1260
,csv/Historical-Report-NewsGradient-2022-09-26--2022-09-27.csv,1635
https://youtu.be/Up6qKt5E5Mg,csv/Historical-Report-NewsGradient-2022-09-26--2022-09-27.csv,2185
https://www.24h.ba/lopov-je-upao-u-radnju-i-uperio-pistolj-u-djevojku-ono-sto-se-desilo-narednog-minuta-promijenilo-im-je-zivote-video12/,csv/Historical-Report-NewsGradient-2022-09-27--2022-09-28.csv,16
https://www.24h.ba/profesorica-je-ucenicima-dala-zadatak-da-opisu-svoju-mamu-ovaj-malidasanasfd-nasmijaasfo-ju-je-do-suza15/,csv/Historical-Report-NewsGradient-2022-09-27--2022-09-28.csv,57
https://www.24h.ba/video-izvana-izgleda-kao-obicna-kuca-ali-kad-vidite-unutrasnjost-ostat-cete-bez-rijeci14/,csv/Historical-Report-NewsGradient-2022-09-27--2022-09-28.csv,138
,csv/Historical-Report-NewsGradient-2022-09-27--2022-09-28.csv,369
https://www.youtube.com/watch?v=Rdr2ZT4kJ2g&ab_channel=Apocalyptica,csv/Historical-Report-NewsGradient-2022-09-27--2022-09-28.csv,1913
https://www.youtube.com/shorts/h9uBkaJxVzA,csv/Historical-Report-NewsGradient-2022-09-28--2022-09-29.csv,609
https://lovcirs.com/aktivnosti/lovacki-savez-republike-srpske-na-sajmu-lova-i-ribolova-u-novom-sadu/11224/,csv/Historical-Report-NewsGradient-2022-09-28--2022-09-29.csv,633
https://www.24h.ba/17-fotki-koje-su-se-slucajno-pretvorile-u-prava-umjetnicka-djela12/,csv/Historical-Report-NewsGradient-2022-09-28--2022-09-29.csv,655
https://www.24h.ba/video-listao-je-golisave-fotke-misleci-da-ga-zena-ne-moze-uhvatiti-nije-racunao-na-ovaj-trik12/,csv/Historical-Report-NewsGradient-2022-09-28--2022-09-29.csv,848
https://youtu.be/KCxjDPrUs04,csv/Historical-Report-NewsGradient-2022-09-28--2022-09-29.csv,1961
,csv/Historical-Report-NewsGradient-2022-09-29--2022-09-30.csv,612
https://youtube.com/watch?v=_NMnhJKlaEs&feature=share,csv/Historical-Report-NewsGradient-2022-09-29--2022-09-30.csv,1600
https://youtu.be/pynX0R-Oodo,csv/Historical-Report-NewsGradient-2022-09-29--2022-09-30.csv,2053
https://www.24h.ba/genijalno-od-starog-kontejnera-napravio-sjajnu-stvar-svi-ga-zele-staje-u-bilo-koje-dvoriste-video14/,csv/Historical-Report-NewsGradient-2022-09-30--2022-10-01.csv,17
https://www.24h.ba/zbog-prekida-mu-nije-vise-odgovarala-tetovaza-dobio-je-odgovor-koji-ga-je-brzo-nasmijao14/,csv/Historical-Report-NewsGradient-2022-09-30--2022-10-01.csv,23
https://www.24h.ba/minijaturni-konj-je-poceo-trcati-za-vlasnikom-prizor-je-raznjezio-svijet-evo-i-zasto-video13/,csv/Historical-Report-NewsGradient-2022-09-30--2022-10-01.csv,40
https://www.24h.ba/ovi-nesretnici-su-podijelili-slike-nezgoda-kojeasdad-ce-jos-dugo-pamtiti14/,csv/Historical-Report-NewsGradient-2022-09-30--2022-10-01.csv,76
https://youtu.be/qJDpzfF2LMA,csv/Historical-Report-NewsGradient-2022-09-30--2022-10-01.csv,1394
https://www.youtube.com/watch?v=WX4aMLXXY8c,csv/Historical-Report-NewsGradient-2022-09-30--2022-10-01.csv,1667
https://youtu.be/fPO76Jlnz6c,csv/Historical-Report-NewsGradient-2022-09-30--2022-10-01.csv,1990
https://bit.ly/3Rn1Ete,csv/Historical-Report-NewsGradient-2022-10-01--2022-10-02.csv,243
https://youtu.be/QCzTZqDzvv4,csv/Historical-Report-NewsGradient-2022-10-01--2022-10-02.csv,1794
https://www.youtube.com/watch?v=aZBkcsgoLG0&feature=youtu.be,csv/Historical-Report-NewsGradient-2022-10-02--2022-10-03.csv,56
https://www.youtube.com/watch?v=HWwESJL9DRw,csv/Historical-Report-NewsGradient-2022-10-02--2022-10-03.csv,295
,csv/Historical-Report-NewsGradient-2022-10-02--2022-10-03.csv,704
https://youtu.be/GhvlRXBSXjo,csv/Historical-Report-NewsGradient-2022-10-02--2022-10-03.csv,1038
https://istraga.ba/uzivo-video-prvi-saznajte-rezultate-izbora/,csv/Historical-Report-NewsGradient-2022-10-02--2022-10-03.csv,1044
https://youtube.com/watch?v=O7jzpK6s1Mw&feature=share,csv/Historical-Report-NewsGradient-2022-10-02--2022-10-03.csv,1047
,csv/Historical-Report-NewsGradient-2022-10-02--2022-10-03.csv,1053
,csv/Historical-Report-NewsGradient-2022-10-02--2022-10-03.csv,1095
,csv/Historical-Report-NewsGradient-2022-10-02--2022-10-03.csv,1133
https://www.youtube.com/watch?v=GhvlRXBSXjo,csv/Historical-Report-NewsGradient-2022-10-02--2022-10-03.csv,1308
,csv/Historical-Report-NewsGradient-2022-10-02--2022-10-03.csv,1369
https://www.youtube.com/watch?v=aZBkcsgoLG0,csv/Historical-Report-NewsGradient-2022-10-02--2022-10-03.csv,1433
,csv/Historical-Report-NewsGradient-2022-10-02--2022-10-03.csv,1462
https://www.youtube.com/watch?v=aZBkcsgoLG0,csv/Historical-Report-NewsGradient-2022-10-02--2022-10-03.csv,1828
https://www.xn--voenje-c3a/,csv/Historical-Report-NewsGradient-2022-10-02--2022-10-03.csv,2284
https://youtu.be/cvSubTB5jhw,csv/Historical-Report-NewsGradient-2022-10-02--2022-10-03.csv,2926
