Link,Arhiva
https://hayat.ba/radoncic-nema-rata-osim-protiv-mafije-siromastva-i-korupcije/772458/,
https://hayat.ba/izetbegovic-idemo-u-pobjedu-koja-ce-otvoriti-put-za-konacnu-stabilizaciju-bih/772444/,
https://hayat.ba/zavrsni-skupovi-sda-i-nip-a-koliko-korisnika-facebooka-ih-gleda-dok-traje-prijenos-uzivo/772430/,
https://hayat.ba/turkovic-odbacujemo-pokusaj-rusije-da-pripoji-teritorije-ukrajine/772369/,
https://hayat.ba/izdvojili-smo-najjace-poruke-bakira-izetbegovica-kicma-bosnjaka-ostat-ce-uspravna-i-cvrsta/772257/,
https://hayat.ba/novalic-ova-vlada-je-ostvarila-najveci-ekonomski-rast-u-historiji-federacije/772304/,
https://hayat.ba/amela-divovic-odgovorni-za-smrt-malene-dzene-gadzun-moraju-pred-lice-pravde-vjeru-ne-odvajam-od-politike/772246/,
https://hayat.ba/cik-izrekao-jednu-od-najvecih-kazni-dosad-za-govor-mrznje/772255/,
https://hayat.ba/hadzibajric-uputio-otvoreno-pismo-forti-okericu-i-hadziahmetovicu-izmijenite-odluku-o-vodozastitnoj-zoni-moscanica/772205/,
https://hayat.ba/izetbegovic-jedino-je-sda-dovoljno-snazna-da-postane-gravitaciono-polje-koje-ce-okupljati-sve-one-koji-vole-bih/771947/,
https://hayat.ba/dokument-demantovao-gradonacelnicu-grad-sarajevo-ipak-dao-dozvolu-za-sporni-led-ekran/770836/,
https://hayat.ba/da-li-ce-nenad-nesic-povuci-kandidaturu-za-clana-predsjednistva-bih/772196/,
https://hayat.ba/novalic-objavio-fotografiju-s-muderrisom-jedan-odlucuje/772109/,
https://hayat.ba/opljackan-ministar-lucic-lopovi-usli-kroz-prozor-i-ukrali-nakit-racunare-pistolj-parfeme/772094/,
https://hayat.ba/dzaferovic-odgovorio-orbanu-stavljate-entitet-u-ravan-drzave-dok-dodik-podrzava-komadanje-ukrajine/772025/,
https://hayat.ba/zlatko-lagumdzija-o-vanjskoj-politici-bih-u-dobar-dan-bih/772018/,
https://hayat.ba/bivsa-ministrica-u-vladi-ks-amela-dautbegovic-osudena-na-dvije-i-po-godine-zatvora/771973/,
https://hayat.ba/nacelnik-opcine-novo-sarajevo-hasan-tanovic-operisan-u-opcoj-bolnici/771953/,
https://hayat.ba/kamere-emisije-u-tudoj-avliji-na-promociji-knjige-ministrice-turkovic/771915/,
https://hayat.ba/sarovic-siguran-u-dodikov-kraj-pad-rezima-je-siguran-narod-je-sit-laznih-prica/771905/,
https://hayat.ba/mijatovic-pojasnio-izjavu-o-komsicu-koja-je-digla-bih-na-noge/771861/,
https://hayat.ba/skandalozno-dodik-na-skupu-u-laktasima-klicao-agresoru/771820/,
https://hayat.ba/ono-sto-je-prica-dodik-je-secesionizam-kvislinstvo-i-putinizacija-spahic-za-hayat-i-o-napadima-stranaka-na-izbih/771714/,
https://hayat.ba/opcina-stari-grad-zahtijeva-od-ministrice-hota-muminovic-da-hitno-ispita-stanje-u-zavodu-mjedenica/771569/,
https://hayat.ba/dzaferovic-u-livnu-izetbegovic-zna-podnositi-pritisak-becirovic-izdao-na-prebivalistu/771803/,
https://hayat.ba/reakcija-sarovica-na-akciju-mup-a-toliko-su-drski-da-hapse-prijatelje-rs-a/771801/,
https://hayat.ba/izetbegovic-u-travniku-treba-nam-velika-pobjeda-za-najveci-zamah-u-historiji-necemo-pristati-na-rjesenja-koja-su-na-stetu-bih/771767/,
https://hayat.ba/becirovic-za-hayat-moji-protivnici-su-nezaposlenost-bijeda-siromastvo-i-odlazak-ljudi-iz-bih/771754/,
https://hayat.ba/izetbegovic-na-ilidzi-potrebna-je-velika-pobjeda-sda-ne-stranci-ili-pojedincima-vec-drzavi-bih-i-svim-njenim-gradanima/771744/,
https://hayat.ba/alma-colo-za-mene-je-sda-pripadnost-odredenoj-ideji-ideji-drzave-bih-suverene-nezavisne-i-demokratske/771543/,
https://hayat.ba/mi-smo-branili-svoje-i-nema-razloga-da-se-stidimo-komsic-na-godisnjici-formiranja-2-korpusa-armije-rbih/771697/,
https://hayat.ba/obiljezena-30-godisnjica-formiranja-2-korpusa-arbih/771690/,
https://hayat.ba/oglasili-se-iz-elektroprivrede-bih-nije-bilo-potrebe-za-strajkom-rudarima-ce-biti-isplacena-pomoc/771683/,
https://hayat.ba/majke-srebrenice-prisustvovale-promociji-knjige-bisere-turkovic/771608/,
https://hayat.ba/kad-su-ti-fiknuto-tele-i-wikipedia-vrh-bavljenja-politikom-sta-konakovic-ne-zna-o-nato-putu-bih/771461/,
https://hayat.ba/ucenici-u-zenici-ce-se-zbog-nesposobnosti-kasumovica-opet-smrzavati-skole-dobile-preporuku-da-skrate-nastavu/771618/,
https://hayat.ba/efendic-u-ddbih-kanton-sarajevo-je-kuca-bez-domacina-nema-ljekara-u-ambulantama-javni-prijevoz-ne-funkcionise-u-rubnim-dijelovima/771599/,
https://hayat.ba/da-li-je-tramvajska-pruga-dobila-upotrebne-dozvole-profesor-lindov-upozorava-neko-ce-izgubiti-glavu/771548/,
https://hayat.ba/zahiragic-odgovorio-konakovicu-nisam-ja-9-januara-sprijecio-da-se-na-tvsa-pusti-film-na-drini-krvavi-visegrad-nego-jedan-od-vasih-direktora/771494/,
https://hayat.ba/semir-efendic-u-dobar-dan-bih-razgovaramo-o-kljucnim-problemima-gradana/771240/,
https://hayat.ba/novalic-obisao-radove-na-dionici-nevic-polje-vitez-poceo-se-ostvarivati-nas-cilj-o-infrastrukturnom-povezivanju-cijele-drzave/771469/,
https://hayat.ba/dodik-iz-predsjednistva-bosne-i-hercegovine-odlazi-podvijenog-repa/771482/,
https://hayat.ba/dodik-putin-je-najnormalniji-bolesni-su-oni-koji-kazu-da-je-on-bolestan/771316/,
https://hayat.ba/kako-je-mandic-napravio-ruglo-u-centru-sarajeva-i-ugrozio-sigurnost-pjesaka-i-vozaca/771405/,
https://hayat.ba/colpa-za-hayat-na-izbornim-listama-su-potroseni-kandidati/771337/,
https://hayat.ba/promocija-knjige-moj-zivotni-put-sjecanja-svjedocenja-dokumenti-ministrice-turkovic/771417/,
https://hayat.ba/stotine-zastava-tzv-herceg-bosne-okacene-u-mostaru-uoci-izbora/771399/,
https://hayat.ba/izetbegovic-pisao-clanovima-i-simpatizerima-sda-u-nedjelju-ako-bog-da-idemo-ka-velikoj-pobjedi/771403/,
https://hayat.ba/destanovic-trazi-odgovore-od-ministrice-hota-muminovic-zasto-se-predizborne-aktivnosti-politickih-stranaka-finansiraju-sredstvima-iz-budzeta/771262/,
https://hayat.ba/pred-izbore-iz-budzeta-podijeljeno-278-miliona-km-biracima-stranke-na-kampanju-do-sad-potrosile-96-miliona-km/771279/,
https://hayat.ba/serdarevic-borac-za-prava-povratnika-u-rs-u-bosnjaci-ne-prodajite-svoju-imovinu-sigurno-dolaze-bolji-dani/770987/,
https://hayat.ba/manipulacija-glasovima-i-izbornom-voljom-glas-za-nip-je-glas-za-nasu-stranku/770985/,
https://hayat.ba/izetbegovic-i-u-tuzli-najavio-pobjedu-sda-necu-vas-razocarati/771059/,
https://hayat.ba/vijece-ministara-dozvolilo-ponovo-izvoz-ogrjevnog-drveta-tona-peleta-u-bih-skocila-na-hiljadu-maraka/771065/,
https://hayat.ba/komsic-razotkrio-dodika-udvarao-se-erdoganu-u-rs-u-glumi-bozanstvo-koje-hoda-a-u-sarajevu-udario-u-zid/770893/,
https://hayat.ba/skandal-u-livnu-pogledajte-sta-je-plenkovic-kazao-o-dogovoru-sa-schmidtom-i-izboru-komsica-u-predsjednistvo-bih/771013/,
https://hayat.ba/novalic-u-lukavcu-sa-ratnim-vojnim-invalidima-fbih-drzava-nikada-ne-smije-napustiti-svoje-borce/770971/,
https://hayat.ba/komsic-otvoreno-za-hayat-problem-je-sto-bosnjaci-imaju-svoju-drzavu-to-je-trn-u-oku-fasistima/770887/,
https://hayat.ba/plenkovic-uporan-do-nedjelje-ima-vremena-da-se-nametne-odluka-o-izmjeni-izbornog-zakona-u-bih/770917/,
https://hayat.ba/od-cirkusa-u-glavnom-gradu-bih-svi-peru-ruke-gradani-ogorceni-na-desavanja-u-centru-sarajeva/770938/,
https://hayat.ba/crvena-tuzla-pozelenila-izetbegovic-porucio-sa-350-000-glasova-ojacati-motor-koji-ovu-zemlju-vodi-naprijed/770950/,
https://hayat.ba/sramis-li-se-igore-stojanovicu-dragi-ragib-je-na-boljem-svijetu-pred-izbore-pozivaju-mrtve-ljude-na-glasanje/770918/ ,
https://hayat.ba/komsic-o-dodikovim-prijetnjama-govorio-za-hayat-vodi-nas-u-krvavi-rat-puno-je-patriota-koji-bi-branili-bih/770871/,
https://hayat.ba/izetbegovic-u-kladnju-kada-sda-ponekad-izgubi-izbore-tada-se-gradani-uvjere-koliko-drugi-ne-znaju-i-koliko-je-sda-bolja/770847/,
https://hayat.ba/u-vogosci-realizirani-brojni-projekti-hiljade-stanovnika-se-doselilo-nacelnik-smajic-za-hayat-i-o-novim-radnim-mjestima/770717/,
https://hayat.ba/dragan-mektic-zatresao-bh-entitet-rs-licno-mi-je-velja-ilic-u-kafani-hercegovina-u-beogradu-rekao-da-je-milorad-dodik-dolazio-po-pare/770791/,
https://hayat.ba/komsic-za-hayat-prvi-put-otvoreno-o-schmidtovoj-moci-vratio-se-praznih-ruku/770824/,
https://hayat.ba/dzaferovic-bih-ne-priznaje-separatisticke-referendume-u-ukrajini/770533/,
https://hayat.ba/u-vogosci-uruceni-kljucevi-68-stanova-pripadnicima-boracke-populacije/770572/,
https://hayat.ba/halilagic-realizovano-svih-18-obecanih-mjera-iz-ekspozea/770570/,
https://hayat.ba/bakir-izetbegovic-uputio-cestitku-u-povodu-dana-bosnjaka-sudbonosno-vazan-dogadaj-za-nas-narod/770597/,
https://hayat.ba/sejo-brajlovic-porucio-dodiku-stotine-politicara-su-bili-nasi-gosti-bujrum-dodi-da-vidis-sta-je-cudo-nevideno/770558/,
https://hayat.ba/bisera-turkovic-objavila-knjigu-moj-zivotni-put-od-detalja-o-hrvatskom-i-jevrejskom-porijeklu-do-rata/770479/,
https://hayat.ba/cik-izrekao-prvu-kaznu-zbog-trgovine-birackim-mjestom/770501/,
https://hayat.ba/lider-sbb-a-o-sky-aplikaciji-tamo-nema-fahrudina-radoncica/770485/,
https://hayat.ba/masovic-udarajte-koliko-zelite-u-ovoj-glavi-ima-dovoljno-pameti-da-se-sam-branim/770442/,
https://hayat.ba/nista-od-imenovanja-novih-sudija-ustavnog-suda-fbih-cavara-odbio-imenovati-prije-izbora/770432/,
https://hayat.ba/zeljko-komsic-upozorava-bit-ce-jos-teze-i-zesce-jer-ce-pritisak-na-bih-i-sarajevo-nastaviti/770415/,
https://hayat.ba/sramotno-nakon-uklanjanja-led-ekrana-sa-mosta-suade-i-olge-pobacane-zardinjere-sa-cvijecem/770403/,
https://hayat.ba/analiza-prisega-trojci-kao-preduvjet-za-dobijanje-poslova-i-javna-zaposljavanja/770346/,
https://hayat.ba/donlagic-potvrdeno-je-ono-sto-govorimo-godinama-zagreb-pokusava-oteti-dio-suvereniteta-bih/770229/,
https://hayat.ba/uklonjen-sporni-led-ekran-koji-je-jucer-postavljen-na-vilsonovom-setalistu-u-sarajevu/770287/,
https://hayat.ba/dodika-helikopter-vojske-srbije-voza-po-stranackim-skupovima/770273/,
https://hayat.ba/hadzihafizbegovic-stjerao-u-cosak-konakovica-sto-ne-rece-ono-glavno-sto-je-rekao-rahmetli-predsjednik-alija-izetbegovic/770255/,
https://hayat.ba/izetbegovic-vjeruje-u-patriote-idemo-zajedno-do-velike-pobjede/770243/,
https://hayat.ba/izetbegovic-na-velicanstvenom-skupu-u-zenici-ovi-izbori-su-najvazniji-od-rata-nas-narod-to-osjeca-i-zajedno-idemo-u-veliku-pobjedu/770163/,
https://hayat.ba/komsic-porucio-dodiku-u-predsjednistvu-necete-napraviti-ono-sto-ste-napravili-u-nogometnom-savezu-bih/770140/,
https://hayat.ba/dodiku-ni-putin-vise-ne-moze-pomoci-muhasilovic-u-hayatu-upozorava-hrvatska-najvise-steti-bosanskim-hrvatima/770075/,
https://hayat.ba/izetbegovic-uputio-poziv-kandidatima-clanovima-i-simpatizerima-sda/770074/,
https://hayat.ba/meduentitetska-saradnja-opcina-stari-grad-i-istocni-stari-grad-sanirali-put-kroz-gornje-biosko/769981/,
https://hayat.ba/bjesni-rat-u-snsd-u-milorada-dodika-u-bijeljini/769822/,
https://hayat.ba/bih-nije-poslala-posmatrace-na-nelegalne-referendume-u-ukrajinu/770759/,
https://hayat.ba/novalic-se-druzio-sa-rvi-ponosan-na-patriote-nasa-historija-krvlju-pisana/770708/,
https://hayat.ba/opcina-stari-grad-pomoci-ce-u-opremanju-doma-za-majke-srebrenice-nista-im-ne-smije-nedostajati/770518/,
https://hayat.ba/lagumdzija-na-skupu-socijaldemokrata-i-zelenog-pokreta-zelimo-biti-dio-pregovora-o-izbornom-zakonu/769653/,
https://hayat.ba/efendic-sizofreno-ponasanje-vlasti-u-ks-ulazu-desetine-miliona-eura-u-prugu-a-ne-bave-se-dugovima-gras-a/769641/,
https://hayat.ba/sda-sarajevo-bosnjake-u-masovne-grobnice-vode-pristalice-njihovog-politickog-porobljavanja/769684/,
https://hayat.ba/promo-trojka-ili-velike-rijeci-koje-prate-mala-ili-nikakva-djela/765369/,
https://hayat.ba/kurjacke-lazi-o-sebiji-izetbegovic/769611/,
https://hayat.ba/sakom-i-kapom-dijele-uoci-izbora-penzionerima-sutra-po-100-km/769663/,
https://hayat.ba/skandalozne-scene-u-cirilici-milorad-dodik-ponovo-negirao-genocid-u-srebrenici-negirao-drzavu-i-vrijedao-bosnjake/769485/,
https://hayat.ba/radoncic-pobjednicki-duh-se-vec-osjeca/769423/,
https://hayat.ba/dzaferovic-se-sastao-sa-ministrom-odbrane-bugarske-u-fokusu-sigurnosna-situacija/769410/,
https://hayat.ba/priznanje-za-ministra-edin-ramic-je-pocasni-gradanin-bpk-gorazde/769228/,
https://hayat.ba/izetbegovic-u-mostaru-meni-je-bitno-da-vas-ne-razocaram-ni-ja-kao-ni-alija-izdati-ne-znam/769281/,
https://hayat.ba/reisu-l-ulemu-posjetio-fahrudin-radoncic/769195/,
https://hayat.ba/salkic-za-hayat-o-namjerama-dodika-zeli-prisiliti-povratnike-da-napuste-rs/769201/ ,
https://hayat.ba/trivic-poslala-signal-vucicu-saveznistvo-dodika-sa-milanovicem-predstavlja-udar-i-na-beograd/769169/,
https://hayat.ba/hdz-u-sluzbi-milorada-dodika-kako-dodik-za-nos-vuce-hrvate-hvaleci-se-da-je-on-promijenio-regionalne-odnose-i-hrvate-izdvojio-iz-jedinstvene-politike-medunarodne-zajednice-u-bih/769158/,
https://hayat.ba/novalic-duboko-me-potresla-vijest-o-tragicnoj-pogibiji-troje-clanova-porodice-krstic/769074/,
https://hayat.ba/pocinje-odabir-izvodaca-radova-za-tunel-prenj-u-konkurenciji-najvise-firmi-iz-turske/768804/,
https://hayat.ba/clanovi-ujedinjene-srpske-grade-i-finansiraju-novu-prijedorsku-desnicu/768830/,
https://hayat.ba/ljekar-alen-arnautovic-bakir-izetbegovic-stranku-vraca-na-pravi-put-drago-mi-je-da-sam-na-njegovoj-strani/768730/,
https://hayat.ba/da-li-ce-rs-ponovo-pokusati-da-prisvoji-drzavnu-imovinu-u-emisiji-7-plus-razgovaramo-sa-ramizom-salkicem/769067/,
https://hayat.ba/tokom-mandata-premijera-novalica-iz-budzeta-fbih-u-krajinu-usmjereno-248-miliona-km-u-toku-realizacija-jos-515-miliona/768786/,
https://hayat.ba/lagumdzija-na-liderskom-savjetu-mreze-rjesenja-samoodrzivog-razvoja-zajednicko-suocavanje-s-krizama/768847/,
https://hayat.ba/uhapsen-milan-novitovic-direktor-uprave-civilne-zastite-rs/769000/,
https://hayat.ba/analiza-istinomjera-broj-radnih-mjesta-nije-povecan-za-102-000-nego-za-vise-od-110-000/768854/,
https://hayat.ba/dodik-u-sarajevu-ne-jedem-uvijek-nosim-flasicu-vode-sa-sobom/768753/,
https://hayat.ba/elzina-piric-dok-sam-ziva-radit-cu-na-putu-koji-su-trasirali-alija-izetbegovic-i-sulejman-tihic/768693/,
https://hayat.ba/prijeti-nam-nestasica-mlijeka-a-onda-i-mesa-rjesenje-postoji-ali-je-dodik-smatrao-da-je-to-prijenos-nadleznosti/768658/,
https://hayat.ba/dodik-napravio-neoprostivu-gresku-druzenje-sa-milanovicem-ima-svoju-cijenu-vucic-je-bijesan/768649/,
https://hayat.ba/nacelnik-hadzibajric-najavio-u-starom-gradu-otvaramo-prvi-centar-za-osnazivanje-zena-oboljelih-od-raka-dojke-u-bih/768322/,
https://hayat.ba/dan-prije-izbora-uradite-ovo-vojin-mijatovic-uputo-poseban-poziv-bh-drzavljanima/768516/,
https://hayat.ba/od-obecanih-i-narucenih-35-trolejbusa-nema-nista-saobraca-samo-jedan-a-gdje-su-ostali-ne-zna-se/768589/,
https://hayat.ba/ima-li-sjednice-o-akcizama-svi-to-zele-dok-jedna-grupa-to-opstruira/768561/,
https://hayat.ba/biden-je-preko-dzaferovica-poslao-snaznu-poruku-a-to-je-da-nismo-sami-kulenovic-za-hayat/768539/,
https://hayat.ba/ulice-u-centru-sarajeva-razrovane-haljevac-kad-poplave-krenu-eto-havarije-e-moji-ublehasi/768347/,
https://hayat.ba/izetbegovic-ne-pamtim-ovakvu-energiju-na-skupovima-sda-od-1990-osjecam-da-se-probudio-inat-u-narodu/768461/,
https://hayat.ba/bivsi-predsjednik-nase-stranke-smjesten-u-centar-za-srce/768231/,
https://hayat.ba/adil-kulenovic-gost-emisije-sedam-plus/768069/,
https://hayat.ba/osam-godina-od-smrti-sulejmana-tihica-ostat-ce-upamcen-kao-izvanredan-politicar-i-covjek/768183/,
https://hayat.ba/komsic-odao-pocast-i-polozio-vijenac-na-spomen-obiljezje-zami-ducicu-i-njegovim-saborcima/768184/,
https://hayat.ba/odao-pocast-jednom-od-najslavnijih-bosanskih-generala-izetbegovic-posjetio-mezar-rahmetli-mehmeda-alagica/768087/,
https://hayat.ba/za-ono-sto-je-hrvatska-naumila-da-da-hdz-u-mora-se-proliti-krv-suljagic-o-izmjenama-izbornog-zakona/767780/,
https://hayat.ba/americki-vasionski-brod-spustio-se-u-pacifik-sa-tri-clana-posade-evo-sta-se-jos-dogodilo-na-danasnji-dan/767378/,
https://hayat.ba/sta-se-drugo-moze-ocekivati-od-ponavljaca/767878/,
https://hayat.ba/dodik-mozda-cemo-morati-donijeti-neocekivanu-odluku/767858/,
https://hayat.ba/ministar-cikotic-za-hayat-o-sigurnosti-u-bih/767786/,
https://hayat.ba/vojin-mijatovic-dao-ponudu-sarovicu-ogradi-se-od-zlocinaca-karadzica-i-mladica-i-povlacim-kandidaturu/767849/,
https://hayat.ba/komsic-sarajevom-mogu-setati-svi-dobronamjerni-ljudi-upitno-je-mogu-li-srbi-setati-zagrebom/767796/,
https://hayat.ba/fazlic-u-usk-je-bilo-7-000-migranata-vozom-je-dolazilo-150-dnevno-gradani-imaju-razumijevanje-za-njih/767256/,
https://hayat.ba/rasipanje-glasova-je-luksuz-koji-moze-kostati-drzavu-omjer-21-u-predsjednistvu-bih-od-najvece-je-vaznosti/767487/,
https://hayat.ba/komsic-u-celicu-zlocinac-karadzic-je-mislio-da-cemo-odustati-ideja-gradanske-drzave-bih-sve-vise-dobiva-na-snazi/767338/,
https://hayat.ba/sarovic-prozvao-radmanovica-i-spirica-zbog-akciza-nemate-vise-izgovora-smanjite-cijene/767334/,
https://hayat.ba/ucjene-i-prijetnje-milorada-dodika-ko-ne-glasa-za-snsd-neka-vrati-pare/767244/,
https://hayat.ba/pokret-za-drzavu-u-kotor-varosi-mi-smo-najbolja-bosanskohercegovacka-reprezentacija/767230/,
https://hayat.ba/da-li-ce-radmanovica-i-spirica-nemar-kostati-krivicnih-prijava/767216/,
https://hayat.ba/associated-press-sumirao-debatu-na-generalnoj-skupstini-un-a-istaknut-govor-dzaferovica-o-vucicu-ni-rijeci/767188/,
https://hayat.ba/novalic-o-vucicevim-tvrdnjama-kakav-je-domet-da-srbija-bez-rata-nakon-27-godina-stigne-bih-koja-je-izgorjela-treba-se-uporedivati-sa-evropom/767173/,
https://hayat.ba/novalic-se-provozao-kroz-tunel-ivan-obecano-ispunjeno/767181/,
https://hayat.ba/jasmina-biscevic-tokic-za-hayat-put-pacijenta-je-nesto-sto-mi-moramo-urediti-u-ks/766964/,
https://hayat.ba/izetbegovic-u-gorazdu-jedanaest-stranaka-se-ujedinilo-protiv-sda-a-sda-se-ujedinila-sa-svojim-narodom/767044/,
https://hayat.ba/novalic-za-hayat-o-uspjesima-vlade-penzioneri-nece-ostati-bez-penzija-niti-ce-struja-poskupjeti-nastavljamo-s-gradnjom-gdje-smo-stali/766960/,
https://hayat.ba/politicari-i-profesori-koliko-imaju-naucnih-radova-i-koliko-su-citirani-u-svijetu/766927/,
https://hayat.ba/novalic-ohrabrujuce-za-hayat-milion-ljudi-dobilo-je-pomoc-imamo-dovoljno-hrane-hrabro-smo-se-suprostavili-inflaciji/766873/,
https://hayat.ba/ne-propustite-u-1915-na-hayatu-fadil-novalic-premijer-fbih/766839/,
https://hayat.ba/porodica-kicina-iz-tesnja-uselila-u-svoj-novi-dom-nacelnik-hadzibajric-urucio-kljuceve-novosagradene-kuce/766788/,
https://hayat.ba/otvorene-prijave-kandidata-za-komesara-policije-mup-a-hnk-i-njegovog-zamjenika/766664/,
https://hayat.ba/spahiceva-hutba-nadahnula-premijera-novalica-evo-sta-je-objavio-nakon-dzuma-namaza/766740/,
https://hayat.ba/podnesena-krivicna-prijava-protiv-nermina-niksica-zbog-ucjenjivanja/766711/,
https://hayat.ba/potvrdena-oslobadajuca-presuda-za-zloupotrebu-polozaja-draganu-mekticu-i-ostalima/766679/,
https://hayat.ba/sarajlije-ce-u-novu-godinu-uci-uz-dubiozu-kolektiv-javni-docek-ce-kostati-350-000-km/766616/,
https://hayat.ba/besplatno-autoputem-od-bradine-do-vlakova-novalic-i-lasic-obisli-novoizgradenu-dionicu-i-tunel-ivan/766536/,
https://hayat.ba/magazinovic-jos-nisu-zakazane-sjednice-o-ukidanju-aciza-na-gorivo-razmatramo-podnosenje-krivicnih-prijava/766498/,
https://hayat.ba/dodikov-savjetnik-ocajan-nakon-odluke-ustavnog-suda-bih-opozicija-otezava-polozaj-rs/766475/,
https://hayat.ba/lagumdzija-u-new-yorku-o-izazovima-i-zajednickim-odgovorima-na-sigurnosne-energetske-i-ekonomske-krize/766414/,
https://hayat.ba/uhapsen-zastupnik-u-narodnoj-skupstini-rs/766398/,
https://hayat.ba/dzaferovic-na-prijemu-kod-bidena-sad-je-iskren-prijatelj-bih/766393/,
https://hayat.ba/din-zacinovic-ja-sam-kandidat-sda-i-legitimni-hrvat-u-kantonu-sarajevo/766363/,
https://hayat.ba/izetbegovic-procjenjuje-da-bi-jelka-milicevic-bila-dobro-rjesenje-za-predsjedavajucu-vijeca-ministara/766369/,
https://hayat.ba/hasakovic-sinoc-se-na-tv-debati-i-reakcijama-nakon-nje-samo-potvrdilo-ono-sto-je-bilo-poznato-od-ranije/766366/,
https://hayat.ba/predizborne-bajke-o-placama-duplo-veca-primanja-moguca-uz-jedan-uslov/766329/,
https://hayat.ba/politolog-mujanovic-denis-becirovic-ne-moze-srusiti-bakira-izetbegovica/766326/,
https://hayat.ba/radoncic-izgubili-smo-grad-velicine-tuzle-neko-mora-izgraditi-autoput-do-bihaca/766209/,
https://hayat.ba/dodik-dozivio-sok-tokom-posjete-hrvatskoj-meni-je-bosna-zakon-bosanci-su-mi-prva-liga/766297/,
https://hayat.ba/dzevad-mahmutovic-za-hayat-o-presudi-ustavnog-suda-u-vezi-sa-zastitom-drzavne-imovine/766186/,
https://hayat.ba/komsic-oruzane-snage-prosle-test-po-nato-standardima/766253/,
https://hayat.ba/izetbegovic-govorio-na-engleskom-becirovic-odbio/766278/,
https://hayat.ba/izetbegovic-becirovic-i-hadzikadic-se-suceljavaju-u-debati-na-ftv-u/766210/,
https://hayat.ba/radoncic-kategoricno-u-7plus-treceg-entiteta-nece-biti-dodik-se-moze-okrenuti-na-glavu-ali-bih-ce-biti-clanica-nato-a/766180/,
https://hayat.ba/radoncic-za-hayat-mi-se-ne-bojimo-dodika-on-je-politicki-mrtvac/766137/,
https://hayat.ba/fahrudin-radoncic-predsjednik-sbb-a-od-1915-na-hayatu/766094/,
https://hayat.ba/milanovic-moze-lajati-samo-preko-ograde-ovo-je-dodikov-kraj-bijedic-za-hayat/766036/,
https://hayat.ba/prvi-kongres-javnog-sektora-u-neumu-novalic-federaija-bih-je-stabilna-treba-nam-zakon-o-fiskalnim-sistemima/765642/,
https://hayat.ba/belma-lizde-kurt-o-alesovoj-smjeni-sabini-cudic-se-dopala-pomisao-da-joj-suprug-bude-direktor-sartr-a/765767/,
https://hayat.ba/vlada-fbih-osigurala-po-100-km-za-oko-270-000-nezaposlenih-novalic-mjerama-podrske-obuhvaceno-skoro-milion-gradana/765792/,
https://hayat.ba/nakon-sto-je-forto-naredio-kampanju-samo-u-ks-oglasio-se-i-kojovic-idemo-u-hadzice-pa-sta-bude/765711/,
https://hayat.ba/prof-dr-izetbegovic-o-slucaju-sefa-nip-a-halilovic-i-skrijelj-u-misiji-spasavanja-studenta-konakovica/765752/,
https://hayat.ba/zahiragic-porucio-becirovicu-e-moj-denise-trojanski-konji-su-oni-koji-ti-vode-kampanju/765754/,
https://hayat.ba/halilagic-20-miliona-km-izdvojeno-za-stabilizaciju-zdravstva-u-tk-formirati-ministarstvo-poljoprivrede-bih/765589/,
https://hayat.ba/pocetkom-oktobra-stanovnike-u-fbih-ocekuje-novo-poskupljenje-plina/765477/,
https://hayat.ba/zahtjev-sest-delegatada-doma-naroda-ustavni-sud-bih-danas-o-zakonu-o-nepokretnoj-imovini-rs-a/765484/,
https://hayat.ba/sokantne-najave-dodika-svima-koji-imaju-porijeklo-iz-rs-a-bit-ce-izdata-tzv-identifikaciona-nacionalna-karta/765516/,
https://hayat.ba/dzaferovic-sa-predsjednikom-svjetskog-jevrejskog-kongresa-braniti-istinu-o-genocidu-u-srebrenici/765553/,
https://hayat.ba/der-standard-o-lideru-snsd-a-kakve-veze-dodik-ima-s-aferom-casinos-austria-i-sta-je-otkrilo-tuzilastvo/765493/,
https://hayat.ba/predsjednik-oo-sda-bugojno-kada-na-himnu-sda-i-na-prezime-izetbegovic-ne-osjetim-emocije-prestat-cu-se-baviti-politikom/765380/,
https://hayat.ba/dzindic-promet-namjenske-industrije-sada-je-400-miliona-km-godisnje-a-prije-mene-bio-je-300-miliona-za-cetiri-godine/765329/,
https://hayat.ba/begic-za-hayat-o-dodikovoj-posjeti-rusiji-on-je-najveca-prijetnja-po-rs/765434/,
https://hayat.ba/dzaferovicev-govor-odjeknuo-u-americkim-medijima-un-je-zakazao-i-u-ukrajini/765386/,
https://hayat.ba/forto-dao-instrukcije-clanovima-stranke-otkazujte-sve-po-bih-fokusirajte-se-samo-na-kampanju-u-sarajevu/765441/,
https://hayat.ba/odgovorni-za-tragicnu-smrt-dzene-gadzun-bit-ce-kaznjeni-kad-se-promijeni-vlast-u-ks-prof-dr-izetbegovic-za-hayat/765043/,
https://hayat.ba/izetbegovic-u-vitezu-porucio-mi-racune-polazemo-samo-vama-svom-narodu/765413/,
https://hayat.ba/nedzad-ahatovic-za-hayat-ovo-pokazuje-da-je-putin-spreman-na-eskalaciju/765352/,
https://hayat.ba/sebija-izetbegovic-stavila-tacku-na-pricu-o-diplomi-imam-stotine-svjedoka-evo-sta-je-porucila-konakovicu/765106/,
https://hayat.ba/prof-izetbegovic-za-hayat-niko-nije-odgovarao-za-kriminal-na-kcus-u-ljekari-se-vracaju-cak-iz-njemacke-ali-nam-treba-dobar-ministar/765007/,
https://hayat.ba/izetbegovic-u-novom-travniku-pozivamo-sve-u-ovoj-zemlji-na-razumnu-politiku-pokrenimo-je-naprijed-kao-nikada-do-sada/765280/,
https://hayat.ba/begic-porucio-hrvatskoj-ne-mozete-biti-evropljani-a-krsiti-prava-u-bih/765224/,
https://hayat.ba/prozivaju-je-napadaj-pa-i-vrijedaju-o-svemu-veceras-u-emisiji-7-plus-govori-prorfesorica-sebija-izetbegovic/765183/,
https://hayat.ba/snazne-poruke-dzaferovica-u-un-u-muslimani-i-krscani-mogu-zivjeti-zajedno/765179/,
https://hayat.ba/ministar-ramic-u-teslicu-zavrsena-rekonstrukcija-skole-u-povratnickom-naselju-kamenica-donirani-udzbenici-i-oprema/764887/,
https://hayat.ba/nove-dodikove-skandalozne-izjave-moguce-da-posmatraci-iz-rs-a-prisustvuju-referendumu-o-pripajanju-teritorija-rusiji/765047/,
https://hayat.ba/ko-sda-konakoviceva-diploma-mora-biti-ponistena-a-njegov-portparol-rifet-skrijelj-treba-podnijeti-ostavku/765146/,
https://hayat.ba/bisera-turkovic-fotografijom-odgovorila-kriticarima/764990/,
https://hayat.ba/pobjeda-ili-eskalacija-kazazovic-za-hayat-ba-o-putinovoj-odluci-za-mobilizaciju-komentirao-i-dodikov-susret-s-putinom/764913/,
https://hayat.ba/premijer-novalic-na-velikom-sajmu-u-bh-gradu-najavio-novu-podrsku-motoru-razvoja-privrede/764963/,
https://hayat.ba/internetom-kruzi-snimak-nermina-niksica-poslusajte-kako-on-stranacki-zaposljava/764867/,
https://hayat.ba/komsic-americki-kongres-usvojio-ono-sto-godinama-tvrdimo-ostajemo-dosljedni-demokratskim-standardima/764783/,
https://hayat.ba/izetbegovic-350-000-glasova-za-sda-i-nadjacat-cemo-kocnicare/764695/,
https://hayat.ba/steta-je-i-dalje-tu-ali-pruga-josnije-ministar-najavio-da-ce-do-1-septembra-biti-zavrsena-pruga-do-cengic-vile-u-suprotnom-podnijece-ostavku/764651/,
https://hayat.ba/euronews-putin-je-pohvalio-svog-prijatelja-dodika-moskva-razmislja-hoce-li-glasati-za-mirovnu-misiju-u-bih/764648/,
https://hayat.ba/advokatska-komora-fbih-trazi-od-rak-a-sankcije-za-face-tv-jer-je-hadzifejzovic-vrijedao-advokaticu-avdibegovic/764655/,
https://hayat.ba/sefik-dzaferovic-danas-se-obraca-na-77-sjednici-generalne-skupstine-un-a/764625/,
https://hayat.ba/kulenovic-nije-opala-proizvodnja-mlijeka-u-usk-u-ne-znamo-sta-zima-nosi/764570/,
https://hayat.ba/izetbegovic-nema-snage-bez-sloge-napravimo-pozitivni-preokret-zajedno/764511/,
https://hayat.ba/putin-zeli-pobjedu-dodika-na-izborima-u-entitetu-rs-lazovic-i-janjic-u-7plus/764433/,
https://hayat.ba/konakovic-zavrsio-trecu-godinu-diplomirao-pa-onda-prvi-u-drugu/764464/,
https://hayat.ba/radoncic-ne-bojimo-se-putina-i-dodika-utakmica-s-rusijom-se-nece-igrati/764493/,
https://hayat.ba/gradanima-cemo-vratiti-milione-koje-uplacuju-u-budzet-hadzibajric-za-hayat-stari-grad-ce-imati-rekordan-budzet-od-osnivanja/764339/,
https://hayat.ba/za-negiranje-genocida-moramo-postaviti-granicu-causevic-u-ddbih-porazno-je-slavljenje-zlocinaca-u-entitetu-rs/764326/,
https://hayat.ba/dodik-se-sastao-sa-putinom-poznato-o-cemu-su-razgovarali/764294/,
https://hayat.ba/zna-li-sta-govori-kasumovic-vam-nece-halaliti-ako-ne-glasate-za-sda/764118/
https://hayat.ba/sda-nezakoniti-pravilnik-o-registraciji-vozila-mora-biti-stavljen-van-snage/764152/,
https://hayat.ba/predsjednik-sda-makedonije-sda-u-bih-nosi-bajrak-interesa-bosnjackog-naroda-i-svih-gradana/763893/,
https://hayat.ba/zatrazena-hitna-sjednica-doma-naroda-bih-kako-bi-se-pomoglo-gradanima-i-privredi/763978/,
https://hayat.ba/danas-je-195-dan-borbe-za-jeftinije-gorivo-sjednica-treba-da-traje-samo-10-minuta/763967/,
https://hayat.ba/igk-poslao-pismo-evropskoj-komesarki-za-ljudska-prava-zoran-milanovic-vec-duze-vrijeme-daje-izjave-u-kojima-negira-genocid-u-srebrenici/763759/,
https://hayat.ba/izetbegovic-uzvratio-milanovicu-prvo-ostruzi-fasizam-pa-tek-onda-koristi-sapun-i-parfem/763768/,
https://hayat.ba/nebitan-si-aljosa-campara-drustvene-mreze-gore-otkriveno-ko-stoji-iza-objava-milorada-dodika-na-drustvenim-mrezama/763763/,
https://hayat.ba/dodik-stigao-u-moskvu-stavljen-u-izolaciju-do-sastanka-s-putinom/763667/,
https://hayat.ba/konakovic-prvo-diplomirao-pa-studirao-prvu-i-drugu-godinu-ispite-prijavljivao-nedjeljom-izvjestaj-inspekcije-na-50-stranica/763653/,
https://hayat.ba/skup-u-glavnom-bh-gradu-jedino-sbb-moze-sarajevu-vratiti-olimpijski-sjaj/763638/,
https://hayat.ba/izetbegovic-u-bugojnu-ispravili-smo-kicmu-bh-patriotama-i-necemo-nikome-dopustiti-da-je-ponovo-savije-i-da-nas-usutkuje/763605/,
https://hayat.ba/becirovic-bih-je-kuca-svih-nas/763564/,
https://hayat.ba/dodik-je-obicni-provincijalac-lavic-i-ramic-u-7-plus-ucimo-od-britanaca-kako-se-trebamo-prisjecati-kraljevine-bosne/763552/,
https://hayat.ba/fotografija-postala-hit-krava-prisla-snsd-ovom-plakatu-i-dala-poljubac-cvijanovic-a-dodiku-nista/763561/,
https://hayat.ba/jos-malo-o-diplomama-ovoga-puta-o-dodikovoj-oko-mene-sve-su-ponavljaci-daci-ili-bolesnici-ili-manijaci/763558/,
https://hayat.ba/kako-su-se-uz-pandemiju-obogatili-mnogi-obveznici-nestaju-milioni-a-kako-ih-namaknuti-za-hayat-govori-kovacevic-iz-uio/763473/,
https://hayat.ba/iz-ambasade-sad-za-hayat-ba-o-falsificiranom-dokumentu-snsd-a-ova-krivotvorina-je-jeftin-politicki-trik/763515/,
https://hayat.ba/bakir-izetbegovic-potrebna-nam-je-velika-pobjeda-od-350-000-glasova-kako-bismo-pokrenuli-zemlju/763477/,
https://hayat.ba/sarovic-urusava-se-imperija-oko-dodika/763438/,
https://hayat.ba/gorica-priznala-da-je-njen-otac-ponavljao-razred-milorad-dodik-je-odrastao-na-selu/763281/,
https://hayat.ba/ministrica-turkovic-razgovarala-sa-bidenom-bih-mu-je-uvijek-na-umu/763371/,
https://hayat.ba/komsic-u-travniku-hdz-ovo-i-snsd-ovo-plasenje-stranaca-muslimanima-je-nacizam/762987/,
https://hayat.ba/promo-odrzana-4-sarajevo-techlab-konferencija-bh-telecoma-digitalnom-transformacijom-oblikujemo-buducnost/763247/,
https://hayat.ba/dodikovi-bilbordi-osvanuli-i-u-beogradu/763184/,
https://hayat.ba/sef-dzenneta-ne-zna-sta-prica-sumedina-jedno-njen-gradonacelnik-drugo/762710/,
https://hayat.ba/osam-sindikata-uputilo-zahtjeve-vladi-ks-ako-forto-ne-odgovori-odgovorit-ce-njemu-radnici-2-oktobra/763158/,
https://hayat.ba/mehmedovic-pozvao-predsjednike-stranaka-potpisite-izjavu-da-ce-biti-ista-cijena-struje-nakon-izbora/763138/,
https://hayat.ba/zahiragic-porucio-konakovicu-ti-si-najveci-problem-jer-si-personifikacija-svega-loseg/763109/,
https://hayat.ba/emir-ramic-i-senadin-lavic-gosti-emisije-sedam-plus/763052/,
https://hayat.ba/sve-je-moguce-u-slucaju-dine-konakovica-prvo-diplomirao-pa-onda-za-12-dana-polozio-12-ispita/763068/,
https://hayat.ba/mirsad-mujic-generalni-direktor-bh-poste-porast-prihoda-najveceg-postanskog-operatera-u-bih/762872/,
https://hayat.ba/sta-stoji-iza-stalnih-napada-na-bosanske-ljiljane-mrze-bih-pa-i-njene-drzavne-simbole/762805/,
https://hayat.ba/ministrica-turkovic-u-palaci-na-ispracaju-preminule-kraljice-elizabethe-ii/762810/,
https://hayat.ba/dodik-ide-u-moskvu-sutra-se-sastaje-sa-putinom/762796/,
https://hayat.ba/izborni-sport-harisa-zahiragica-privukao-paznju-izgleda-da-se-sda-vraca-u-sarajevo/762775/,
https://hayat.ba/sarajevo-se-i-jutros-probudilo-u-smecu-dok-se-krnja-trojka-utrkuje-za-fotelje-gradanima-prijete-zaraze/762764/,
https://hayat.ba/kroz-federaciju-bih-ce-se-graditi-110-kilometara-autoceste-raspisani-tenderi-za-dva-najkompleksnija-projekta/762732/,
https://hayat.ba/milorad-dodik-otkrio-karte-govori-opet-o-nepostojecoj-drzavi/762756/,
https://hayat.ba/otimacina-na-vojinov-nacin-da-li-ce-se-novac-iz-drzavne-kase-sliti-u-privatne-dzepove/762660/,
https://hayat.ba/srbija-ce-priznati-kosovo-a-zauzvrat-ce-dobiti-status-regionalne-sile-biserko-i-tahirovic-za-hayat/762588/,
https://hayat.ba/skup-pokreta-za-drzavu-prijedor-je-srce-krajine-i-bih/762645/,
https://hayat.ba/izetbegovic-na-druzenju-u-sarajevu-gradani-ce-sve-reci-2-oktobra-kada-ce-birati-sigurno/762602/,
https://hayat.ba/kahriman-dobit-bh-telecoma-veca-od-20-miliona-km/762585/,
https://hayat.ba/krcata-sala-na-skupu-sbb-a-brcko-distrikt-treba-biti-tacka-spajanja-dva-entiteta-i-cijele-bih-a-ne-tacka-razdvajanja/762539/,
https://hayat.ba/trivic-jeftini-falsifikat-snsd-a-dodik-i-vulic-diktirali-mazalici-pa-on-sve-preveo-uz-pomoc-google-translate/762530/,
https://hayat.ba/kandidatkinja-za-parlament-pohvalila-se-da-je-klepila-psa-kisobranom-dok-je-spavao-uslijedile-reakcije/762477/,
https://hayat.ba/sonja-biserko-i-murat-tahirovic-gosti-emisije-sedam-plus/762101/,
https://hayat.ba/zeljko-komsic-poslao-poruku-visokom-predstavniku-to-sto-pokusavate-nametnuti-probajte-u-svojoj-zemlji/762217/,
https://hayat.ba/ministrica-turkovic-u-ime-bih-odala-pocast-preminuloj-kraljici-elizabeti/762184/,
https://hayat.ba/magazinovic-pozvao-zeljkovica-i-sve-koji-su-podigli-ruku-za-utakmicu-sa-rusijom-da-podnesu-ostavke/762127/,
https://hayat.ba/drasko-stanivukovic-imao-saobracajnu-nesrecu-kod-banje-luke/762112/,
https://hayat.ba/odrzan-skup-sda-tuzla-u-siminom-hanu-mi-smo-siguran-izbor-za-izazove-pred-nama/762100/,
https://hayat.ba/esselamu-alejkum-pomaze-bog-hvaljen-isus-mijatovic-odusevio-okupljene-na-tribini-pokreta-za-drzavu-u-bosanskoj-gradisci/762007/,
https://hayat.ba/mladenci-nisu-skrivali-radost-zeljko-komsic-se-pojavio-na-svadbi-u-gorazdu/761998/,
https://hayat.ba/hrvatska-vojska-vise-nikad-nece-krociti-na-tlo-bih-kao-tokom-agresije-avdovic-za-hayat/761759/,
https://hayat.ba/schmidt-o-milanovicevom-negiranju-genocida-cinjenice-o-srebrenici-su-jasne-i-dobro-utvrdene/761969/,
https://hayat.ba/izetbegovic-na-skupu-sa-mladima-odlazak-iz-bih-je-najveci-problem-podici-cemo-zivotni-standard-kako-bismo-vas-zadrzali/761837/,
https://hayat.ba/novalic-objavio-fotografiju-sa-izetbegovicem-i-najavio-pobjedu/761801/,
https://hayat.ba/ministrica-turkovic-postupa-drzavnicki-protiveci-se-izjavama-milanovica-koji-negira-genocid-avdovic-u-7plus/761778/,
https://hayat.ba/dodik-s-pantovcaka/761748/,
https://hayat.ba/dzindic-porucio-struja-nece-poskupjeti/761557/,
https://hayat.ba/predizborna-igra-brojki-kandidati-za-predsjednistvo-bih-mogli-bi-imati-rekordan-broj-glasova/761430/,
https://hayat.ba/za-ulazak-u-parlament-bih-treba-oko-29-000-glasova/761278/,
https://hayat.ba/radoncic-mora-prestati-praksa-mijesanja-politike-u-pravosude/761265/,
https://hayat.ba/ima-li-dodik-opremu-da-prisluskuje-strane-diplomate/761235/,
https://hayat.ba/turkovic-upozorava-milanovic-najavljuje-hrvatske-trupe-u-bih-dok-negira-genocid/761172/,
https://hayat.ba/izetbegovic-u-narednom-mandatu-cemo-napraviti-najveci-postratni-pomak-u-vladavini-zakona-ekonomiji-izgradnji-i-zivotnom-standardu/761096/,
https://hayat.ba/ahatovic-za-hayat-upozorava-vise-niko-ne-zna-po-kakve-instrukcije-dodik-ide-u-moskvu-bojim-se-da-rusija-ne-krene-donom/761173/,
https://hayat.ba/becirovic-sredine-poput-varesa-najbolji-su-dokaz-besmisla-koncepta-tzv-legitimnog-predstavljanja/761145/,
https://hayat.ba/turkovic-na-sastanku-svjetske-banke-i-imf-a-vjerujem-da-su-nasi-gosti-ponijeli-lijepa-iskustva-i-uspomene-iz-bih/761090/,
https://hayat.ba/ahatovic-za-hayat-ako-rusija-ulozi-veto-na-misiju-eufor-a-bez-20-000-vojnika-nato-a-u-bih-nemamo-sta-pricati/761086/,
https://hayat.ba/bratic-u-ddbih-milanovic-i-dodik-imaju-slicne-ali-neostvarive-ciljeve-stete-svim-narodima-u-bih/760985/,
https://hayat.ba/colakovic-za-hayat-o-projektima-za-boracku-populaciju-u-zdk-stipendije-egzistencijalne-naknade-i-podrska-privrednicima/760996/,
https://hayat.ba/vijesti-u-7-radovi-na-izgradnji-tramvajske-pruge-do-cengic-vile-ne-naziru-se-kraju/760979/,
https://hayat.ba/novalic-s-predstavnicima-ministarstava-zdravstva-tk-i-fbih-posjetio-opcu-bolnicu-u-gracanici/760886/,
https://hayat.ba/milion-maraka-za-program-samozaposljavanja-boracke-populacije-u-zdk-ministar-colakovic-gost-emisije-dobar-dan-bih/760853/,
https://hayat.ba/u-celicu-svecano-otvoren-novi-bh-telecom-centar/760792/,
https://hayat.ba/stranacki-autobus-hdz-a-bih-preticao-na-punoj-liniji/760756/,
https://hayat.ba/izetbegovic-u-kalesiji-razgovarao-i-fotografisao-se-sa-gradanima/760801/,
https://hayat.ba/gradani-sarajeva-uskoro-do-trebevica-kracim-putem-najavljena-rekonstrukcija-apelove-ceste/760525/,
https://hayat.ba/ambasada-sad-a-rs-nije-drzava-to-je-nas-stav-vec-27-godina-dodikovi-komentari-ne-zavreduju-odgovor/760556/,
https://hayat.ba/bit-ce-potrebno-2-000-na-bh-gradilistima-angazirano-vise-500-radnika-koji-nisu-iz-bih/760612/,
https://hayat.ba/novalic-posjetio-skladiste-robnih-rezervi-u-visokom/760628/,
https://hayat.ba/odrzana-4-sarajevo-techlab-konferencija-bh-telecoma-digitalnom-transformacijom-oblikujemo-buducnost/760646/,
https://hayat.ba/ministrica-turkovic-ce-predstavljati-bih-na-sahrani-kraljice-elizabete-ii/760614/,
https://hayat.ba/nova-pohvala-pacijenta-za-kcus-i-prof-dr-sebiju-izetbegovic-ovdje-sam-stekao-prijatelje/760388/,
https://hayat.ba/odluka-bh-opcine-po-500-km-majkama-sa-blizancima-troje-i-vise-djece/760406/,
https://hayat.ba/dodikov-savjetnik-priznao-sve-mi-smo-saveznici-sa-covicem-koji-kaze-cuvajte-rs-i-milanovicem-koji-kaze-rs-je/760338/,
https://hayat.ba/tenzije-i-pretenzije-patrijarh-o-promjeni-granica-vucic-o-velikoj-ljubavi-dodik-o-ujedinjenju/760342/,
https://hayat.ba/30-godina-saradnje-svjetske-banke-i-bih-kako-prevladati-krizu/760223/,
https://hayat.ba/druzenje-simpatizera-sda-i-gradana-u-starom-gradu-s-bakirom-izetbegovicem-izbori-od-velike-vaznosti-za-buducnost-drzave/760305/,
https://hayat.ba/novalic-s-delegacijom-mmf-a-moramo-zastititi-gradane-od-rasta-cijena-hrane-i-energenata/760248/,
https://hayat.ba/zalosno-je-da-milanovic-negira-genocid-dodik-je-samo-pijun-korajlic-za-hayat-hvala-bogu-pa-imamo-podrsku-amerike/760219/,
https://hayat.ba/pucnji-u-prazno-dodik-obmanjuje-javnost-o-velicini-svoje-moci/760204/,
https://hayat.ba/skupstina-bpk-a-usvojila-zakon-porodiljama-naknada-od-1-000-km/760202/,
https://hayat.ba/vucic-posjetio-bn-televiziju-koja-ratuje-s-dodikom-je-li-ovo-poruka-lideru-snsd-a/760194/,
https://hayat.ba/irfan-halilagic-za-hayat-ispunili-smo-obecanje-sada-rjesavamo-problem-ukc-tuzla/760147/,
https://hayat.ba/dodik-i-milanovic-su-jarani-jer-imaju-istog-finansijera-gjenero-u-emisiji-dobar-dan-bih/760119/,
https://hayat.ba/premijer-halilagic-za-hayat-osigurali-smo-sredstva-za-liftove-u-ukc-tuzla/760159/,
https://hayat.ba/turkovic-na-skupu-konstituence-zelimo-unaprijediti-odnos-sa-svjetskom-bankom/760137/,
https://hayat.ba/ef-ceric-svi-koji-su-se-igrali-vatrom-oko-bosne-i-u-bosni-zvrsavali-su-na-smetljistu-historije/760071/,
https://hayat.ba/vanredna-sjednica-predsjednistva-bih-ce-izdvojiti-milion-maraka-za-pomoc-pakistanu/759958/,
https://hayat.ba/malinari-u-usk-u-u-neizvjesnosti-zbog-pada-otkupne-cijene-maline/759762/,
https://hayat.ba/hadzibajric-majkama-srebrenice-ne-smije-nista-nedostajati-a-povratnike-obilazimo-dva-do-tri-puta-godisnje/759991/
https://hayat.ba/zestoka-reakcija-ministrice-turkovic-zlocinac-i-koljac-ratko-mladic-mora-ostati-do-kraja-zivota-iza-resetaka/759995/,
https://hayat.ba/sa-davorom-gjenerom-razgovaramo-o-posljednjem-ispadu-zorana-milanovica/759833/,
https://hayat.ba/milanovic-objasnio-zasto-je-isao-privatno-na-dodikovo-imanje/759861/,
https://hayat.ba/konferencija-bh-telecoma-4-sarajevo-techlab-pametni-gradovi-nisu-buducnost-vec-sadasnjost/759843/,
https://hayat.ba/sarajevo-domacin-sastanka-grupa-zemalja-clanica-svjetske-banke-i-mmf-a-obustaviti-inflaciju-i-obuzdati-energetsku-nesigurnost/759774/,
https://hayat.ba/oglasila-se-ambasada-sad-a-bahacenje-dodika-ne-moze-promijeniti-cinjenicu-da-rs-nije-drzava/759794/,
https://hayat.ba/hercegovacka-firma-svim-zaposlenima-isplatila-novcanu-pomoc-od-1-000-km/759763/,
https://hayat.ba/izetbegovic-o-dodikovoj-skandaloznoj-izjavi-nisu-nas-tjerali-da-cuvamo-bogomolje-sirom-bih-to-je-dio-nas/759735/,
https://hayat.ba/turkovic-se-sastala-sa-delegacijom-vlade-ukrajine-podrska-borbi-ukrajinskog-naroda-za-slobodu-mir-i-teritorijalni-integritet/759704/,
https://hayat.ba/nove-dodikove-provokacije-vucicu-poklonio-bijeljinu/759692/,
https://hayat.ba/novi-udar-sarajevske-kantonalne-vlasti-sada-su-udarili-po-dzepu-studenata/759650/,
https://hayat.ba/mehmedovic-ostro-porucio-zovko-vas-plan-da-izbornim-zakonom-dodete-do-entiteta-je-pao-u-vodu/759644/,
https://hayat.ba/weber-za-7-plus-dodika-od-evropskih-sankcija-cuvaju-madarska-i-hrvatska/759371/,
https://hayat.ba/ministre-bevanda-progovori-ili-odstupi-jos-uvijek-nema-rezultata-istrage-o-teroristickom-cinu-na-partizanskom-groblju/759554/,
https://hayat.ba/dodik-na-skupu-priznao-da-prisluskuje-americkog-ambasadora-prije-to-nisi-smio-ni-zamislit-sad-ga-samo-kliknemo/759509/,
https://hayat.ba/izetbegovic-u-zavidovicima-moramo-biti-jaki-i-snazni-da-bi-bosna-bila-mirna/759463/,
https://hayat.ba/lagumdzija-da-li-nas-je-eu-ostavila-da-cekamo-rusku-specijalnu-vojnu-operaciju/759415/,
https://hayat.ba/kod-vranica-moze-sve-imenovao-sekretarku-amru-isic-u-skoro-sve-komisije/759396/,
https://hayat.ba/avdic-i-weber-za-hayat-o-danasnjoj-sjednici-nsrs-dodik-ocekivao-politicke-poene-a-dozivio-debakl/759364/,
https://hayat.ba/novalic-najavio-pobjedu-sda-predsjednik-izetbegovic-uziva-povjerenje/759372/,
https://hayat.ba/bez-podrske-vucica-rusija-ne-bi-mogla-da-djeluje-u-bih-i-crnoj-gori-vuletic-za-hayat-i-o-sjednici-nsrs/759262/,
https://hayat.ba/brojne-reakcije-na-negiranje-genocida-zorana-milanovica/759257/,
https://hayat.ba/ramic-direktan-u-nsrs-ne-postoji-srpski-clan-predsjednistva-bih/759274/,
https://hayat.ba/lani-pudar-urucen-diplomatski-pasos-bosne-i-hercegovine/759205/,
https://hayat.ba/begija-smajic-nije-tacno-da-muslimani-i-hriscani-ne-mogu-zivjeti-u-harmoniji-u-bih/759209/,
https://hayat.ba/dodiku-kao-i-putinu-kola-krenula-niz-brdo-nije-dobio-podrsku-za-blokadu-dolaska-njemackog-ambasadora-u-bih/759150/,
https://hayat.ba/nacelnik-hadzibajric-u-potocarima-majke-tvrde-da-im-je-ovo-posebna-i-znacajna-posjeta/758998/,
https://hayat.ba/bosanac-i-hercegovac-101-posto-mijatovic-zacepio-usta-dodiku/759027/,
https://hayat.ba/o-americkoj-obavjestajnoj-objavi-ko-su-ruski-igraci-na-balkanu-u-dobar-dan-bih-govori-zoran-vuletic/759045/,
https://hayat.ba/novalic-o-jednokratnoj-pomoci-radnicima-realni-sektor-ce-gotovo-sav-isplatiti-osim-ko-je-u-gubitku/758992/,
https://hayat.ba/dodik-i-na-ovoj-posebnoj-sjednici-nsrs-a-ponovio-za-bih-se-ne-treba-vezivati-da-ne-zalimo-kad-odemo/758994/,
https://hayat.ba/domace-je-najbolje-efendic-pokazao-zlatna-polja-u-opcini-novi-grad-sarajevo/758939/,
https://hayat.ba/zoran-milanovic-sinoc-boravio-tri-sata-na-privatnom-imanju-milorada-dodika/758812/,
https://hayat.ba/kasumovic-opet-slagao-raskrinkao-ga-bivsi-direktor-zenicatransa/758748/,
https://hayat.ba/prst-u-oko-predsjedniku-srbije-vucic-zavrce-dodiku-ruku-lider-snsd-a-napravio-je-veliku-gresku/758714/,
https://hayat.ba/salkic-ohr-u-i-pic-u-entitet-rs-nastavlja-krsiti-odluke-visokog-predstavnika-i-ustavnog-suda-poduzmite-akcije/758572/,
https://hayat.ba/putinu-nije-bitno-sta-dodik-misli-o-eufor-u-jer-gleda-svoj-interes-kozljak-za-hayat/758564/,
https://hayat.ba/sve-za-kampanju-dodik-pocastio-radnike-u-kampusu-sa-50-km/758540/,
https://hayat.ba/izetbegovic-mi-postujemo-i-cuvamo-sve-sto-je-bih-i-njene-nekropole-i-crkve-i-bosanske-kraljeve-i-titove-partizane-sve-je-to-nase/758587/,
https://hayat.ba/snsd-u-smeta-da-gradani-sipaju-jeftinije-gorivo-pa-nisu-dosli-na-sjednicu/758623/,
https://hayat.ba/zamislite-ovi-hoce-da-nas-vode-medicinarka-bi-da-kasumovic-bude-sef-u-dzennetu/758507/,
https://hayat.ba/cavara-da-te-naucimo-historiji-jajce-je-stari-bosanski-kraljevski-grad-a-ne-hrvatski/758496/,
https://hayat.ba/izetbegovic-prosetao-bascarsijom-prilazili-su-mu-sa-svih-strana/758325/
https://hayat.ba/vise-od-800-pripadnika-osbih-na-vjezbi-kombinovani-napor-22/758254/,
https://hayat.ba/novalic-se-upisao-u-knjigu-zalosti-povodom-smrti-kraljice-elizabete/758234/,
https://hayat.ba/o-prijateljskoj-utakmici-bih-sa-rusijom-govori-vlatko-glavas-dobar-dan-bih-od-1630/758137/,
https://hayat.ba/otvoreni-studio-sa-guvernerom-softicem-o-jubileju-centralne-banke-bih-i-globalnoj-inflaciji/758136/,
https://hayat.ba/nesavjesni-vozaci-ugrozavaju-zivote-pjesaka-mirza-ramic-brine-o-gradanima-ovo-je-njegova-inicijativa/758020/,
https://hayat.ba/izetbegovic-narod-je-upoznao-ove-u-kantonu-sarajevo-i-vidio-da-ne-znaju-bolje/758066/,
https://hayat.ba/ko-sda-sarajevo-konakovic-nastavlja-predizborno-uhljebljavanje/757981/,
https://hayat.ba/milanovic-danas-u-posjeti-bih/757935/,
https://hayat.ba/uskoro-otvaranje-bazena-na-fakultetu-sporta-i-tjelesnog-odgoja-u-sarajevu/757895/,
https://hayat.ba/novcem-gradana-zele-popravljati-imidz-kjkp-rad-trojka-zeli-uloziti-79-000-maraka-u-facebook-instagram-tiktok/757854/,
https://hayat.ba/begic-molim-covica-da-zaobilazi-banja-luku-i-ne-dolazi-kad-mu-trebaju-glasovi-ne-trebaju-nam-njegove-lazi/757882/,
https://hayat.ba/izetbegovic-na-skupu-sda-u-naselju-hrasno-brdo-nesto-je-proradilo-u-narodu-vraca-sve-svojoj-stranci/757831/,
https://hayat.ba/roditelji-djevojcice-dzene-gadzun-vec-deset-mjeseci-cekaju-pravdu-propusti-odgovornih-jos-se-utvrduju/757793/,
https://hayat.ba/reakcije-iz-entiteta-rs-o-smrti-zlocinca-brdanina-dodik-potresen-cvijanovic-u-zalosti-viskovic-ga-hvali/757639/,
https://hayat.ba/radoncic-u-novom-travniku-odao-pocast-poginulim-borcima-armije-republike-bosne-i-hercegovine/757742/,
https://hayat.ba/koji-je-problem-nase-stranke-sa-britanskom-krunom-najvece-smece-na-svijetu-smrt-kraljevstvu/757711/,
https://hayat.ba/dzaferovic-objasnio-zasto-nije-bilo-deklaracije-procesa-brdo-brijuni-konstitutivnost-je-unutrasnje-pitanje-bih/757690/,
https://hayat.ba/komsic-ucesce-vojske-hrvatske-u-eufor-u-je-neprihvatljivo/757657/,
https://hayat.ba/ministar-delic-izazvao-podsmijeh-na-drustvenim-mrezama-ne-stedi-rijeci-hvale-za-konakovica-zajedno-cemo-predsjednice/757633/,
https://hayat.ba/po-2-000-km-dobiti-ce-poljoprivrednici-ove-opcine/757504/,
https://hayat.ba/ambasador-murphy-velike-korumpirane-ribe-su-na-slobodi-pravosude-se-mora-ocistiti/757604/,
https://hayat.ba/komisija-usaglasila-da-akcize-na-gorivo-budu-ukinute-na-period-od-sest-mjeseci/757628/,
https://hayat.ba/prijem-u-opcini-vogosca-davud-zeco-je-jedan-od-najmladih-hafiza-u-bih/757315/,
https://hayat.ba/zajednicka-deklaracija-na-skupu-brdo-briouni-mozda-nece-biti-usvojena-bih-se-protivi-tekstu-hrvatske/757389/,
https://hayat.ba/americka-ambasadorica-u-nato-u-stigla-u-posjetu-bih/757398/,
https://hayat.ba/turkovic-se-upisala-u-knjigu-zalosti-povodom-smrti-kraljice-elizabethe-ii/757372/,
https://hayat.ba/sarajlija-kritikovao-trojku-zbog-rekonstrukcije-pruge-kolaps-saobracaja-probijanje-rokova-i-milionska-zaduzenja/757347/,
https://hayat.ba/nasmijani-mjestani-hrastova-srdacno-docekali-sebiju-izetbegovic-mahala-koja-je-uvijek-sigurno-uz-sda/757311/,
https://hayat.ba/danas-usaglasavanje-zakona-o-ukidanju-akciza-koje-su-sanse-da-snsd-i-hdz-prihvate/757333/,
https://hayat.ba/politolog-mujanovic-upozorava-zabrinjavajuca-glasina-vezana-za-eufor-u-bih-u-podvali-ucestvuju-i-dvije-clanice-nato-a/757223/,
https://hayat.ba/selmanovic-nemojte-birati-ljude-koji-promjenama-smatraju-zamjenu-loga-stranke/757144/,
https://hayat.ba/mijatovic-izmamio-ovacije-u-trebinju-ni-dodikovog-aerodroma-ni-vukanovica-sa-zastavom-bih/757074/,
https://hayat.ba/clanica-nip-a-pocijepala-plakat-elvedina-okerica-prepiru-se-bez-ikakvog-pomaka-nista-se-nije-uradilo/757103/,
https://hayat.ba/mandra-na-otvorenju-dzamije-u-kacunima-divno-je-vidjeti-odnos-3000-dusa-prema-vjeri-i-zajednici/756799/,
https://hayat.ba/colpa-za-hayat-irfan-duric-je-pet-dana-ranije-znao-za-utakmicu-sa-rusijom/756835/,
https://hayat.ba/zagrljaji-i-osmijesi-na-susretu-gradonacelnika-ljubljane-i-dodika/756759/,
https://hayat.ba/srdacan-susret-izetbegovica-i-fratara-na-otvaranju-dzamije-u-kacunima/756733/,
https://hayat.ba/ovo-je-novi-biser-srednje-bosne-turkovic-na-otvorenju-dzamije-u-kacunima/756702/,
https://hayat.ba/drljaca-novi-model-finansiranja-zavoda-pazaric-bakovici-drin-ljubuski-i-sarajevo/756516/,
https://hayat.ba/veliki-broj-vjernika-na-otvorenju-dzamije-u-kacunima-prisustvovao-i-izetbegovic/756635/,
https://hayat.ba/sda-u-seocima-skup-u-areni-pokazao-da-becirovic-nema-podrsku-naroda/756543/,
https://hayat.ba/uoci-izbora-2022-bosnjaci-su-na-historijskoj-prekretnici/756426/,
https://hayat.ba/rijana-jusufbegovic-uvidaju-razliku-zato-se-sda-u-pridruzuje-sve-veci-broj-mladih-i-skolovanih-ljudi/756382/,
https://hayat.ba/komsic-niste-mogli-ni-92-nisu-mogli-ni-karadzic-ni-tudman-nece-moci-ni-dragan-ni-milorad/756362/,
https://hayat.ba/mijatovic-na-skupu-pokreta-za-drzavu-edin-ramic-i-ja-nismo-se-ni-znali-izgovorili-smo-svasta-jedan-drugom/756345/,
https://hayat.ba/sistem-u-bih-je-ranjiv-i-bez-zastite-moze-li-to-rusija-iskoristiti-da-utjece-na-rezultat-izbora/756330/,
https://hayat.ba/nacelnik-dautovic-se-oglasio-o-izgradnji-spomen-parka-ljuta-greda-sire-se-dezinformacije/756314/,
https://hayat.ba/osam-povratnickih-porodica-u-novom-gorazdu-dobilo-donaciju-za-izgradnju-i-rekonstrukciju-kuca/756247/,
https://hayat.ba/komsic-znam-sta-dusmani-ove-zemlje-misle-o-meni-i-zato-me-bas-briga-nisam-ja-manje-hrvat-ako-zelim-gradansku-bih/756273/,
https://hayat.ba/izetbegovic-na-sve-blokade-i-opstrukcije-smo-imali-odgovor-samo-mi-iz-sda/756200/,
https://hayat.ba/dodik-se-prikazuje-kao-prijatelj-rusije-radi-dobijanja-glasova-amerika-ce-vojno-pomoci-bih-zecevic-u-7plus/756129/,
https://hayat.ba/becirovic-mi-smo-ujedinjeni-za-slobodnu-bih/756044/,
https://hayat.ba/novalic-banovici-su-dosli-u-srediste-paznje-imaju-potencijala-da-tu-priliku-iskoriste/756072/,
https://hayat.ba/ambasadorica-mlinarevic-odgovorila-na-hdz-ove-provokacije-ako-kristo-pobijedi-dajem-ostavku/755977/,
https://hayat.ba/izetbegovic-u-posjeti-banovicima-urucio-pobjednicki-pehar-pobjednicima-turnira/756105/,
https://hayat.ba/obiljezena-27-godisnjica-oslobodenja-vozuce/755997/,
https://hayat.ba/srdacan-susret-izetbegovica-i-novalica-stigao-je-lider/756021/,
https://hayat.ba/hadzihafizbegovic-odgovorio-besliji-sijecete-glave-prije-presude-ko-ste-vi-da-sudite/756048/,
https://hayat.ba/nasa-stranka-i-razvlacenje-bosnjacke-pameti-vjestina-je-vladati-kada-neistomisljenicima-date-slobodu-da-govore/755954/,
https://hayat.ba/halilovic-zakon-o-socijalnoj-zastiti-bpk-u-skupstinskoj-proceduri/755791/,
https://hayat.ba/rjesavanje-konkurencije-preko-sky-a-zasto-je-kajganic-kaznio-olega-cavku-i-dianu-kajmakovic-a-sacuvao-pasica-i-dubravka-camparu-cije-se-ime-takoder-pominje-u-aplikaciji-sky/755867/,
https://hayat.ba/sda-odluka-nogometnog-saveza-donesena-pod-ruskim-politickim-utjecajem-mora-biti-ponistena/755744/,
https://hayat.ba/izetbegovic-o-pobjedi-sda-mi-smo-pisali-historiju-dok-je-becirovic-pisao-pisma-koja-su-nas-kostala-dva-miliona/755631/,
https://hayat.ba/kako-je-dogovorena-utakmica-zmajeva-sa-rusima-irfan-duric-opet-u-sluzbi-sestrica-milorada-dodika/755648/,
https://hayat.ba/hamdija-abdic-tigar-o-odluci-fudbalskog-saveza-da-igramo-sa-rusijom-to-je-van-svake-pameti/755407/,
https://hayat.ba/zeljko-komsic-ta-utakmica-nece-biti-odigrana/755512/,
https://hayat.ba/bivsi-reprezentativac-kritikovao-savez-vico-radi-po-nalogu-dodika-podrzavaju-agresora/755484/,
https://hayat.ba/izetbegovic-borit-cemo-se-protiv-korupcije-te-graditi-drzavu-i-provoditi-reforme-kao-nikada-do-sada/755446/,
https://hayat.ba/dodik-se-panicno-zaduzuje-za-nekoliko-sedmica-rs-zaduzila-gradane-za-110-miliona-km-ukupan-dug-entiteta-premasio-6-milijardi-km/755383/,
https://hayat.ba/ruskom-agresoru-na-megdan-pet-nitkova-iz-nogometnog-saveza-nanosi-civilizacijsku-sramotu-bosni-i-hercegovini/755370/,
https://hayat.ba/oglasio-se-irfan-duric-bio-sam-protiv-da-igramo-sa-rusima/755177/,
https://hayat.ba/izvrsni-odbor-fs-kantona-sarajevo-sazvao-vanrednu-sjednicu-jer-je-colpa-odobrio-mec-s-rusijom/755435/,
https://hayat.ba/ono-sto-se-desava-u-bih-utice-na-cijelu-evropu-svicarska-ministrica-odbrane-u-posjeti-bih/755033/,
https://hayat.ba/svi-na-nogama-pogledajte-kako-su-izetbegovica-srdacno-docekali-u-sericima-kod-zenice/754984/,
https://hayat.ba/komsic-vojna-pomoc-sad-a-rezultat-borbe-za-anp-vjezbi-na-manjaci-i-suprostavljanju-ruskom-utjecaju/754934/,
https://hayat.ba/cast-i-dostojanstvo-muderrisa-su-nepovredivi-nisu-samo-onima-bez-casti-i-dostojanstva/754895/,
https://hayat.ba/opcina-stari-grad-odbila-zahtjev-karic-ne-zna-da-je-ademovic-trazio-novac-za-bolji-imidz-kjkp-rad/754846/,
https://hayat.ba/hadzihafizbegovic-o-smjeni-vlada-ks-narusila-je-pravni-sistem-ima-elemenata-krivicnog-djela/754857/,
https://hayat.ba/ovaj-nip-ovac-tvrdi-da-selam-nije-pozdrav-brze-bolje-izbrisao-status/754433/,
https://hayat.ba/dok-kanton-sarajevo-vapi-za-funkcionalnom-vlascu-premijeru-forti-je-do-pjesme/754772/,
https://hayat.ba/odluka-je-donesena-ukoliko-rusija-blokira-novi-mandat-eufor-a-u-bih-dolaze-nato-snage/754761/,
https://hayat.ba/dok-penzioneri-rove-po-kontejnerima-dodik-siguran-da-nema-boljeg-od-njega/754687/,
https://hayat.ba/sda-lista-konakovicevih-kadrova-zaposlenih-u-ks-potvrduje-da-je-on-lazirao-svoju-politicku-agendu/754669/,
https://hayat.ba/hadzihafizbegovic-ipak-smijenjen-s-funkcije-direktora-kamernog-teatra-55/754629/,
https://hayat.ba/tuzno-je-da-u-bih-moramo-lobirati-za-vladavinu-prava-poruke-erdogana-poraz-za-hrvatsku-begic-i-cidic-u-7plus/754445/,
https://hayat.ba/izetbegovic-u-brckom-ako-budemo-imali-stabilnost-penzije-i-place-ce-na-kraju-narednog-mandata-biti-50-posto-vece/754543/,
https://hayat.ba/predsjedavajuci-predsjednistva-dzaferovic-uputio-telegram-sauceca-kraljevskoj-porodici/754500/,
https://hayat.ba/ministrica-sinanovic-u-ddbih-o-pocetku-isplate-naknada-porodiljama-u-zdk-najavila-i-pomoc-bivsim-radnicima-krivaje/754393/,
https://hayat.ba/anis-krivic-do-daljnjeg-u-nadzornom-odboru-cesta-fbih/754136/,https://archive.is/kPBJ4
https://hayat.ba/prosvjetari-u-ovom-kantonu-zadovoljni-potpisani-novi-kolektivni-ugovori/754155/,https://archive.is/yGVXr
https://hayat.ba/o-rezultatima-posjete-predsjednika-turske-hrvatskoj-i-porukama-za-bih-razgovaramo-sa-branimirom-vidmarovicem/754160/,https://archive.is/0pAob
https://hayat.ba/vlada-fbih-trazi-da-se-produzi-zabrana-izvoza-ogrjevnog-drveta-i-peleta-ministar-poziva-na-drustvenu-odgovornost-i-socijalnu-osjetljivost/754127/,https://archive.is/3xzqg
https://hayat.ba/zestok-okrsaj-sanele-prasovic-gadzo-i-elmedina-konakovica-veoma-si-nervozan-znaci-ti-licno-stojis-iza-uhljebljavanja-nip-ovaca/754012/,https://archive.is/5CTrE
https://hayat.ba/andelija-elektricna-energija-ne-moze-biti-osnovni-energent-za-zagrijavanje/753905/,https://archive.is/xlxSo
https://hayat.ba/zima-se-blizi-cijene-ogrjeva-lete-u-nebo/753893/,https://archive.is/mCcG6
https://hayat.ba/emir-hadzihafizbegovic-ostaje-direktor-kamernog-teatra-55/754018/,https://archive.is/cVwwv
https://hayat.ba/neposredno-pred-izbore-dodik-se-sastaje-s-putinom-u-moskvi/754024/,https://archive.is/DBvWy
https://hayat.ba/mijatovic-zestoko-odbrusio-sabur-hajvani-vase-vrijeme-je-proslo/753990/,https://archive.is/g6azh
https://hayat.ba/u-bh-gradu-otkriven-spomenik-gastarbajterima/753939/,
https://hayat.ba/komsic-uzvraca-udarac-gledam-kako-hdz-odgovara-i-spominju-herceg-bosnu-e-hajde-bujrum-bas-da-vidimo-sta-cete-da-uradite/753929/,
https://hayat.ba/gdje-drzavljani-bih-mogu-samo-sa-licnim-kartama/753868/,
https://hayat.ba/dodikova-odluka-ugrozava-100-hiljada-nasih-ljudi-u-njemackoj/753799/,
https://hayat.ba/ima-hrvata-i-izvan-hdz-a-ne-moze-se-izborni-zakon-mijenjati-tako-da-se-nanese-steta-drugima-kozar-za-hayat/753805/,
https://hayat.ba/ssb-erdogan-ne-smije-bosnjake-gurati-protiv-zapada/753821/,
https://hayat.ba/profesorica-izetbegovic-o-kandidaturi-za-skupstinu-ks-kada-udem-to-ce-biti-spektakl-sigurno/753812/,
https://hayat.ba/visoki-predstavnik-ima-pravo-da-donosi-odluke-ali-mora-biti-svjestan-i-posljedica-dzonlagic-za-hayat/753737/,
https://hayat.ba/canak-ukazao-na-skandal-profesor-u-novom-sadu-rekao-ucenicima-da-su-bosnjaci-izmisljen-narod/753479/,
https://hayat.ba/premijer-novalic-ponudio-rjesenja-za-smjestaj-kinoteke-bih/753510/,
https://hayat.ba/potpisani-ugovori-o-finansiranju-razvoja-poduzetnickih-zona-u-fbih/753458/,
https://hayat.ba/komsic-cestitao-truss-vasa-podrska-nam-mnogo-znaci-u-borbi-sa-zlocudnim-utjecajem-rusije-u-bih/753360/,
https://hayat.ba/svojom-zrtvom-su-pokazali-kako-se-voli-cuva-i-brani-domovina-obiljezena-29-godisnjica-pogibije-ratnih-komandanata-juge-i-imamovica/753351/,
https://hayat.ba/eu-donirala-terensko-vozilo-mup-u-bpk-gorazde-vrijedno-skoro-100-000-km/753339/,
https://hayat.ba/duro-kozar-gost-emisije-sedam-plus/753328/,
https://hayat.ba/obiljezavanje-27-godisnjice-genocida-u-srebrenici-u-tuzli-20-septembra-performans-cvijet-istine-i-nade/753332/,
https://hayat.ba/dobar-dan-bih-na-protestima-ispred-ohr-a-razgovaramo-sa-azrom-zornic-dzenanom-dzonlagicem-i-zijadom-becirovicem/753324/,
https://hayat.ba/manifestacija-prvacici-sretno-opcina-novi-grad-organizirala-zabavu-uz-poklone-za-vise-od-1-350-prvacica/753312/,
https://hayat.ba/u-bh-gradu-podignut-spomenik-gastarbajterima-u-nevolji-se-nisam-ponizavao-ni-u-dobru-uznosio/753273/,https://archive.is/RlcO6
https://hayat.ba/erdogan-pokazao-odlucnost-prema-bih-prisustvuje-poslovnom-forumu-privrednika-ove-dvije-zemlje/753019/,https://archive.is/h1ce9
https://hayat.ba/turski-predsjednik-recep-tayyip-erdogan-posjetio-reisul-ulemu-husein-ef-kavazovica/753034/,https://archive.is/wVbtd
https://hayat.ba/bez-prisustva-medija-erdogan-razgovarao-s-izetbegovicem/752972/,https://archive.is/xXQtU
https://hayat.ba/dzaferovic-s-poslovnog-foruma-republika-turska-ima-specijalan-znacaj-za-bih/753026/,https://archive.is/ZGuUE
https://hayat.ba/erdogan-cijelom-svijetu-pokazao-koliko-cijeni-izetbegovica-s-miloscu-velikom-vodi/753063/,https://archive.is/2OtWJ
https://hayat.ba/znacajna-posjeta-erdogana-bih-evo-sta-bh-gradani-misle-o-njoj/753006/,https://archive.is/IosAQ
https://hayat.ba/erdogan-feto-postoji-i-u-bih-nose-masku-islama-a-ruke-su-im-krvave-ne-dozvolimo-da-se-i-ovdje-desi-ista-igra-kao-i-u-turskoj/753100/,https://archive.is/Jq7Bx
https://hayat.ba/zahvaljujuci-snsd-u-akcize-jos-nisu-ukinute-gradani-bih-placaju-najskuplje-namirnice/753109/,https://archive.is/KtMCe
https://hayat.ba/zbog-he-buk-bijela-viskovic-zaprijetio-bih-tuzbom-teskom-nekoliko-milijardi-km/753122/,https://archive.is/zKrqW
https://hayat.ba/od-prosjecne-bosanske-carsije-do-privrednog-cuda-u-planu-i-nove-investicije/753147/,https://archive.ph/w6u7k
https://hayat.ba/oni-su-napustili-moga-brata-bakira-govor-jednog-od-najmocnijih-predsjednika-uzburkao-duhove/753163/,https://archive.ph/M29l5
https://hayat.ba/sarovic-izjava-cvijanovicke-dokazuje-da-njima-nije-stalo-do-rs/753184/,https://archive.ph/Gusdz
https://hayat.ba/turkovic-na-aerodromu-docekala-erdogana-i-pozeljela-mu-dobrodoslicu/752488/,https://archive.ph/l4qRG
https://hayat.ba/jedno-pricaju-drugo-rade-ovo-su-kandidati-konakovicevog-nip-a-koji-su-se-uhljebili-u-institucijama-ks/752450/,https://web.archive.org/web/20220906102041/https://hayat.ba/jedno-pricaju-drugo-rade-ovo-su-kandidati-konakovicevog-nip-a-koji-su-se-uhljebili-u-institucijama-ks/752450/
https://hayat.ba/erdogan-u-sarajevu-u-toku-sastanak-sa-clanovima-predsjednistva-bih/752468/,https://archive.ph/OPKi7
https://hayat.ba/cikotic-i-lenarcic-potpisali-sporazum-civilna-zastita-u-bih-postaje-dio-mehanizma-eu/752542/,https://archive.ph/GbI9d
https://hayat.ba/vlada-se-bori-protiv-diskriminacije-dijela-boracke-populacije-odobreno-dodatnih-430-000-km/752578/,https://archive.ph/vsnXV
https://hayat.ba/ovo-je-pet-kandidata-na-izborima-u-bih-koji-su-na-crnim-listama-amerike-i-britanije/752404/,https://archive.ph/V8nnY
https://hayat.ba/jednoglasna-odluka-gradani-bih-moci-ce-u-tursku-samo-sa-licnom-kartom/752753/,https://archive.ph/SHFhx
https://hayat.ba/dzaferovic-turska-je-na-srcu-bosne-i-hercegovine/752750/,https://archive.ph/wcjUg
https://hayat.ba/vlada-fbih-gradovima-i-opcinama-uplacena-32-miliona-km/752688/,https://archive.ph/0bXym
https://hayat.ba/dzaferovic-i-dodik-se-sastali-sa-komesarom-eu-za-upravljanje-krizama-janezom-lenarcicem/752564/,https://archive.ph/3jWAr
https://hayat.ba/poceo-sastanak-erdogana-s-clanovima-predstavnickog-i-doma-naroda-parlamenta-bih/752915/,https://archive.ph/idVOv
https://hayat.ba/usaglasena-trasa-autoceste-beograd-sarajevo-koja-ce-prolaziti-kroz-brcko/752930/,https://archive.ph/JWAff
https://hayat.ba/nasa-amina-beso-zajedno-sa-erdoganom-i-izetbegovicem-na-mezarju-kovaci/752939/,https://archive.ph/AfT4E
https://hayat.ba/krajnje-je-vrijeme-da-se-prekinu-tradicionalne-forme-obrazovanja-bandic-u-otvorenom-studiju-uputila-poruku-ucenicima-i-nastavnicima/751997/,https://archive.ph/N7eh1
https://hayat.ba/lukac-razrijeseno-je-ubistvo-basica-redovi-mup-a-ce-biti-ocisceni-od-onih-koji-su-prodali-sebe-i-kolege/752043/,https://archive.ph/eNdH4
https://hayat.ba/komsic-u-brezi-najmanje-milion-nas-ima-za-gradansku-bih/752097/,https://archive.ph/gSxJs
https://hayat.ba/turkovic-posjetila-hemodijalizni-centar-kantonalne-bolnice-u-gorazdu/751971/,https://archive.ph/Uncmb
https://hayat.ba/mijatovic-poslali-smo-jasnu-poruku-dodikovom-rezimu-i-opoziciji-u-banjoj-luci-sinoc-je-bila-bh-reprezentacija/752122/,https://archive.ph/LJbch
https://hayat.ba/vlast-u-rs-u-nastavlja-realizaciju-ideje-srpskog-svijeta-zele-kreirati-identifikacione-kartice-za-sve-srbe/752149/,https://archive.ph/W0rz5
https://hayat.ba/erdogan-u-sarajevu-pomaci-u-vec-dobroj-saradnji-turske-i-bih/752178/,https://archive.ph/BxLdv
https://hayat.ba/novalic-zahvalan-gradacac-sigurno/752199/,https://archive.ph/EFKfA
https://hayat.ba/cikotic-lapandic-i-hebib-o-ulozi-armije-i-mup-a-rbih-u-odbrani-bih-od-agresije/752185/,https://archive.ph/uY34Z
https://hayat.ba/dodik-ne-mozete-stalno-nesto-kukati-obecat-cu-asfaltiranje-puta-ali-se-ne-mogu-sjetiti-kojeg/752244/,https://archive.ph/9wnIp
https://hayat.ba/federalni-parlamentarci-ce-i-ako-ne-bude-sjednica-u-septembru-uredno-dobiti-place-pausale-naknade/752277/,https://archive.ph/N3HlP
https://hayat.ba/velicanstven-skup-u-banja-luci-pokret-za-drzavu-pruza-ruku-i-pored-uvreda/751501/,https://archive.ph/420Bh
https://hayat.ba/kasumovic-zaboravite-podjele-oni-koji-odu-iz-sda-i-osnivaju-stranke-hoce-svoj-prosperitet-moramo-dati-podrsku-jednoj-partiji/751619/,https://archive.ph/JAkeH
https://hayat.ba/mandra-nastavimo-sigurno-i-odvazno-cuvati-jacati-i-graditi-nasu-bih/751733/,https://archive.ph/YbAop
https://hayat.ba/podzic-na-predizbornom-skupu-dodik-najavljivao-ukidanje-os-bih-a-na-manjaci-zavrsno-ocjenjivanje-jedinica-po-nato-standardima/751716/,https://archive.ph/d8eDa
https://hayat.ba/ministrica-turkovic-posjetila-bpk-gorazde-vlada-na-celu-sa-premijerkom-obucom-radi-odlicno/751775/,https://archive.ph/llziJ
https://hayat.ba/turkovic-uputila-cestitku-truss-vjerujem-da-ce-vasa-energija-i-vijernost-ojacati-veze-izmedu-bih-i-velike-britanije/751896/,https://archive.ph/AfywN
https://hayat.ba/premijer-novalic-i-ministar-dzindic-s-kineskim-ambasadorom-znatan-rast-ekonomske-saradnje/751889/,https://archive.ph/eMSad
https://hayat.ba/dzaferovic-uputio-cestitku-truss-pokazali-ste-da-ste-veliki-prijatelj-bih-i-njenih-gradana/752033/,https://archive.ph/tGRoh
https://hayat.ba/sjednica-predsjednistva-am-sda-u-zvorniku-koalicija-pokret-za-drzavu-potvrduje-drzavotvornu-svijest-i-politicku-odgovornost/750721/,https://archive.ph/UmQOk
https://hayat.ba/dodik-se-ovaj-put-nije-proslavio-za-mikrofonom-na-godisnjici-mature/750750/,https://archive.ph/9gP2o
https://hayat.ba/dzaferovic-uoci-erdoganove-posjete-turska-posvecuje-posebnu-paznju-bih-za-razliku-od-nekih-drugih-utjecaja-ima-konstruktivnu-ulogu/750799/,https://archive.ph/MLuE7
https://hayat.ba/dr-zalihic-pisao-na-facebooku-zasto-stati-uz-sda-i-bakira-izetbegovica/750947/,https://archive.ph/B19tP
https://hayat.ba/sda-predstavila-kandidate-za-izbore-iz-tk-cak-50-posto-mladih-od-40-godina-a-vise-od-90-posto-njih-je-sa-visokom-strucnom-spremom/750994/,https://archive.ph/5P7VX
https://hayat.ba/pred-pocetak-tribine-pokreta-za-drzavu-izetbegovic-niksic-mijatovic-i-ramic-prosetali-banjom-lukom/751251/,https://archive.ph/lMMaI
https://hayat.ba/komsic-borit-cemo-se-za-gradansku-drzavu-bez-obzira-na-galamu-stranaca/751342/,https://archive.ph/v75Sm
https://hayat.ba/pokret-za-drzavu-poceo-kampanju-u-banjoj-luci/751418/,https://archive.ph/EtnXU
https://hayat.ba/bakir-izetbegovic-srdacno-docekan-u-banjoj-luci-ovako-je-prosao-dan-na-vrbasu/751429/,https://archive.ph/uMHNj
https://hayat.ba/probosanske-stranke-u-banjoj-luci-osim-nase-stranke-nip-i-platforme-za-progres-pokazale-jedinstvo/751424/,https://archive.ph/MOF3s
https://hayat.ba/od-ponedjeljka-besplatni-higijenski-ulosci-u-srednjim-skolama-ks/749942/,https://archive.ph/X4aYa
https://hayat.ba/za-otcjepljenje-omarske-dodik-pruzio-podrsku-sta-ce-biti-sa-kozarcem/749925/,https://archive.ph/qPupB
https://hayat.ba/hdz-ne-misli-na-dobrobit-bh-hrvata-koji-zive-izvan-hercegovine-turkovic-za-hayat/749742/,https://archive.ph/uZ8sn
https://hayat.ba/dodikove-poteze-sarovic-nazvao-stetnim-dovodi-u-pitanje-egzistenciju-hiljada-porodica-nasih-radnika-u-njemackoj/749850/,https://archive.ph/zaMu9
https://hayat.ba/salkic-nase-jedinstvo-najveca-je-brana-onima-koji-nasrcu-na-nasu-domovinu-i-identitet/749676/,https://archive.ph/Bf6wx
https://hayat.ba/ministrica-turkovic-ima-odlicne-vijesti-bih-postala-clan-mehanizma-eu-za-civilnu-zastitu/749592/,https://archive.ph/En5yC
https://hayat.ba/za-gradane-koji-stede-struju-racuni-manji-30-do-100-posto/749429/,https://archive.ph/vJ4oI
https://hayat.ba/dzaferovic-dodik-iz-predsjednistva-odlazi-porazen-njemackoj-porucio-da-ne-zeli-dijalog/749392/,https://archive.ph/m53eO
https://hayat.ba/pocela-izborna-kampanja-preko-7000-kandidata-u-borbi-za-glasove/749126/,https://archive.ph/qd2gT